[
    {
        "client_msg_id": "1401a826-04b6-4a21-88f5-e766e6c0788f",
        "type": "message",
        "text": "120574 ACPH (Bay) 8\/18\n120575 ACPH (Bay) 8\/25\n120576 ACPH (Bay) 9\/1\n120577 ACPH (Bay) 9\/8",
        "user": "U04LYRG90QZ",
        "ts": "1689005775.461349",
        "blocks": [
            {
                "type": "rich_text",
                "block_id": "npgfs",
                "elements": [
                    {
                        "type": "rich_text_section",
                        "elements": [
                            {
                                "type": "text",
                                "text": "120574 ACPH (Bay) 8\/18\n120575 ACPH (Bay) 8\/25\n120576 ACPH (Bay) 9\/1\n120577 ACPH (Bay) 9\/8"
                            }
                        ]
                    }
                ]
            }
        ],
        "team": "T04LDH2CNBY",
        "user_team": "T04LDH2CNBY",
        "source_team": "T04LDH2CNBY",
        "user_profile": {
            "avatar_hash": "18034abdbce3",
            "image_72": "https:\/\/avatars.slack-edge.com\/2023-01-26\/4700726977909_18034abdbce385064283_72.jpg",
            "first_name": "Virginia",
            "real_name": "Virginia",
            "display_name": "Virginia",
            "team": "T04LDH2CNBY",
            "name": "virginia",
            "is_restricted": false,
            "is_ultra_restricted": false
        }
    },
    {
        "client_msg_id": "ab90e387-6dbd-418f-a455-bd4304262101",
        "type": "message",
        "text": "120578 ACPH (Bay) 7\/11",
        "user": "U04LYRG90QZ",
        "ts": "1689010129.835269",
        "blocks": [
            {
                "type": "rich_text",
                "block_id": "SBZt",
                "elements": [
                    {
                        "type": "rich_text_section",
                        "elements": [
                            {
                                "type": "text",
                                "text": "120578 ACPH (Bay) 7\/11"
                            }
                        ]
                    }
                ]
            }
        ],
        "team": "T04LDH2CNBY",
        "user_team": "T04LDH2CNBY",
        "source_team": "T04LDH2CNBY",
        "user_profile": {
            "avatar_hash": "18034abdbce3",
            "image_72": "https:\/\/avatars.slack-edge.com\/2023-01-26\/4700726977909_18034abdbce385064283_72.jpg",
            "first_name": "Virginia",
            "real_name": "Virginia",
            "display_name": "Virginia",
            "team": "T04LDH2CNBY",
            "name": "virginia",
            "is_restricted": false,
            "is_ultra_restricted": false
        }
    },
    {
        "client_msg_id": "aa521cb2-8941-4983-a151-c550e4145839",
        "type": "message",
        "text": "120579 ACPH (Bay) 8\/9",
        "user": "U04LYRG90QZ",
        "ts": "1689015894.211689",
        "blocks": [
            {
                "type": "rich_text",
                "block_id": "msI",
                "elements": [
                    {
                        "type": "rich_text_section",
                        "elements": [
                            {
                                "type": "text",
                                "text": "120579 ACPH (Bay) 8\/9"
                            }
                        ]
                    }
                ]
            }
        ],
        "team": "T04LDH2CNBY",
        "user_team": "T04LDH2CNBY",
        "source_team": "T04LDH2CNBY",
        "user_profile": {
            "avatar_hash": "18034abdbce3",
            "image_72": "https:\/\/avatars.slack-edge.com\/2023-01-26\/4700726977909_18034abdbce385064283_72.jpg",
            "first_name": "Virginia",
            "real_name": "Virginia",
            "display_name": "Virginia",
            "team": "T04LDH2CNBY",
            "name": "virginia",
            "is_restricted": false,
            "is_ultra_restricted": false
        }
    },
    {
        "client_msg_id": "6e819d85-f8e2-4061-8198-bfdb7ed0263a",
        "type": "message",
        "text": "120580 PV 7\/13",
        "user": "U04LYRG90QZ",
        "ts": "1689025013.658219",
        "blocks": [
            {
                "type": "rich_text",
                "block_id": "bS\/nA",
                "elements": [
                    {
                        "type": "rich_text_section",
                        "elements": [
                            {
                                "type": "text",
                                "text": "120580 PV 7\/13"
                            }
                        ]
                    }
                ]
            }
        ],
        "team": "T04LDH2CNBY",
        "user_team": "T04LDH2CNBY",
        "source_team": "T04LDH2CNBY",
        "user_profile": {
            "avatar_hash": "18034abdbce3",
            "image_72": "https:\/\/avatars.slack-edge.com\/2023-01-26\/4700726977909_18034abdbce385064283_72.jpg",
            "first_name": "Virginia",
            "real_name": "Virginia",
            "display_name": "Virginia",
            "team": "T04LDH2CNBY",
            "name": "virginia",
            "is_restricted": false,
            "is_ultra_restricted": false
        }
    },
    {
        "client_msg_id": "82d3f69d-c308-4044-a07f-b644f9f93adf",
        "type": "message",
        "text": "120581 CFT 7\/13",
        "user": "U04LYRG90QZ",
        "ts": "1689026066.877879",
        "blocks": [
            {
                "type": "rich_text",
                "block_id": "Gkf6i",
                "elements": [
                    {
                        "type": "rich_text_section",
                        "elements": [
                            {
                                "type": "text",
                                "text": "120581 CFT 7\/13"
                            }
                        ]
                    }
                ]
            }
        ],
        "team": "T04LDH2CNBY",
        "user_team": "T04LDH2CNBY",
        "source_team": "T04LDH2CNBY",
        "user_profile": {
            "avatar_hash": "18034abdbce3",
            "image_72": "https:\/\/avatars.slack-edge.com\/2023-01-26\/4700726977909_18034abdbce385064283_72.jpg",
            "first_name": "Virginia",
            "real_name": "Virginia",
            "display_name": "Virginia",
            "team": "T04LDH2CNBY",
            "name": "virginia",
            "is_restricted": false,
            "is_ultra_restricted": false
        }
    },
    {
        "client_msg_id": "9154586c-4f7e-4dfc-89a5-b4cf938f7db0",
        "type": "message",
        "text": "120582 BH 7\/17",
        "user": "U04LYRG90QZ",
        "ts": "1689027217.450779",
        "blocks": [
            {
                "type": "rich_text",
                "block_id": "hJI",
                "elements": [
                    {
                        "type": "rich_text_section",
                        "elements": [
                            {
                                "type": "text",
                                "text": "120582 BH 7\/17"
                            }
                        ]
                    }
                ]
            }
        ],
        "team": "T04LDH2CNBY",
        "user_team": "T04LDH2CNBY",
        "source_team": "T04LDH2CNBY",
        "user_profile": {
            "avatar_hash": "18034abdbce3",
            "image_72": "https:\/\/avatars.slack-edge.com\/2023-01-26\/4700726977909_18034abdbce385064283_72.jpg",
            "first_name": "Virginia",
            "real_name": "Virginia",
            "display_name": "Virginia",
            "team": "T04LDH2CNBY",
            "name": "virginia",
            "is_restricted": false,
            "is_ultra_restricted": false
        }
    },
    {
        "client_msg_id": "090ded6b-19e5-475f-8790-c1aa788ea4ac",
        "type": "message",
        "text": "120583 ACPH (Glankler) 7\/17",
        "user": "U04LYRG90QZ",
        "ts": "1689031609.162979",
        "blocks": [
            {
                "type": "rich_text",
                "block_id": "R=Mk",
                "elements": [
                    {
                        "type": "rich_text_section",
                        "elements": [
                            {
                                "type": "text",
                                "text": "120583 ACPH (Glankler) 7\/17"
                            }
                        ]
                    }
                ]
            }
        ],
        "team": "T04LDH2CNBY",
        "user_team": "T04LDH2CNBY",
        "source_team": "T04LDH2CNBY",
        "user_profile": {
            "avatar_hash": "18034abdbce3",
            "image_72": "https:\/\/avatars.slack-edge.com\/2023-01-26\/4700726977909_18034abdbce385064283_72.jpg",
            "first_name": "Virginia",
            "real_name": "Virginia",
            "display_name": "Virginia",
            "team": "T04LDH2CNBY",
            "name": "virginia",
            "is_restricted": false,
            "is_ultra_restricted": false
        }
    }
]