[
    {
        "client_msg_id": "3fdc8e9b-e116-4844-8ce3-256a2cb43ec2",
        "type": "message",
        "text": "120717 ACPH (Chavez) 8\/3",
        "user": "U04LYRG90QZ",
        "ts": "1690210794.437369",
        "blocks": [
            {
                "type": "rich_text",
                "block_id": "VIlR",
                "elements": [
                    {
                        "type": "rich_text_section",
                        "elements": [
                            {
                                "type": "text",
                                "text": "120717 ACPH (Chavez) 8\/3"
                            }
                        ]
                    }
                ]
            }
        ],
        "team": "T04LDH2CNBY",
        "user_team": "T04LDH2CNBY",
        "source_team": "T04LDH2CNBY",
        "user_profile": {
            "avatar_hash": "18034abdbce3",
            "image_72": "https:\/\/avatars.slack-edge.com\/2023-01-26\/4700726977909_18034abdbce385064283_72.jpg",
            "first_name": "Virginia",
            "real_name": "Virginia",
            "display_name": "Virginia",
            "team": "T04LDH2CNBY",
            "name": "virginia",
            "is_restricted": false,
            "is_ultra_restricted": false
        }
    },
    {
        "client_msg_id": "2ed6dd86-f15c-45e4-934a-c478459f6d0d",
        "type": "message",
        "text": "120718 CV 8\/1\n120719 CV 8\/1",
        "user": "U04LYRG90QZ",
        "ts": "1690212434.185529",
        "blocks": [
            {
                "type": "rich_text",
                "block_id": "i2U",
                "elements": [
                    {
                        "type": "rich_text_section",
                        "elements": [
                            {
                                "type": "text",
                                "text": "120718 CV 8\/1\n120719 CV 8\/1"
                            }
                        ]
                    }
                ]
            }
        ],
        "team": "T04LDH2CNBY",
        "user_team": "T04LDH2CNBY",
        "source_team": "T04LDH2CNBY",
        "user_profile": {
            "avatar_hash": "18034abdbce3",
            "image_72": "https:\/\/avatars.slack-edge.com\/2023-01-26\/4700726977909_18034abdbce385064283_72.jpg",
            "first_name": "Virginia",
            "real_name": "Virginia",
            "display_name": "Virginia",
            "team": "T04LDH2CNBY",
            "name": "virginia",
            "is_restricted": false,
            "is_ultra_restricted": false
        }
    },
    {
        "client_msg_id": "c434022a-4d1a-4b2b-b346-8c694a21154c",
        "type": "message",
        "text": "120720 ACPH (Bay) 7\/27",
        "user": "U04LYRG90QZ",
        "ts": "1690215435.463379",
        "blocks": [
            {
                "type": "rich_text",
                "block_id": "OwT3x",
                "elements": [
                    {
                        "type": "rich_text_section",
                        "elements": [
                            {
                                "type": "text",
                                "text": "120720 ACPH (Bay) 7\/27"
                            }
                        ]
                    }
                ]
            }
        ],
        "team": "T04LDH2CNBY",
        "user_team": "T04LDH2CNBY",
        "source_team": "T04LDH2CNBY",
        "user_profile": {
            "avatar_hash": "18034abdbce3",
            "image_72": "https:\/\/avatars.slack-edge.com\/2023-01-26\/4700726977909_18034abdbce385064283_72.jpg",
            "first_name": "Virginia",
            "real_name": "Virginia",
            "display_name": "Virginia",
            "team": "T04LDH2CNBY",
            "name": "virginia",
            "is_restricted": false,
            "is_ultra_restricted": false
        }
    },
    {
        "client_msg_id": "1d0d8354-ce04-4354-a163-067ca1b25c78",
        "type": "message",
        "text": "120721 - FEMA - 8\/1\n120722 - FEMA - 8\/2\n120723 - FEMA - 8\/3",
        "user": "U04LYRG90QZ",
        "ts": "1690224802.867519",
        "blocks": [
            {
                "type": "rich_text",
                "block_id": "p2X",
                "elements": [
                    {
                        "type": "rich_text_section",
                        "elements": [
                            {
                                "type": "text",
                                "text": "120721 - FEMA - 8\/1\n120722 - FEMA - 8\/2\n120723 - FEMA - 8\/3"
                            }
                        ]
                    }
                ]
            }
        ],
        "team": "T04LDH2CNBY",
        "user_team": "T04LDH2CNBY",
        "source_team": "T04LDH2CNBY",
        "user_profile": {
            "avatar_hash": "18034abdbce3",
            "image_72": "https:\/\/avatars.slack-edge.com\/2023-01-26\/4700726977909_18034abdbce385064283_72.jpg",
            "first_name": "Virginia",
            "real_name": "Virginia",
            "display_name": "Virginia",
            "team": "T04LDH2CNBY",
            "name": "virginia",
            "is_restricted": false,
            "is_ultra_restricted": false
        }
    },
    {
        "client_msg_id": "1480981a-de32-459c-a865-0e0af65b2e2c",
        "type": "message",
        "text": "120724 CFT 7\/31",
        "user": "U04LYRG90QZ",
        "ts": "1690231820.590229",
        "blocks": [
            {
                "type": "rich_text",
                "block_id": "VJZxU",
                "elements": [
                    {
                        "type": "rich_text_section",
                        "elements": [
                            {
                                "type": "text",
                                "text": "120724 CFT 7\/31"
                            }
                        ]
                    }
                ]
            }
        ],
        "team": "T04LDH2CNBY",
        "user_team": "T04LDH2CNBY",
        "source_team": "T04LDH2CNBY",
        "user_profile": {
            "avatar_hash": "18034abdbce3",
            "image_72": "https:\/\/avatars.slack-edge.com\/2023-01-26\/4700726977909_18034abdbce385064283_72.jpg",
            "first_name": "Virginia",
            "real_name": "Virginia",
            "display_name": "Virginia",
            "team": "T04LDH2CNBY",
            "name": "virginia",
            "is_restricted": false,
            "is_ultra_restricted": false
        }
    },
    {
        "client_msg_id": "820bcc2e-6eae-432a-b63a-473992e7ce38",
        "type": "message",
        "text": "120725 CFT 8\/1",
        "user": "U04LYRG90QZ",
        "ts": "1690231830.819499",
        "blocks": [
            {
                "type": "rich_text",
                "block_id": "b91X",
                "elements": [
                    {
                        "type": "rich_text_section",
                        "elements": [
                            {
                                "type": "text",
                                "text": "120725 CFT 8\/1"
                            }
                        ]
                    }
                ]
            }
        ],
        "team": "T04LDH2CNBY",
        "user_team": "T04LDH2CNBY",
        "source_team": "T04LDH2CNBY",
        "user_profile": {
            "avatar_hash": "18034abdbce3",
            "image_72": "https:\/\/avatars.slack-edge.com\/2023-01-26\/4700726977909_18034abdbce385064283_72.jpg",
            "first_name": "Virginia",
            "real_name": "Virginia",
            "display_name": "Virginia",
            "team": "T04LDH2CNBY",
            "name": "virginia",
            "is_restricted": false,
            "is_ultra_restricted": false
        }
    },
    {
        "client_msg_id": "a193bb6c-435a-4de0-b04a-6e31fc129589",
        "type": "message",
        "text": "120726 BH (JR) 7\/26",
        "user": "U04LYRG90QZ",
        "ts": "1690236884.758269",
        "blocks": [
            {
                "type": "rich_text",
                "block_id": "8jwVz",
                "elements": [
                    {
                        "type": "rich_text_section",
                        "elements": [
                            {
                                "type": "text",
                                "text": "120726 BH (JR) 7\/26"
                            }
                        ]
                    }
                ]
            }
        ],
        "team": "T04LDH2CNBY",
        "user_team": "T04LDH2CNBY",
        "source_team": "T04LDH2CNBY",
        "user_profile": {
            "avatar_hash": "18034abdbce3",
            "image_72": "https:\/\/avatars.slack-edge.com\/2023-01-26\/4700726977909_18034abdbce385064283_72.jpg",
            "first_name": "Virginia",
            "real_name": "Virginia",
            "display_name": "Virginia",
            "team": "T04LDH2CNBY",
            "name": "virginia",
            "is_restricted": false,
            "is_ultra_restricted": false
        }
    }
]