[
    {
        "client_msg_id": "3940e871-634e-4bc2-b228-d66784d050d1",
        "type": "message",
        "text": "121026 EBCLO 8\/22",
        "user": "U04LYRG90QZ",
        "ts": "1692470437.974919",
        "blocks": [
            {
                "type": "rich_text",
                "block_id": "scIP",
                "elements": [
                    {
                        "type": "rich_text_section",
                        "elements": [
                            {
                                "type": "text",
                                "text": "121026 EBCLO 8\/22"
                            }
                        ]
                    }
                ]
            }
        ],
        "team": "T04LDH2CNBY",
        "user_team": "T04LDH2CNBY",
        "source_team": "T04LDH2CNBY",
        "user_profile": {
            "avatar_hash": "18034abdbce3",
            "image_72": "https:\/\/avatars.slack-edge.com\/2023-01-26\/4700726977909_18034abdbce385064283_72.jpg",
            "first_name": "Virginia",
            "real_name": "Virginia",
            "display_name": "Virginia",
            "team": "T04LDH2CNBY",
            "name": "virginia",
            "is_restricted": false,
            "is_ultra_restricted": false
        }
    }
]