[
    {
        "client_msg_id": "08a9154f-ae1e-4e32-8d50-b6660aa7f0b8",
        "type": "message",
        "text": "120564 ACPH (Bay) 7\/12",
        "user": "U04LYRG90QZ",
        "ts": "1688759874.693719",
        "blocks": [
            {
                "type": "rich_text",
                "block_id": "P2Hb",
                "elements": [
                    {
                        "type": "rich_text_section",
                        "elements": [
                            {
                                "type": "text",
                                "text": "120564 ACPH (Bay) 7\/12"
                            }
                        ]
                    }
                ]
            }
        ],
        "team": "T04LDH2CNBY",
        "user_team": "T04LDH2CNBY",
        "source_team": "T04LDH2CNBY",
        "user_profile": {
            "avatar_hash": "18034abdbce3",
            "image_72": "https:\/\/avatars.slack-edge.com\/2023-01-26\/4700726977909_18034abdbce385064283_72.jpg",
            "first_name": "Virginia",
            "real_name": "Virginia",
            "display_name": "Virginia",
            "team": "T04LDH2CNBY",
            "name": "virginia",
            "is_restricted": false,
            "is_ultra_restricted": false
        }
    },
    {
        "client_msg_id": "0824c5f3-f202-4547-abb5-49b6cdfda19e",
        "type": "message",
        "text": "120565 ACPH (Bay) 7\/13\n120566 ACPH (Bay) 7\/25",
        "user": "U04LYRG90QZ",
        "ts": "1688759899.508009",
        "blocks": [
            {
                "type": "rich_text",
                "block_id": "E4vD",
                "elements": [
                    {
                        "type": "rich_text_section",
                        "elements": [
                            {
                                "type": "text",
                                "text": "120565 ACPH (Bay) 7\/13\n120566 ACPH (Bay) 7\/25"
                            }
                        ]
                    }
                ]
            }
        ],
        "team": "T04LDH2CNBY",
        "user_team": "T04LDH2CNBY",
        "source_team": "T04LDH2CNBY",
        "user_profile": {
            "avatar_hash": "18034abdbce3",
            "image_72": "https:\/\/avatars.slack-edge.com\/2023-01-26\/4700726977909_18034abdbce385064283_72.jpg",
            "first_name": "Virginia",
            "real_name": "Virginia",
            "display_name": "Virginia",
            "team": "T04LDH2CNBY",
            "name": "virginia",
            "is_restricted": false,
            "is_ultra_restricted": false
        }
    },
    {
        "client_msg_id": "6b890a2a-b657-490a-b497-d8df804c7af4",
        "type": "message",
        "text": "120567 ACPH (Chavez) 7\/19",
        "user": "U04LYRG90QZ",
        "ts": "1688760496.453179",
        "blocks": [
            {
                "type": "rich_text",
                "block_id": "JSB",
                "elements": [
                    {
                        "type": "rich_text_section",
                        "elements": [
                            {
                                "type": "text",
                                "text": "120567 ACPH (Chavez) 7\/19"
                            }
                        ]
                    }
                ]
            }
        ],
        "team": "T04LDH2CNBY",
        "user_team": "T04LDH2CNBY",
        "source_team": "T04LDH2CNBY",
        "user_profile": {
            "avatar_hash": "18034abdbce3",
            "image_72": "https:\/\/avatars.slack-edge.com\/2023-01-26\/4700726977909_18034abdbce385064283_72.jpg",
            "first_name": "Virginia",
            "real_name": "Virginia",
            "display_name": "Virginia",
            "team": "T04LDH2CNBY",
            "name": "virginia",
            "is_restricted": false,
            "is_ultra_restricted": false
        }
    },
    {
        "client_msg_id": "ab628645-b07f-4615-8dd2-67ce3b9a2995",
        "type": "message",
        "text": "120568 ACPH (Chavez) 8\/21\n120569ACPH (Chavez) 8\/29\n120570 ACPH (Chavez) 9\/6\n120571 ACPH (Chavez) 9\/18",
        "user": "U04LYRG90QZ",
        "ts": "1688760785.162919",
        "blocks": [
            {
                "type": "rich_text",
                "block_id": "+LSbK",
                "elements": [
                    {
                        "type": "rich_text_section",
                        "elements": [
                            {
                                "type": "text",
                                "text": "120568 ACPH (Chavez) 8\/21\n120569ACPH (Chavez) 8\/29\n120570 ACPH (Chavez) 9\/6\n120571 ACPH (Chavez) 9\/18"
                            }
                        ]
                    }
                ]
            }
        ],
        "team": "T04LDH2CNBY",
        "user_team": "T04LDH2CNBY",
        "source_team": "T04LDH2CNBY",
        "user_profile": {
            "avatar_hash": "18034abdbce3",
            "image_72": "https:\/\/avatars.slack-edge.com\/2023-01-26\/4700726977909_18034abdbce385064283_72.jpg",
            "first_name": "Virginia",
            "real_name": "Virginia",
            "display_name": "Virginia",
            "team": "T04LDH2CNBY",
            "name": "virginia",
            "is_restricted": false,
            "is_ultra_restricted": false
        }
    },
    {
        "client_msg_id": "91dfb873-2108-4fbd-8e90-c659a995a5cc",
        "type": "message",
        "text": "120572 ACPH (Chavez) 7\/11",
        "user": "U04LYRG90QZ",
        "ts": "1688763962.272819",
        "blocks": [
            {
                "type": "rich_text",
                "block_id": "TKV",
                "elements": [
                    {
                        "type": "rich_text_section",
                        "elements": [
                            {
                                "type": "text",
                                "text": "120572 ACPH (Chavez) 7\/11"
                            }
                        ]
                    }
                ]
            }
        ],
        "team": "T04LDH2CNBY",
        "user_team": "T04LDH2CNBY",
        "source_team": "T04LDH2CNBY",
        "user_profile": {
            "avatar_hash": "18034abdbce3",
            "image_72": "https:\/\/avatars.slack-edge.com\/2023-01-26\/4700726977909_18034abdbce385064283_72.jpg",
            "first_name": "Virginia",
            "real_name": "Virginia",
            "display_name": "Virginia",
            "team": "T04LDH2CNBY",
            "name": "virginia",
            "is_restricted": false,
            "is_ultra_restricted": false
        }
    },
    {
        "client_msg_id": "9ddcdf4e-c1db-47e8-aa98-bb8e53dffea5",
        "type": "message",
        "text": "120573 ACPH (Glankler) 8\/7",
        "user": "U04LYRG90QZ",
        "ts": "1688773874.546679",
        "blocks": [
            {
                "type": "rich_text",
                "block_id": "iywn",
                "elements": [
                    {
                        "type": "rich_text_section",
                        "elements": [
                            {
                                "type": "text",
                                "text": "120573 ACPH (Glankler) 8\/7"
                            }
                        ]
                    }
                ]
            }
        ],
        "team": "T04LDH2CNBY",
        "user_team": "T04LDH2CNBY",
        "source_team": "T04LDH2CNBY",
        "user_profile": {
            "avatar_hash": "18034abdbce3",
            "image_72": "https:\/\/avatars.slack-edge.com\/2023-01-26\/4700726977909_18034abdbce385064283_72.jpg",
            "first_name": "Virginia",
            "real_name": "Virginia",
            "display_name": "Virginia",
            "team": "T04LDH2CNBY",
            "name": "virginia",
            "is_restricted": false,
            "is_ultra_restricted": false
        }
    }
]