[
    {
        "client_msg_id": "fe052f43-2c0a-48d6-a51a-460f35cfdffd",
        "type": "message",
        "text": "121926 ACPH (Glankler) 10\/30\n121927 ACPH (Glankler) 10\/30",
        "user": "U04LYRG90QZ",
        "ts": "1698681600.672789",
        "blocks": [
            {
                "type": "rich_text",
                "block_id": "+5uqY",
                "elements": [
                    {
                        "type": "rich_text_section",
                        "elements": [
                            {
                                "type": "text",
                                "text": "121926 ACPH (Glankler) 10\/30\n121927 ACPH (Glankler) 10\/30"
                            }
                        ]
                    }
                ]
            }
        ],
        "team": "T04LDH2CNBY",
        "user_team": "T04LDH2CNBY",
        "source_team": "T04LDH2CNBY",
        "user_profile": {
            "avatar_hash": "18034abdbce3",
            "image_72": "https:\/\/avatars.slack-edge.com\/2023-01-26\/4700726977909_18034abdbce385064283_72.jpg",
            "first_name": "Virginia",
            "real_name": "Virginia",
            "display_name": "Virginia",
            "team": "T04LDH2CNBY",
            "name": "virginia",
            "is_restricted": false,
            "is_ultra_restricted": false
        }
    },
    {
        "client_msg_id": "5d08ca30-d4b7-4462-8032-a7ed63ae45bd",
        "type": "message",
        "text": "121928 BH (MS) 10\/31",
        "user": "U04LYRG90QZ",
        "ts": "1698684223.098759",
        "blocks": [
            {
                "type": "rich_text",
                "block_id": "\/qKNE",
                "elements": [
                    {
                        "type": "rich_text_section",
                        "elements": [
                            {
                                "type": "text",
                                "text": "121928 BH (MS) 10\/31"
                            }
                        ]
                    }
                ]
            }
        ],
        "team": "T04LDH2CNBY",
        "user_team": "T04LDH2CNBY",
        "source_team": "T04LDH2CNBY",
        "user_profile": {
            "avatar_hash": "18034abdbce3",
            "image_72": "https:\/\/avatars.slack-edge.com\/2023-01-26\/4700726977909_18034abdbce385064283_72.jpg",
            "first_name": "Virginia",
            "real_name": "Virginia",
            "display_name": "Virginia",
            "team": "T04LDH2CNBY",
            "name": "virginia",
            "is_restricted": false,
            "is_ultra_restricted": false
        },
        "edited": {
            "user": "U04LYRG90QZ",
            "ts": "1698686156.000000"
        }
    },
    {
        "client_msg_id": "8984cc26-e9bd-40c0-a0af-c758e6a979da",
        "type": "message",
        "text": "121929 Napa 11\/14",
        "user": "U04LYRG90QZ",
        "ts": "1698690042.142019",
        "blocks": [
            {
                "type": "rich_text",
                "block_id": "Y4Z5U",
                "elements": [
                    {
                        "type": "rich_text_section",
                        "elements": [
                            {
                                "type": "text",
                                "text": "121929 Napa 11\/14"
                            }
                        ]
                    }
                ]
            }
        ],
        "team": "T04LDH2CNBY",
        "user_team": "T04LDH2CNBY",
        "source_team": "T04LDH2CNBY",
        "user_profile": {
            "avatar_hash": "18034abdbce3",
            "image_72": "https:\/\/avatars.slack-edge.com\/2023-01-26\/4700726977909_18034abdbce385064283_72.jpg",
            "first_name": "Virginia",
            "real_name": "Virginia",
            "display_name": "Virginia",
            "team": "T04LDH2CNBY",
            "name": "virginia",
            "is_restricted": false,
            "is_ultra_restricted": false
        }
    },
    {
        "client_msg_id": "2c352c73-eec5-4bf2-aeab-8b1432296492",
        "type": "message",
        "text": "121930 CFT 11\/1",
        "user": "U04LYRG90QZ",
        "ts": "1698690092.585629",
        "blocks": [
            {
                "type": "rich_text",
                "block_id": "wn7NC",
                "elements": [
                    {
                        "type": "rich_text_section",
                        "elements": [
                            {
                                "type": "text",
                                "text": "121930 CFT 11\/1"
                            }
                        ]
                    }
                ]
            }
        ],
        "team": "T04LDH2CNBY",
        "user_team": "T04LDH2CNBY",
        "source_team": "T04LDH2CNBY",
        "user_profile": {
            "avatar_hash": "18034abdbce3",
            "image_72": "https:\/\/avatars.slack-edge.com\/2023-01-26\/4700726977909_18034abdbce385064283_72.jpg",
            "first_name": "Virginia",
            "real_name": "Virginia",
            "display_name": "Virginia",
            "team": "T04LDH2CNBY",
            "name": "virginia",
            "is_restricted": false,
            "is_ultra_restricted": false
        }
    },
    {
        "client_msg_id": "0b0b6f7d-99f3-4328-85c8-a0394b18ddc2",
        "type": "message",
        "text": "121931 BH (CN) 10\/31\n121932 BH (MP) 10\/31\n121933 BH (ES) 10\/31",
        "user": "U04LYRG90QZ",
        "ts": "1698692864.214329",
        "blocks": [
            {
                "type": "rich_text",
                "block_id": "pbVXC",
                "elements": [
                    {
                        "type": "rich_text_section",
                        "elements": [
                            {
                                "type": "text",
                                "text": "121931 BH (CN) 10\/31\n121932 BH (MP) 10\/31\n121933 BH (ES) 10\/31"
                            }
                        ]
                    }
                ]
            }
        ],
        "team": "T04LDH2CNBY",
        "user_team": "T04LDH2CNBY",
        "source_team": "T04LDH2CNBY",
        "user_profile": {
            "avatar_hash": "18034abdbce3",
            "image_72": "https:\/\/avatars.slack-edge.com\/2023-01-26\/4700726977909_18034abdbce385064283_72.jpg",
            "first_name": "Virginia",
            "real_name": "Virginia",
            "display_name": "Virginia",
            "team": "T04LDH2CNBY",
            "name": "virginia",
            "is_restricted": false,
            "is_ultra_restricted": false
        }
    },
    {
        "client_msg_id": "19557217-35d0-481d-87d4-f99590ce411b",
        "type": "message",
        "text": "121934 BH (CM) 11\/1\n121935 BH (WX) 11\/1",
        "user": "U04LYRG90QZ",
        "ts": "1698693615.259559",
        "blocks": [
            {
                "type": "rich_text",
                "block_id": "HQ0St",
                "elements": [
                    {
                        "type": "rich_text_section",
                        "elements": [
                            {
                                "type": "text",
                                "text": "121934 BH (CM) 11\/1\n121935 BH (WX) 11\/1"
                            }
                        ]
                    }
                ]
            }
        ],
        "team": "T04LDH2CNBY",
        "user_team": "T04LDH2CNBY",
        "source_team": "T04LDH2CNBY",
        "user_profile": {
            "avatar_hash": "18034abdbce3",
            "image_72": "https:\/\/avatars.slack-edge.com\/2023-01-26\/4700726977909_18034abdbce385064283_72.jpg",
            "first_name": "Virginia",
            "real_name": "Virginia",
            "display_name": "Virginia",
            "team": "T04LDH2CNBY",
            "name": "virginia",
            "is_restricted": false,
            "is_ultra_restricted": false
        }
    },
    {
        "client_msg_id": "0ecbd1b2-6c84-4ea8-85a5-1c59e7e6e6a0",
        "type": "message",
        "text": "121936 BH (JC) 11\/2\n121937 BH (SR) 11\/2\n121938 BH (RS) 11\/2",
        "user": "U04LYRG90QZ",
        "ts": "1698694014.556829",
        "blocks": [
            {
                "type": "rich_text",
                "block_id": "ZQC00",
                "elements": [
                    {
                        "type": "rich_text_section",
                        "elements": [
                            {
                                "type": "text",
                                "text": "121936 BH (JC) 11\/2\n121937 BH (SR) 11\/2\n121938 BH (RS) 11\/2"
                            }
                        ]
                    }
                ]
            }
        ],
        "team": "T04LDH2CNBY",
        "user_team": "T04LDH2CNBY",
        "source_team": "T04LDH2CNBY",
        "user_profile": {
            "avatar_hash": "18034abdbce3",
            "image_72": "https:\/\/avatars.slack-edge.com\/2023-01-26\/4700726977909_18034abdbce385064283_72.jpg",
            "first_name": "Virginia",
            "real_name": "Virginia",
            "display_name": "Virginia",
            "team": "T04LDH2CNBY",
            "name": "virginia",
            "is_restricted": false,
            "is_ultra_restricted": false
        }
    },
    {
        "client_msg_id": "0f2e4bad-fcf7-480f-a589-563a57e35136",
        "type": "message",
        "text": "121939 BH 11\/28\n121940 BH 12\/22",
        "user": "U04LYRG90QZ",
        "ts": "1698699169.350609",
        "blocks": [
            {
                "type": "rich_text",
                "block_id": "O4tXd",
                "elements": [
                    {
                        "type": "rich_text_section",
                        "elements": [
                            {
                                "type": "text",
                                "text": "121939 BH 11\/28\n121940 BH 12\/22"
                            }
                        ]
                    }
                ]
            }
        ],
        "team": "T04LDH2CNBY",
        "user_team": "T04LDH2CNBY",
        "source_team": "T04LDH2CNBY",
        "user_profile": {
            "avatar_hash": "18034abdbce3",
            "image_72": "https:\/\/avatars.slack-edge.com\/2023-01-26\/4700726977909_18034abdbce385064283_72.jpg",
            "first_name": "Virginia",
            "real_name": "Virginia",
            "display_name": "Virginia",
            "team": "T04LDH2CNBY",
            "name": "virginia",
            "is_restricted": false,
            "is_ultra_restricted": false
        },
        "edited": {
            "user": "U04LYRG90QZ",
            "ts": "1698699176.000000"
        }
    },
    {
        "client_msg_id": "0a8ccb4e-3e70-4ebb-9c3a-ffc9b7407008",
        "type": "message",
        "text": "121941 ACPH (Glankler) 12\/20\n121942 ACPH (Glankler) 12\/27\n121943 ACPH (Glankler) 1\/3\n121944 ACPH (Glankler) 1\/10",
        "user": "U04LYRG90QZ",
        "ts": "1698703056.123329",
        "blocks": [
            {
                "type": "rich_text",
                "block_id": "bIfly",
                "elements": [
                    {
                        "type": "rich_text_section",
                        "elements": [
                            {
                                "type": "text",
                                "text": "121941 ACPH (Glankler) 12\/20\n121942 ACPH (Glankler) 12\/27\n121943 ACPH (Glankler) 1\/3\n121944 ACPH (Glankler) 1\/10"
                            }
                        ]
                    }
                ]
            }
        ],
        "team": "T04LDH2CNBY",
        "user_team": "T04LDH2CNBY",
        "source_team": "T04LDH2CNBY",
        "user_profile": {
            "avatar_hash": "18034abdbce3",
            "image_72": "https:\/\/avatars.slack-edge.com\/2023-01-26\/4700726977909_18034abdbce385064283_72.jpg",
            "first_name": "Virginia",
            "real_name": "Virginia",
            "display_name": "Virginia",
            "team": "T04LDH2CNBY",
            "name": "virginia",
            "is_restricted": false,
            "is_ultra_restricted": false
        }
    },
    {
        "client_msg_id": "d85c823a-da50-4719-afa4-697590dacab4",
        "type": "message",
        "text": "121945 CV 11\/7\n121946 CV 11\/7\n121947 CV 12\/12\n121948 CV 12\/12\n121949 CV 2\/6\n121950 CV 2\/6\n121951 CV 4\/9\n121952 CV 4\/9",
        "user": "U04LYRG90QZ",
        "ts": "1698703311.588209",
        "blocks": [
            {
                "type": "rich_text",
                "block_id": "TT7eS",
                "elements": [
                    {
                        "type": "rich_text_section",
                        "elements": [
                            {
                                "type": "text",
                                "text": "121945 CV 11\/7\n121946 CV 11\/7\n121947 CV 12\/12\n121948 CV 12\/12\n121949 CV 2\/6\n121950 CV 2\/6\n121951 CV 4\/9\n121952 CV 4\/9"
                            }
                        ]
                    }
                ]
            }
        ],
        "team": "T04LDH2CNBY",
        "user_team": "T04LDH2CNBY",
        "source_team": "T04LDH2CNBY",
        "user_profile": {
            "avatar_hash": "18034abdbce3",
            "image_72": "https:\/\/avatars.slack-edge.com\/2023-01-26\/4700726977909_18034abdbce385064283_72.jpg",
            "first_name": "Virginia",
            "real_name": "Virginia",
            "display_name": "Virginia",
            "team": "T04LDH2CNBY",
            "name": "virginia",
            "is_restricted": false,
            "is_ultra_restricted": false
        }
    },
    {
        "client_msg_id": "b2738f29-a74f-491f-88ca-ecbc131b1db9",
        "type": "message",
        "text": "121953 SSA 11\/5",
        "user": "U04LYRG90QZ",
        "ts": "1698707750.223179",
        "blocks": [
            {
                "type": "rich_text",
                "block_id": "\/eJfn",
                "elements": [
                    {
                        "type": "rich_text_section",
                        "elements": [
                            {
                                "type": "text",
                                "text": "121953 SSA 11\/5"
                            }
                        ]
                    }
                ]
            }
        ],
        "team": "T04LDH2CNBY",
        "user_team": "T04LDH2CNBY",
        "source_team": "T04LDH2CNBY",
        "user_profile": {
            "avatar_hash": "18034abdbce3",
            "image_72": "https:\/\/avatars.slack-edge.com\/2023-01-26\/4700726977909_18034abdbce385064283_72.jpg",
            "first_name": "Virginia",
            "real_name": "Virginia",
            "display_name": "Virginia",
            "team": "T04LDH2CNBY",
            "name": "virginia",
            "is_restricted": false,
            "is_ultra_restricted": false
        }
    }
]