[
    {
        "client_msg_id": "fa2a26ef-8258-4fef-9683-0c7aad8a3a56",
        "type": "message",
        "text": "120002 CV 5\/11",
        "user": "U04LYRG90QZ",
        "ts": "1683814301.240869",
        "blocks": [
            {
                "type": "rich_text",
                "block_id": "L8aX",
                "elements": [
                    {
                        "type": "rich_text_section",
                        "elements": [
                            {
                                "type": "text",
                                "text": "120002 CV 5\/11"
                            }
                        ]
                    }
                ]
            }
        ],
        "team": "T04LDH2CNBY",
        "user_team": "T04LDH2CNBY",
        "source_team": "T04LDH2CNBY",
        "user_profile": {
            "avatar_hash": "18034abdbce3",
            "image_72": "https:\/\/avatars.slack-edge.com\/2023-01-26\/4700726977909_18034abdbce385064283_72.jpg",
            "first_name": "Virginia",
            "real_name": "Virginia",
            "display_name": "Virginia",
            "team": "T04LDH2CNBY",
            "name": "virginia",
            "is_restricted": false,
            "is_ultra_restricted": false
        }
    },
    {
        "client_msg_id": "0b4c0327-83be-47c4-ba5b-22f378269948",
        "type": "message",
        "text": "120003 CV 5\/18",
        "user": "U04LYRG90QZ",
        "ts": "1683817724.101369",
        "blocks": [
            {
                "type": "rich_text",
                "block_id": "9Pv\/Z",
                "elements": [
                    {
                        "type": "rich_text_section",
                        "elements": [
                            {
                                "type": "text",
                                "text": "120003 CV 5\/18"
                            }
                        ]
                    }
                ]
            }
        ],
        "team": "T04LDH2CNBY",
        "user_team": "T04LDH2CNBY",
        "source_team": "T04LDH2CNBY",
        "user_profile": {
            "avatar_hash": "18034abdbce3",
            "image_72": "https:\/\/avatars.slack-edge.com\/2023-01-26\/4700726977909_18034abdbce385064283_72.jpg",
            "first_name": "Virginia",
            "real_name": "Virginia",
            "display_name": "Virginia",
            "team": "T04LDH2CNBY",
            "name": "virginia",
            "is_restricted": false,
            "is_ultra_restricted": false
        }
    },
    {
        "client_msg_id": "2e3a7f59-ce11-4061-ba7b-4b722ed6843b",
        "type": "message",
        "text": "120004 SL 5\/11",
        "user": "U04LYRG90QZ",
        "ts": "1683818499.565019",
        "blocks": [
            {
                "type": "rich_text",
                "block_id": "nA0",
                "elements": [
                    {
                        "type": "rich_text_section",
                        "elements": [
                            {
                                "type": "text",
                                "text": "120004 SL 5\/11"
                            }
                        ]
                    }
                ]
            }
        ],
        "team": "T04LDH2CNBY",
        "user_team": "T04LDH2CNBY",
        "source_team": "T04LDH2CNBY",
        "user_profile": {
            "avatar_hash": "18034abdbce3",
            "image_72": "https:\/\/avatars.slack-edge.com\/2023-01-26\/4700726977909_18034abdbce385064283_72.jpg",
            "first_name": "Virginia",
            "real_name": "Virginia",
            "display_name": "Virginia",
            "team": "T04LDH2CNBY",
            "name": "virginia",
            "is_restricted": false,
            "is_ultra_restricted": false
        },
        "edited": {
            "user": "U04LYRG90QZ",
            "ts": "1683818508.000000"
        }
    },
    {
        "client_msg_id": "4b6d2aed-f917-4729-aa10-e4a2bf924a0e",
        "type": "message",
        "text": "120005 ACPH (Bay) 5\/17",
        "user": "U04LYRG90QZ",
        "ts": "1683820009.689089",
        "blocks": [
            {
                "type": "rich_text",
                "block_id": "fnD",
                "elements": [
                    {
                        "type": "rich_text_section",
                        "elements": [
                            {
                                "type": "text",
                                "text": "120005 ACPH (Bay) 5\/17"
                            }
                        ]
                    }
                ]
            }
        ],
        "team": "T04LDH2CNBY",
        "user_team": "T04LDH2CNBY",
        "source_team": "T04LDH2CNBY",
        "user_profile": {
            "avatar_hash": "18034abdbce3",
            "image_72": "https:\/\/avatars.slack-edge.com\/2023-01-26\/4700726977909_18034abdbce385064283_72.jpg",
            "first_name": "Virginia",
            "real_name": "Virginia",
            "display_name": "Virginia",
            "team": "T04LDH2CNBY",
            "name": "virginia",
            "is_restricted": false,
            "is_ultra_restricted": false
        }
    },
    {
        "client_msg_id": "451d9736-bb55-4617-b470-f58b377e0ca3",
        "type": "message",
        "text": "120006 ACPH (Bay) 5\/15",
        "user": "U04LYRG90QZ",
        "ts": "1683820311.620419",
        "blocks": [
            {
                "type": "rich_text",
                "block_id": "S0Y",
                "elements": [
                    {
                        "type": "rich_text_section",
                        "elements": [
                            {
                                "type": "text",
                                "text": "120006 ACPH (Bay) 5\/15"
                            }
                        ]
                    }
                ]
            }
        ],
        "team": "T04LDH2CNBY",
        "user_team": "T04LDH2CNBY",
        "source_team": "T04LDH2CNBY",
        "user_profile": {
            "avatar_hash": "18034abdbce3",
            "image_72": "https:\/\/avatars.slack-edge.com\/2023-01-26\/4700726977909_18034abdbce385064283_72.jpg",
            "first_name": "Virginia",
            "real_name": "Virginia",
            "display_name": "Virginia",
            "team": "T04LDH2CNBY",
            "name": "virginia",
            "is_restricted": false,
            "is_ultra_restricted": false
        }
    },
    {
        "client_msg_id": "65d1098f-8f98-4b54-b602-f2d68325a3cc",
        "type": "message",
        "text": "120007 ACPH (Bay) 5\/15",
        "user": "U04LYRG90QZ",
        "ts": "1683820425.105689",
        "blocks": [
            {
                "type": "rich_text",
                "block_id": "ohQv",
                "elements": [
                    {
                        "type": "rich_text_section",
                        "elements": [
                            {
                                "type": "text",
                                "text": "120007 ACPH (Bay) 5\/15"
                            }
                        ]
                    }
                ]
            }
        ],
        "team": "T04LDH2CNBY",
        "user_team": "T04LDH2CNBY",
        "source_team": "T04LDH2CNBY",
        "user_profile": {
            "avatar_hash": "18034abdbce3",
            "image_72": "https:\/\/avatars.slack-edge.com\/2023-01-26\/4700726977909_18034abdbce385064283_72.jpg",
            "first_name": "Virginia",
            "real_name": "Virginia",
            "display_name": "Virginia",
            "team": "T04LDH2CNBY",
            "name": "virginia",
            "is_restricted": false,
            "is_ultra_restricted": false
        }
    },
    {
        "client_msg_id": "913ba606-5881-4601-890d-197192295075",
        "type": "message",
        "text": "120008 CFT 5\/11",
        "user": "U04LYRG90QZ",
        "ts": "1683821557.158189",
        "blocks": [
            {
                "type": "rich_text",
                "block_id": "6b47",
                "elements": [
                    {
                        "type": "rich_text_section",
                        "elements": [
                            {
                                "type": "text",
                                "text": "120008 CFT 5\/11"
                            }
                        ]
                    }
                ]
            }
        ],
        "team": "T04LDH2CNBY",
        "user_team": "T04LDH2CNBY",
        "source_team": "T04LDH2CNBY",
        "user_profile": {
            "avatar_hash": "18034abdbce3",
            "image_72": "https:\/\/avatars.slack-edge.com\/2023-01-26\/4700726977909_18034abdbce385064283_72.jpg",
            "first_name": "Virginia",
            "real_name": "Virginia",
            "display_name": "Virginia",
            "team": "T04LDH2CNBY",
            "name": "virginia",
            "is_restricted": false,
            "is_ultra_restricted": false
        }
    },
    {
        "client_msg_id": "1b51a00c-003f-4d96-91b6-6f5a084a9fd4",
        "type": "message",
        "text": "120009 CFT 5\/11",
        "user": "U04LYRG90QZ",
        "ts": "1683821988.873579",
        "blocks": [
            {
                "type": "rich_text",
                "block_id": "L6Fp7",
                "elements": [
                    {
                        "type": "rich_text_section",
                        "elements": [
                            {
                                "type": "text",
                                "text": "120009 CFT 5\/11"
                            }
                        ]
                    }
                ]
            }
        ],
        "team": "T04LDH2CNBY",
        "user_team": "T04LDH2CNBY",
        "source_team": "T04LDH2CNBY",
        "user_profile": {
            "avatar_hash": "18034abdbce3",
            "image_72": "https:\/\/avatars.slack-edge.com\/2023-01-26\/4700726977909_18034abdbce385064283_72.jpg",
            "first_name": "Virginia",
            "real_name": "Virginia",
            "display_name": "Virginia",
            "team": "T04LDH2CNBY",
            "name": "virginia",
            "is_restricted": false,
            "is_ultra_restricted": false
        }
    },
    {
        "client_msg_id": "62fc6952-a82d-44c7-b5a3-1f0d609689be",
        "type": "message",
        "text": "120010 CFT 5\/11\n120011 CFT 5\/11",
        "user": "U04LYRG90QZ",
        "ts": "1683822480.037819",
        "blocks": [
            {
                "type": "rich_text",
                "block_id": "rLWs",
                "elements": [
                    {
                        "type": "rich_text_section",
                        "elements": [
                            {
                                "type": "text",
                                "text": "120010 CFT 5\/11\n120011 CFT 5\/11"
                            }
                        ]
                    }
                ]
            }
        ],
        "team": "T04LDH2CNBY",
        "user_team": "T04LDH2CNBY",
        "source_team": "T04LDH2CNBY",
        "user_profile": {
            "avatar_hash": "18034abdbce3",
            "image_72": "https:\/\/avatars.slack-edge.com\/2023-01-26\/4700726977909_18034abdbce385064283_72.jpg",
            "first_name": "Virginia",
            "real_name": "Virginia",
            "display_name": "Virginia",
            "team": "T04LDH2CNBY",
            "name": "virginia",
            "is_restricted": false,
            "is_ultra_restricted": false
        }
    },
    {
        "client_msg_id": "a9d4ada2-83d0-4915-8ca3-b1fc2a62b334",
        "type": "message",
        "text": "120012 Napa 5\/25",
        "user": "U04LYRG90QZ",
        "ts": "1683825591.934259",
        "blocks": [
            {
                "type": "rich_text",
                "block_id": "wIsG",
                "elements": [
                    {
                        "type": "rich_text_section",
                        "elements": [
                            {
                                "type": "text",
                                "text": "120012 Napa 5\/25"
                            }
                        ]
                    }
                ]
            }
        ],
        "team": "T04LDH2CNBY",
        "user_team": "T04LDH2CNBY",
        "source_team": "T04LDH2CNBY",
        "user_profile": {
            "avatar_hash": "18034abdbce3",
            "image_72": "https:\/\/avatars.slack-edge.com\/2023-01-26\/4700726977909_18034abdbce385064283_72.jpg",
            "first_name": "Virginia",
            "real_name": "Virginia",
            "display_name": "Virginia",
            "team": "T04LDH2CNBY",
            "name": "virginia",
            "is_restricted": false,
            "is_ultra_restricted": false
        }
    },
    {
        "client_msg_id": "43f9c9e9-8d50-4154-84c0-27f3c93a6a45",
        "type": "message",
        "text": "120013 Napa 5\/15",
        "user": "U04LYRG90QZ",
        "ts": "1683826889.900649",
        "blocks": [
            {
                "type": "rich_text",
                "block_id": "JLS0",
                "elements": [
                    {
                        "type": "rich_text_section",
                        "elements": [
                            {
                                "type": "text",
                                "text": "120013 Napa 5\/15"
                            }
                        ]
                    }
                ]
            }
        ],
        "team": "T04LDH2CNBY",
        "user_team": "T04LDH2CNBY",
        "source_team": "T04LDH2CNBY",
        "user_profile": {
            "avatar_hash": "18034abdbce3",
            "image_72": "https:\/\/avatars.slack-edge.com\/2023-01-26\/4700726977909_18034abdbce385064283_72.jpg",
            "first_name": "Virginia",
            "real_name": "Virginia",
            "display_name": "Virginia",
            "team": "T04LDH2CNBY",
            "name": "virginia",
            "is_restricted": false,
            "is_ultra_restricted": false
        },
        "edited": {
            "user": "U04LYRG90QZ",
            "ts": "1683827403.000000"
        }
    },
    {
        "client_msg_id": "7d3b5f47-3ebe-49ac-9d70-23bd67c6dac3",
        "type": "message",
        "text": "120014 CV 5\/22",
        "user": "U04LYRG90QZ",
        "ts": "1683827640.857249",
        "blocks": [
            {
                "type": "rich_text",
                "block_id": "rJ0s",
                "elements": [
                    {
                        "type": "rich_text_section",
                        "elements": [
                            {
                                "type": "text",
                                "text": "120014 CV 5\/22"
                            }
                        ]
                    }
                ]
            }
        ],
        "team": "T04LDH2CNBY",
        "user_team": "T04LDH2CNBY",
        "source_team": "T04LDH2CNBY",
        "user_profile": {
            "avatar_hash": "18034abdbce3",
            "image_72": "https:\/\/avatars.slack-edge.com\/2023-01-26\/4700726977909_18034abdbce385064283_72.jpg",
            "first_name": "Virginia",
            "real_name": "Virginia",
            "display_name": "Virginia",
            "team": "T04LDH2CNBY",
            "name": "virginia",
            "is_restricted": false,
            "is_ultra_restricted": false
        }
    },
    {
        "client_msg_id": "a9669125-ab59-43b3-ac5f-7ffa0c21a25c",
        "type": "message",
        "text": "120015 ACPH (Chavez) 6\/20",
        "user": "U04LYRG90QZ",
        "ts": "1683828061.285479",
        "blocks": [
            {
                "type": "rich_text",
                "block_id": "rJT",
                "elements": [
                    {
                        "type": "rich_text_section",
                        "elements": [
                            {
                                "type": "text",
                                "text": "120015 ACPH (Chavez) 6\/20"
                            }
                        ]
                    }
                ]
            }
        ],
        "team": "T04LDH2CNBY",
        "user_team": "T04LDH2CNBY",
        "source_team": "T04LDH2CNBY",
        "user_profile": {
            "avatar_hash": "18034abdbce3",
            "image_72": "https:\/\/avatars.slack-edge.com\/2023-01-26\/4700726977909_18034abdbce385064283_72.jpg",
            "first_name": "Virginia",
            "real_name": "Virginia",
            "display_name": "Virginia",
            "team": "T04LDH2CNBY",
            "name": "virginia",
            "is_restricted": false,
            "is_ultra_restricted": false
        }
    },
    {
        "client_msg_id": "573b2380-bc22-48cd-a5ae-d373ba0d5188",
        "type": "message",
        "text": "120016 BH 5\/16",
        "user": "U04LYRG90QZ",
        "ts": "1683830767.556509",
        "blocks": [
            {
                "type": "rich_text",
                "block_id": "Hhs6",
                "elements": [
                    {
                        "type": "rich_text_section",
                        "elements": [
                            {
                                "type": "text",
                                "text": "120016 BH 5\/16"
                            }
                        ]
                    }
                ]
            }
        ],
        "team": "T04LDH2CNBY",
        "user_team": "T04LDH2CNBY",
        "source_team": "T04LDH2CNBY",
        "user_profile": {
            "avatar_hash": "18034abdbce3",
            "image_72": "https:\/\/avatars.slack-edge.com\/2023-01-26\/4700726977909_18034abdbce385064283_72.jpg",
            "first_name": "Virginia",
            "real_name": "Virginia",
            "display_name": "Virginia",
            "team": "T04LDH2CNBY",
            "name": "virginia",
            "is_restricted": false,
            "is_ultra_restricted": false
        }
    },
    {
        "client_msg_id": "7c71d46c-65bb-4fda-9d92-a33b9eb6fe2c",
        "type": "message",
        "text": "120017 BH 5\/15",
        "user": "U04LYRG90QZ",
        "ts": "1683831012.704959",
        "blocks": [
            {
                "type": "rich_text",
                "block_id": "VBTaZ",
                "elements": [
                    {
                        "type": "rich_text_section",
                        "elements": [
                            {
                                "type": "text",
                                "text": "120017 BH 5\/15"
                            }
                        ]
                    }
                ]
            }
        ],
        "team": "T04LDH2CNBY",
        "user_team": "T04LDH2CNBY",
        "source_team": "T04LDH2CNBY",
        "user_profile": {
            "avatar_hash": "18034abdbce3",
            "image_72": "https:\/\/avatars.slack-edge.com\/2023-01-26\/4700726977909_18034abdbce385064283_72.jpg",
            "first_name": "Virginia",
            "real_name": "Virginia",
            "display_name": "Virginia",
            "team": "T04LDH2CNBY",
            "name": "virginia",
            "is_restricted": false,
            "is_ultra_restricted": false
        }
    },
    {
        "client_msg_id": "9c867f48-111c-457e-bebe-8349f3e112fb",
        "type": "message",
        "text": "120018 Napa 5\/18",
        "user": "U04LYRG90QZ",
        "ts": "1683833871.863559",
        "blocks": [
            {
                "type": "rich_text",
                "block_id": "0Br3K",
                "elements": [
                    {
                        "type": "rich_text_section",
                        "elements": [
                            {
                                "type": "text",
                                "text": "120018 Napa 5\/18"
                            }
                        ]
                    }
                ]
            }
        ],
        "team": "T04LDH2CNBY",
        "user_team": "T04LDH2CNBY",
        "source_team": "T04LDH2CNBY",
        "user_profile": {
            "avatar_hash": "18034abdbce3",
            "image_72": "https:\/\/avatars.slack-edge.com\/2023-01-26\/4700726977909_18034abdbce385064283_72.jpg",
            "first_name": "Virginia",
            "real_name": "Virginia",
            "display_name": "Virginia",
            "team": "T04LDH2CNBY",
            "name": "virginia",
            "is_restricted": false,
            "is_ultra_restricted": false
        }
    },
    {
        "client_msg_id": "440c15de-4537-4784-b748-6a5ceaa75d8c",
        "type": "message",
        "text": "120019 Napa 5\/22",
        "user": "U04LYRG90QZ",
        "ts": "1683834038.267659",
        "blocks": [
            {
                "type": "rich_text",
                "block_id": "8AZBA",
                "elements": [
                    {
                        "type": "rich_text_section",
                        "elements": [
                            {
                                "type": "text",
                                "text": "120019 Napa 5\/22"
                            }
                        ]
                    }
                ]
            }
        ],
        "team": "T04LDH2CNBY",
        "user_team": "T04LDH2CNBY",
        "source_team": "T04LDH2CNBY",
        "user_profile": {
            "avatar_hash": "18034abdbce3",
            "image_72": "https:\/\/avatars.slack-edge.com\/2023-01-26\/4700726977909_18034abdbce385064283_72.jpg",
            "first_name": "Virginia",
            "real_name": "Virginia",
            "display_name": "Virginia",
            "team": "T04LDH2CNBY",
            "name": "virginia",
            "is_restricted": false,
            "is_ultra_restricted": false
        }
    },
    {
        "client_msg_id": "4e9bfeb8-cbaf-44a4-ab2e-6570577a5e56",
        "type": "message",
        "text": "120020 Napa 6\/1",
        "user": "U04LYRG90QZ",
        "ts": "1683834462.228049",
        "blocks": [
            {
                "type": "rich_text",
                "block_id": "=aX2w",
                "elements": [
                    {
                        "type": "rich_text_section",
                        "elements": [
                            {
                                "type": "text",
                                "text": "120020 Napa 6\/1"
                            }
                        ]
                    }
                ]
            }
        ],
        "team": "T04LDH2CNBY",
        "user_team": "T04LDH2CNBY",
        "source_team": "T04LDH2CNBY",
        "user_profile": {
            "avatar_hash": "18034abdbce3",
            "image_72": "https:\/\/avatars.slack-edge.com\/2023-01-26\/4700726977909_18034abdbce385064283_72.jpg",
            "first_name": "Virginia",
            "real_name": "Virginia",
            "display_name": "Virginia",
            "team": "T04LDH2CNBY",
            "name": "virginia",
            "is_restricted": false,
            "is_ultra_restricted": false
        }
    },
    {
        "client_msg_id": "e9dec99a-23df-46b2-8af4-6783592e06f5",
        "type": "message",
        "text": "120021 Napa 6\/5",
        "user": "U04LYRG90QZ",
        "ts": "1683835360.233849",
        "blocks": [
            {
                "type": "rich_text",
                "block_id": "kiC",
                "elements": [
                    {
                        "type": "rich_text_section",
                        "elements": [
                            {
                                "type": "text",
                                "text": "120021 Napa 6\/5"
                            }
                        ]
                    }
                ]
            }
        ],
        "team": "T04LDH2CNBY",
        "user_team": "T04LDH2CNBY",
        "source_team": "T04LDH2CNBY",
        "user_profile": {
            "avatar_hash": "18034abdbce3",
            "image_72": "https:\/\/avatars.slack-edge.com\/2023-01-26\/4700726977909_18034abdbce385064283_72.jpg",
            "first_name": "Virginia",
            "real_name": "Virginia",
            "display_name": "Virginia",
            "team": "T04LDH2CNBY",
            "name": "virginia",
            "is_restricted": false,
            "is_ultra_restricted": false
        }
    },
    {
        "client_msg_id": "fc188e79-ae8e-42c9-b08d-6c626a1e71ba",
        "type": "message",
        "text": "120022 SL 5\/15",
        "user": "U04LYRG90QZ",
        "ts": "1683836194.368249",
        "blocks": [
            {
                "type": "rich_text",
                "block_id": "cMICM",
                "elements": [
                    {
                        "type": "rich_text_section",
                        "elements": [
                            {
                                "type": "text",
                                "text": "120022 SL 5\/15"
                            }
                        ]
                    }
                ]
            }
        ],
        "team": "T04LDH2CNBY",
        "user_team": "T04LDH2CNBY",
        "source_team": "T04LDH2CNBY",
        "user_profile": {
            "avatar_hash": "18034abdbce3",
            "image_72": "https:\/\/avatars.slack-edge.com\/2023-01-26\/4700726977909_18034abdbce385064283_72.jpg",
            "first_name": "Virginia",
            "real_name": "Virginia",
            "display_name": "Virginia",
            "team": "T04LDH2CNBY",
            "name": "virginia",
            "is_restricted": false,
            "is_ultra_restricted": false
        }
    },
    {
        "client_msg_id": "175495ed-f17d-4e3d-a628-eb3d28d46bbb",
        "type": "message",
        "text": "120023 Napa 6\/6",
        "user": "U04LYRG90QZ",
        "ts": "1683836714.535489",
        "blocks": [
            {
                "type": "rich_text",
                "block_id": "M9tl",
                "elements": [
                    {
                        "type": "rich_text_section",
                        "elements": [
                            {
                                "type": "text",
                                "text": "120023 Napa 6\/6"
                            }
                        ]
                    }
                ]
            }
        ],
        "team": "T04LDH2CNBY",
        "user_team": "T04LDH2CNBY",
        "source_team": "T04LDH2CNBY",
        "user_profile": {
            "avatar_hash": "18034abdbce3",
            "image_72": "https:\/\/avatars.slack-edge.com\/2023-01-26\/4700726977909_18034abdbce385064283_72.jpg",
            "first_name": "Virginia",
            "real_name": "Virginia",
            "display_name": "Virginia",
            "team": "T04LDH2CNBY",
            "name": "virginia",
            "is_restricted": false,
            "is_ultra_restricted": false
        }
    },
    {
        "client_msg_id": "4d24440d-3b57-4f50-9167-1ceb6dadbcac",
        "type": "message",
        "text": "120024 Napa 6\/8",
        "user": "U04LYRG90QZ",
        "ts": "1683837321.906499",
        "blocks": [
            {
                "type": "rich_text",
                "block_id": "avO",
                "elements": [
                    {
                        "type": "rich_text_section",
                        "elements": [
                            {
                                "type": "text",
                                "text": "120024 Napa 6\/8"
                            }
                        ]
                    }
                ]
            }
        ],
        "team": "T04LDH2CNBY",
        "user_team": "T04LDH2CNBY",
        "source_team": "T04LDH2CNBY",
        "user_profile": {
            "avatar_hash": "18034abdbce3",
            "image_72": "https:\/\/avatars.slack-edge.com\/2023-01-26\/4700726977909_18034abdbce385064283_72.jpg",
            "first_name": "Virginia",
            "real_name": "Virginia",
            "display_name": "Virginia",
            "team": "T04LDH2CNBY",
            "name": "virginia",
            "is_restricted": false,
            "is_ultra_restricted": false
        }
    },
    {
        "client_msg_id": "a279cfb7-49f6-4912-958b-702d39a1ad14",
        "type": "message",
        "text": "120025 ACPH (Glankler) 6\/13\n120026 ACPH (Glankler) 6\/19\n120027 ACPH (Glankler) 6\/27\n120028 ACPH (Glankler) 7\/6\n120029 ACPH (Glankler) 7\/11\n120030 ACPH (Glankler) 7\/18\n120031 ACPH (Glankler) 7\/25\n120032 ACPH (Glankler) 8\/1",
        "user": "U04LYRG90QZ",
        "ts": "1683837994.400359",
        "blocks": [
            {
                "type": "rich_text",
                "block_id": "r3xy",
                "elements": [
                    {
                        "type": "rich_text_section",
                        "elements": [
                            {
                                "type": "text",
                                "text": "120025 ACPH (Glankler) 6\/13\n120026 ACPH (Glankler) 6\/19\n120027 ACPH (Glankler) 6\/27\n120028 ACPH (Glankler) 7\/6\n120029 ACPH (Glankler) 7\/11\n120030 ACPH (Glankler) 7\/18\n120031 ACPH (Glankler) 7\/25\n120032 ACPH (Glankler) 8\/1"
                            }
                        ]
                    }
                ]
            }
        ],
        "team": "T04LDH2CNBY",
        "user_team": "T04LDH2CNBY",
        "source_team": "T04LDH2CNBY",
        "user_profile": {
            "avatar_hash": "18034abdbce3",
            "image_72": "https:\/\/avatars.slack-edge.com\/2023-01-26\/4700726977909_18034abdbce385064283_72.jpg",
            "first_name": "Virginia",
            "real_name": "Virginia",
            "display_name": "Virginia",
            "team": "T04LDH2CNBY",
            "name": "virginia",
            "is_restricted": false,
            "is_ultra_restricted": false
        }
    },
    {
        "client_msg_id": "ecce63a8-5012-47d8-b614-d9a275589132",
        "type": "message",
        "text": "120033 City of Oakland 5\/18",
        "user": "U04LYRG90QZ",
        "ts": "1683839076.589859",
        "blocks": [
            {
                "type": "rich_text",
                "block_id": "jLL",
                "elements": [
                    {
                        "type": "rich_text_section",
                        "elements": [
                            {
                                "type": "text",
                                "text": "120033 City of Oakland 5\/18"
                            }
                        ]
                    }
                ]
            }
        ],
        "team": "T04LDH2CNBY",
        "user_team": "T04LDH2CNBY",
        "source_team": "T04LDH2CNBY",
        "user_profile": {
            "avatar_hash": "18034abdbce3",
            "image_72": "https:\/\/avatars.slack-edge.com\/2023-01-26\/4700726977909_18034abdbce385064283_72.jpg",
            "first_name": "Virginia",
            "real_name": "Virginia",
            "display_name": "Virginia",
            "team": "T04LDH2CNBY",
            "name": "virginia",
            "is_restricted": false,
            "is_ultra_restricted": false
        }
    },
    {
        "client_msg_id": "ef1b7449-4498-4a93-81a9-77d3a50836a4",
        "type": "message",
        "text": "120034 ACPH (Bay) 6\/6\n120035 ACPH (Bay) 6\/8\n120036 ACPH (Bay) 6\/14",
        "user": "U04LYRG90QZ",
        "ts": "1683840867.349599",
        "blocks": [
            {
                "type": "rich_text",
                "block_id": "cYiR2",
                "elements": [
                    {
                        "type": "rich_text_section",
                        "elements": [
                            {
                                "type": "text",
                                "text": "120034 ACPH (Bay) 6\/6\n120035 ACPH (Bay) 6\/8\n120036 ACPH (Bay) 6\/14"
                            }
                        ]
                    }
                ]
            }
        ],
        "team": "T04LDH2CNBY",
        "user_team": "T04LDH2CNBY",
        "source_team": "T04LDH2CNBY",
        "user_profile": {
            "avatar_hash": "18034abdbce3",
            "image_72": "https:\/\/avatars.slack-edge.com\/2023-01-26\/4700726977909_18034abdbce385064283_72.jpg",
            "first_name": "Virginia",
            "real_name": "Virginia",
            "display_name": "Virginia",
            "team": "T04LDH2CNBY",
            "name": "virginia",
            "is_restricted": false,
            "is_ultra_restricted": false
        }
    },
    {
        "client_msg_id": "15fc348a-aca9-48f3-9b55-1bb897cf5943",
        "type": "message",
        "text": "120037 BH 5\/18",
        "user": "U04LYRG90QZ",
        "ts": "1683844290.659149",
        "blocks": [
            {
                "type": "rich_text",
                "block_id": "k2SDH",
                "elements": [
                    {
                        "type": "rich_text_section",
                        "elements": [
                            {
                                "type": "text",
                                "text": "120037 BH 5\/18"
                            }
                        ]
                    }
                ]
            }
        ],
        "team": "T04LDH2CNBY",
        "user_team": "T04LDH2CNBY",
        "source_team": "T04LDH2CNBY",
        "user_profile": {
            "avatar_hash": "18034abdbce3",
            "image_72": "https:\/\/avatars.slack-edge.com\/2023-01-26\/4700726977909_18034abdbce385064283_72.jpg",
            "first_name": "Virginia",
            "real_name": "Virginia",
            "display_name": "Virginia",
            "team": "T04LDH2CNBY",
            "name": "virginia",
            "is_restricted": false,
            "is_ultra_restricted": false
        }
    },
    {
        "client_msg_id": "649d7158-06e0-47e1-ba7f-da938a6a3762",
        "type": "message",
        "text": "120038 BH 5\/16",
        "user": "U04LYRG90QZ",
        "ts": "1683844864.430559",
        "blocks": [
            {
                "type": "rich_text",
                "block_id": "oDg",
                "elements": [
                    {
                        "type": "rich_text_section",
                        "elements": [
                            {
                                "type": "text",
                                "text": "120038 BH 5\/16"
                            }
                        ]
                    }
                ]
            }
        ],
        "team": "T04LDH2CNBY",
        "user_team": "T04LDH2CNBY",
        "source_team": "T04LDH2CNBY",
        "user_profile": {
            "avatar_hash": "18034abdbce3",
            "image_72": "https:\/\/avatars.slack-edge.com\/2023-01-26\/4700726977909_18034abdbce385064283_72.jpg",
            "first_name": "Virginia",
            "real_name": "Virginia",
            "display_name": "Virginia",
            "team": "T04LDH2CNBY",
            "name": "virginia",
            "is_restricted": false,
            "is_ultra_restricted": false
        }
    },
    {
        "client_msg_id": "e7b79f80-8640-457e-8a23-2d87bc3bb294",
        "type": "message",
        "text": "120039 ACPH (Chavez) 5\/15\n120040 ACPH (Chavez) 5\/15",
        "user": "U04LYRG90QZ",
        "ts": "1683846022.496529",
        "blocks": [
            {
                "type": "rich_text",
                "block_id": "JUp",
                "elements": [
                    {
                        "type": "rich_text_section",
                        "elements": [
                            {
                                "type": "text",
                                "text": "120039 ACPH (Chavez) 5\/15\n120040 ACPH (Chavez) 5\/15"
                            }
                        ]
                    }
                ]
            }
        ],
        "team": "T04LDH2CNBY",
        "user_team": "T04LDH2CNBY",
        "source_team": "T04LDH2CNBY",
        "user_profile": {
            "avatar_hash": "18034abdbce3",
            "image_72": "https:\/\/avatars.slack-edge.com\/2023-01-26\/4700726977909_18034abdbce385064283_72.jpg",
            "first_name": "Virginia",
            "real_name": "Virginia",
            "display_name": "Virginia",
            "team": "T04LDH2CNBY",
            "name": "virginia",
            "is_restricted": false,
            "is_ultra_restricted": false
        }
    },
    {
        "client_msg_id": "7c325c8a-cd1b-4253-b6e5-d9f0a7f60ccc",
        "type": "message",
        "text": "120041 BH (EH) 5\/18",
        "user": "U04LYRG90QZ",
        "ts": "1683847076.202189",
        "blocks": [
            {
                "type": "rich_text",
                "block_id": "NLG+3",
                "elements": [
                    {
                        "type": "rich_text_section",
                        "elements": [
                            {
                                "type": "text",
                                "text": "120041 BH (EH) 5\/18"
                            }
                        ]
                    }
                ]
            }
        ],
        "team": "T04LDH2CNBY",
        "user_team": "T04LDH2CNBY",
        "source_team": "T04LDH2CNBY",
        "user_profile": {
            "avatar_hash": "18034abdbce3",
            "image_72": "https:\/\/avatars.slack-edge.com\/2023-01-26\/4700726977909_18034abdbce385064283_72.jpg",
            "first_name": "Virginia",
            "real_name": "Virginia",
            "display_name": "Virginia",
            "team": "T04LDH2CNBY",
            "name": "virginia",
            "is_restricted": false,
            "is_ultra_restricted": false
        }
    },
    {
        "client_msg_id": "92465565-4d86-4ebe-bc2c-dde7669f0d0b",
        "type": "message",
        "text": "120042 BH (RJ, JC) 5\/18",
        "user": "U04LYRG90QZ",
        "ts": "1683847327.163899",
        "blocks": [
            {
                "type": "rich_text",
                "block_id": "SHDZ2",
                "elements": [
                    {
                        "type": "rich_text_section",
                        "elements": [
                            {
                                "type": "text",
                                "text": "120042 BH (RJ, JC) 5\/18"
                            }
                        ]
                    }
                ]
            }
        ],
        "team": "T04LDH2CNBY",
        "user_team": "T04LDH2CNBY",
        "source_team": "T04LDH2CNBY",
        "user_profile": {
            "avatar_hash": "18034abdbce3",
            "image_72": "https:\/\/avatars.slack-edge.com\/2023-01-26\/4700726977909_18034abdbce385064283_72.jpg",
            "first_name": "Virginia",
            "real_name": "Virginia",
            "display_name": "Virginia",
            "team": "T04LDH2CNBY",
            "name": "virginia",
            "is_restricted": false,
            "is_ultra_restricted": false
        }
    },
    {
        "client_msg_id": "fa6d56c8-8a88-469f-aaf5-6a8905dbe6a5",
        "type": "message",
        "text": "120043 BH (JR) 5\/18",
        "user": "U04LYRG90QZ",
        "ts": "1683847588.119189",
        "blocks": [
            {
                "type": "rich_text",
                "block_id": "xjLMj",
                "elements": [
                    {
                        "type": "rich_text_section",
                        "elements": [
                            {
                                "type": "text",
                                "text": "120043 BH (JR) 5\/18"
                            }
                        ]
                    }
                ]
            }
        ],
        "team": "T04LDH2CNBY",
        "user_team": "T04LDH2CNBY",
        "source_team": "T04LDH2CNBY",
        "user_profile": {
            "avatar_hash": "18034abdbce3",
            "image_72": "https:\/\/avatars.slack-edge.com\/2023-01-26\/4700726977909_18034abdbce385064283_72.jpg",
            "first_name": "Virginia",
            "real_name": "Virginia",
            "display_name": "Virginia",
            "team": "T04LDH2CNBY",
            "name": "virginia",
            "is_restricted": false,
            "is_ultra_restricted": false
        }
    },
    {
        "client_msg_id": "3e3b1fc8-8754-408d-9e52-9d631bffb638",
        "type": "message",
        "text": "120044 BH (DG) 5\/18",
        "user": "U04LYRG90QZ",
        "ts": "1683848058.936179",
        "blocks": [
            {
                "type": "rich_text",
                "block_id": "Cgn\/=",
                "elements": [
                    {
                        "type": "rich_text_section",
                        "elements": [
                            {
                                "type": "text",
                                "text": "120044 BH (DG) 5\/18"
                            }
                        ]
                    }
                ]
            }
        ],
        "team": "T04LDH2CNBY",
        "user_team": "T04LDH2CNBY",
        "source_team": "T04LDH2CNBY",
        "user_profile": {
            "avatar_hash": "18034abdbce3",
            "image_72": "https:\/\/avatars.slack-edge.com\/2023-01-26\/4700726977909_18034abdbce385064283_72.jpg",
            "first_name": "Virginia",
            "real_name": "Virginia",
            "display_name": "Virginia",
            "team": "T04LDH2CNBY",
            "name": "virginia",
            "is_restricted": false,
            "is_ultra_restricted": false
        }
    },
    {
        "client_msg_id": "078558d9-1dec-4c39-b707-84b00e92e6fa",
        "type": "message",
        "text": "120045 ACPH (Chavez) 6\/14",
        "user": "U04LYRG90QZ",
        "ts": "1683848528.647279",
        "blocks": [
            {
                "type": "rich_text",
                "block_id": "Kx0",
                "elements": [
                    {
                        "type": "rich_text_section",
                        "elements": [
                            {
                                "type": "text",
                                "text": "120045 ACPH (Chavez) 6\/14"
                            }
                        ]
                    }
                ]
            }
        ],
        "team": "T04LDH2CNBY",
        "user_team": "T04LDH2CNBY",
        "source_team": "T04LDH2CNBY",
        "user_profile": {
            "avatar_hash": "18034abdbce3",
            "image_72": "https:\/\/avatars.slack-edge.com\/2023-01-26\/4700726977909_18034abdbce385064283_72.jpg",
            "first_name": "Virginia",
            "real_name": "Virginia",
            "display_name": "Virginia",
            "team": "T04LDH2CNBY",
            "name": "virginia",
            "is_restricted": false,
            "is_ultra_restricted": false
        }
    },
    {
        "client_msg_id": "3fedd26d-0337-4e57-839c-e70cdb64b533",
        "type": "message",
        "text": "120046 BH (ES) 5\/18",
        "user": "U04LYRG90QZ",
        "ts": "1683849342.171839",
        "blocks": [
            {
                "type": "rich_text",
                "block_id": "tFK",
                "elements": [
                    {
                        "type": "rich_text_section",
                        "elements": [
                            {
                                "type": "text",
                                "text": "120046 BH (ES) 5\/18"
                            }
                        ]
                    }
                ]
            }
        ],
        "team": "T04LDH2CNBY",
        "user_team": "T04LDH2CNBY",
        "source_team": "T04LDH2CNBY",
        "user_profile": {
            "avatar_hash": "18034abdbce3",
            "image_72": "https:\/\/avatars.slack-edge.com\/2023-01-26\/4700726977909_18034abdbce385064283_72.jpg",
            "first_name": "Virginia",
            "real_name": "Virginia",
            "display_name": "Virginia",
            "team": "T04LDH2CNBY",
            "name": "virginia",
            "is_restricted": false,
            "is_ultra_restricted": false
        }
    }
]