[
    {
        "client_msg_id": "a8a7c2a4-f06d-44a1-9de2-c6ff3af2e29b",
        "type": "message",
        "text": "121710 Napa 10\/26",
        "user": "U04LYRG90QZ",
        "ts": "1697127275.651779",
        "blocks": [
            {
                "type": "rich_text",
                "block_id": "EGF\/g",
                "elements": [
                    {
                        "type": "rich_text_section",
                        "elements": [
                            {
                                "type": "text",
                                "text": "121710 Napa 10\/26"
                            }
                        ]
                    }
                ]
            }
        ],
        "team": "T04LDH2CNBY",
        "user_team": "T04LDH2CNBY",
        "source_team": "T04LDH2CNBY",
        "user_profile": {
            "avatar_hash": "18034abdbce3",
            "image_72": "https:\/\/avatars.slack-edge.com\/2023-01-26\/4700726977909_18034abdbce385064283_72.jpg",
            "first_name": "Virginia",
            "real_name": "Virginia",
            "display_name": "Virginia",
            "team": "T04LDH2CNBY",
            "name": "virginia",
            "is_restricted": false,
            "is_ultra_restricted": false
        }
    },
    {
        "client_msg_id": "9ed9e07c-102a-40d7-86f6-0b261e015ce6",
        "type": "message",
        "text": "121711 Nursing 10\/19\n121712 Napa 10\/27\n121713 Napa 10\/30",
        "user": "U04LYRG90QZ",
        "ts": "1697138197.544239",
        "blocks": [
            {
                "type": "rich_text",
                "block_id": "O7k9Y",
                "elements": [
                    {
                        "type": "rich_text_section",
                        "elements": [
                            {
                                "type": "text",
                                "text": "121711 Nursing 10\/19\n121712 Napa 10\/27\n121713 Napa 10\/30"
                            }
                        ]
                    }
                ]
            }
        ],
        "team": "T04LDH2CNBY",
        "user_team": "T04LDH2CNBY",
        "source_team": "T04LDH2CNBY",
        "user_profile": {
            "avatar_hash": "18034abdbce3",
            "image_72": "https:\/\/avatars.slack-edge.com\/2023-01-26\/4700726977909_18034abdbce385064283_72.jpg",
            "first_name": "Virginia",
            "real_name": "Virginia",
            "display_name": "Virginia",
            "team": "T04LDH2CNBY",
            "name": "virginia",
            "is_restricted": false,
            "is_ultra_restricted": false
        }
    },
    {
        "client_msg_id": "44abe5e9-91f5-4881-bade-299f42f63398",
        "type": "message",
        "text": "121714 CFT 10\/27",
        "user": "U04LYRG90QZ",
        "ts": "1697144167.735809",
        "blocks": [
            {
                "type": "rich_text",
                "block_id": "Jjl5b",
                "elements": [
                    {
                        "type": "rich_text_section",
                        "elements": [
                            {
                                "type": "text",
                                "text": "121714 CFT 10\/27"
                            }
                        ]
                    }
                ]
            }
        ],
        "team": "T04LDH2CNBY",
        "user_team": "T04LDH2CNBY",
        "source_team": "T04LDH2CNBY",
        "user_profile": {
            "avatar_hash": "18034abdbce3",
            "image_72": "https:\/\/avatars.slack-edge.com\/2023-01-26\/4700726977909_18034abdbce385064283_72.jpg",
            "first_name": "Virginia",
            "real_name": "Virginia",
            "display_name": "Virginia",
            "team": "T04LDH2CNBY",
            "name": "virginia",
            "is_restricted": false,
            "is_ultra_restricted": false
        }
    },
    {
        "client_msg_id": "cab0a45e-5c24-44ed-97ad-6bffd7b5d1c9",
        "type": "message",
        "text": "121715 Napa 10\/17",
        "user": "U04LYRG90QZ",
        "ts": "1697145564.888889",
        "blocks": [
            {
                "type": "rich_text",
                "block_id": "fnRDZ",
                "elements": [
                    {
                        "type": "rich_text_section",
                        "elements": [
                            {
                                "type": "text",
                                "text": "121715 Napa 10\/17"
                            }
                        ]
                    }
                ]
            }
        ],
        "team": "T04LDH2CNBY",
        "user_team": "T04LDH2CNBY",
        "source_team": "T04LDH2CNBY",
        "user_profile": {
            "avatar_hash": "18034abdbce3",
            "image_72": "https:\/\/avatars.slack-edge.com\/2023-01-26\/4700726977909_18034abdbce385064283_72.jpg",
            "first_name": "Virginia",
            "real_name": "Virginia",
            "display_name": "Virginia",
            "team": "T04LDH2CNBY",
            "name": "virginia",
            "is_restricted": false,
            "is_ultra_restricted": false
        }
    },
    {
        "client_msg_id": "4d9d3c38-ea22-4aff-9106-559044ce5932",
        "type": "message",
        "text": "121716 ACPH (Glankler) 10\/13",
        "user": "U04LYRG90QZ",
        "ts": "1697148338.749509",
        "blocks": [
            {
                "type": "rich_text",
                "block_id": "Y0zHx",
                "elements": [
                    {
                        "type": "rich_text_section",
                        "elements": [
                            {
                                "type": "text",
                                "text": "121716 ACPH (Glankler) 10\/13"
                            }
                        ]
                    }
                ]
            }
        ],
        "team": "T04LDH2CNBY",
        "user_team": "T04LDH2CNBY",
        "source_team": "T04LDH2CNBY",
        "user_profile": {
            "avatar_hash": "18034abdbce3",
            "image_72": "https:\/\/avatars.slack-edge.com\/2023-01-26\/4700726977909_18034abdbce385064283_72.jpg",
            "first_name": "Virginia",
            "real_name": "Virginia",
            "display_name": "Virginia",
            "team": "T04LDH2CNBY",
            "name": "virginia",
            "is_restricted": false,
            "is_ultra_restricted": false
        }
    }
]