[
    {
        "client_msg_id": "62b6fd89-d822-4493-a368-1f07f17b2596",
        "type": "message",
        "text": "121096 SL 10\/5\n121097 SL 10\/5",
        "user": "U04LYRG90QZ",
        "ts": "1692981432.305629",
        "blocks": [
            {
                "type": "rich_text",
                "block_id": "kJ2",
                "elements": [
                    {
                        "type": "rich_text_section",
                        "elements": [
                            {
                                "type": "text",
                                "text": "121096 SL 10\/5\n121097 SL 10\/5"
                            }
                        ]
                    }
                ]
            }
        ],
        "team": "T04LDH2CNBY",
        "user_team": "T04LDH2CNBY",
        "source_team": "T04LDH2CNBY",
        "user_profile": {
            "avatar_hash": "18034abdbce3",
            "image_72": "https:\/\/avatars.slack-edge.com\/2023-01-26\/4700726977909_18034abdbce385064283_72.jpg",
            "first_name": "Virginia",
            "real_name": "Virginia",
            "display_name": "Virginia",
            "team": "T04LDH2CNBY",
            "name": "virginia",
            "is_restricted": false,
            "is_ultra_restricted": false
        }
    },
    {
        "client_msg_id": "6f64d40a-947d-45cd-9f96-4db636257f30",
        "type": "message",
        "text": "121098 ACT 9\/7\n121099 ACT 9\/7\n121100 ACT 9\/7",
        "user": "U04LYRG90QZ",
        "ts": "1692985540.344709",
        "blocks": [
            {
                "type": "rich_text",
                "block_id": "MFG5",
                "elements": [
                    {
                        "type": "rich_text_section",
                        "elements": [
                            {
                                "type": "text",
                                "text": "121098 ACT 9\/7\n121099 ACT 9\/7\n121100 ACT 9\/7"
                            }
                        ]
                    }
                ]
            }
        ],
        "team": "T04LDH2CNBY",
        "user_team": "T04LDH2CNBY",
        "source_team": "T04LDH2CNBY",
        "user_profile": {
            "avatar_hash": "18034abdbce3",
            "image_72": "https:\/\/avatars.slack-edge.com\/2023-01-26\/4700726977909_18034abdbce385064283_72.jpg",
            "first_name": "Virginia",
            "real_name": "Virginia",
            "display_name": "Virginia",
            "team": "T04LDH2CNBY",
            "name": "virginia",
            "is_restricted": false,
            "is_ultra_restricted": false
        }
    },
    {
        "client_msg_id": "b04f1925-9dcd-454b-982a-354d8a243159",
        "type": "message",
        "text": "121101 PH (Chavez) 9\/7",
        "user": "U04LYRG90QZ",
        "ts": "1692986147.531149",
        "blocks": [
            {
                "type": "rich_text",
                "block_id": "unZlt",
                "elements": [
                    {
                        "type": "rich_text_section",
                        "elements": [
                            {
                                "type": "text",
                                "text": "121101 PH (Chavez) 9\/7"
                            }
                        ]
                    }
                ]
            }
        ],
        "team": "T04LDH2CNBY",
        "user_team": "T04LDH2CNBY",
        "source_team": "T04LDH2CNBY",
        "user_profile": {
            "avatar_hash": "18034abdbce3",
            "image_72": "https:\/\/avatars.slack-edge.com\/2023-01-26\/4700726977909_18034abdbce385064283_72.jpg",
            "first_name": "Virginia",
            "real_name": "Virginia",
            "display_name": "Virginia",
            "team": "T04LDH2CNBY",
            "name": "virginia",
            "is_restricted": false,
            "is_ultra_restricted": false
        }
    },
    {
        "client_msg_id": "7dd37e87-8dd6-441d-99b8-d97c17d4262f",
        "type": "message",
        "text": "121102 BART 9\/9\n121103 BART 9\/9\n121104 BART 9\/9\n121105 BART 9\/9\n121106 BART 9\/9\n121107 BART 9\/9\n121108 BART 9\/9\n121109 BART 9\/9",
        "user": "U04LYRG90QZ",
        "ts": "1692987716.591459",
        "blocks": [
            {
                "type": "rich_text",
                "block_id": "O8nA",
                "elements": [
                    {
                        "type": "rich_text_section",
                        "elements": [
                            {
                                "type": "text",
                                "text": "121102 BART 9\/9\n121103 BART 9\/9\n121104 BART 9\/9\n121105 BART 9\/9\n121106 BART 9\/9\n121107 BART 9\/9\n121108 BART 9\/9\n121109 BART 9\/9"
                            }
                        ]
                    }
                ]
            }
        ],
        "team": "T04LDH2CNBY",
        "user_team": "T04LDH2CNBY",
        "source_team": "T04LDH2CNBY",
        "user_profile": {
            "avatar_hash": "18034abdbce3",
            "image_72": "https:\/\/avatars.slack-edge.com\/2023-01-26\/4700726977909_18034abdbce385064283_72.jpg",
            "first_name": "Virginia",
            "real_name": "Virginia",
            "display_name": "Virginia",
            "team": "T04LDH2CNBY",
            "name": "virginia",
            "is_restricted": false,
            "is_ultra_restricted": false
        }
    },
    {
        "client_msg_id": "21a5d6e4-ef0b-4595-a2cc-b80d978ddb19",
        "type": "message",
        "text": "121110 BART 9\/10\n121111 BART 9\/10\n121112 BART 9\/10\n121113 BART 9\/10\n121114 BART 9\/10\n121115 BART 9\/10\n121116 BART 9\/10\n121117 BART 9\/10",
        "user": "U04LYRG90QZ",
        "ts": "1692987754.638339",
        "blocks": [
            {
                "type": "rich_text",
                "block_id": "Dtgv\/",
                "elements": [
                    {
                        "type": "rich_text_section",
                        "elements": [
                            {
                                "type": "text",
                                "text": "121110 BART 9\/10\n121111 BART 9\/10\n121112 BART 9\/10\n121113 BART 9\/10\n121114 BART 9\/10\n121115 BART 9\/10\n121116 BART 9\/10\n121117 BART 9\/10"
                            }
                        ]
                    }
                ]
            }
        ],
        "team": "T04LDH2CNBY",
        "user_team": "T04LDH2CNBY",
        "source_team": "T04LDH2CNBY",
        "user_profile": {
            "avatar_hash": "18034abdbce3",
            "image_72": "https:\/\/avatars.slack-edge.com\/2023-01-26\/4700726977909_18034abdbce385064283_72.jpg",
            "first_name": "Virginia",
            "real_name": "Virginia",
            "display_name": "Virginia",
            "team": "T04LDH2CNBY",
            "name": "virginia",
            "is_restricted": false,
            "is_ultra_restricted": false
        },
        "edited": {
            "user": "U04LYRG90QZ",
            "ts": "1692987785.000000"
        }
    },
    {
        "client_msg_id": "a5858622-76aa-4781-9347-e9b73e46e879",
        "type": "message",
        "text": "121118 CFT 9\/1",
        "user": "U04LYRG90QZ",
        "ts": "1692990359.743419",
        "blocks": [
            {
                "type": "rich_text",
                "block_id": "dIE",
                "elements": [
                    {
                        "type": "rich_text_section",
                        "elements": [
                            {
                                "type": "text",
                                "text": "121118 CFT 9\/1"
                            }
                        ]
                    }
                ]
            }
        ],
        "team": "T04LDH2CNBY",
        "user_team": "T04LDH2CNBY",
        "source_team": "T04LDH2CNBY",
        "user_profile": {
            "avatar_hash": "18034abdbce3",
            "image_72": "https:\/\/avatars.slack-edge.com\/2023-01-26\/4700726977909_18034abdbce385064283_72.jpg",
            "first_name": "Virginia",
            "real_name": "Virginia",
            "display_name": "Virginia",
            "team": "T04LDH2CNBY",
            "name": "virginia",
            "is_restricted": false,
            "is_ultra_restricted": false
        }
    },
    {
        "client_msg_id": "380a96fa-4831-4fae-9072-23315e87d85a",
        "type": "message",
        "text": "121119 ACPH (Chavez) 10\/9",
        "user": "U04LYRG90QZ",
        "ts": "1692991341.461489",
        "blocks": [
            {
                "type": "rich_text",
                "block_id": "1V8pB",
                "elements": [
                    {
                        "type": "rich_text_section",
                        "elements": [
                            {
                                "type": "text",
                                "text": "121119 ACPH (Chavez) 10\/9"
                            }
                        ]
                    }
                ]
            }
        ],
        "team": "T04LDH2CNBY",
        "user_team": "T04LDH2CNBY",
        "source_team": "T04LDH2CNBY",
        "user_profile": {
            "avatar_hash": "18034abdbce3",
            "image_72": "https:\/\/avatars.slack-edge.com\/2023-01-26\/4700726977909_18034abdbce385064283_72.jpg",
            "first_name": "Virginia",
            "real_name": "Virginia",
            "display_name": "Virginia",
            "team": "T04LDH2CNBY",
            "name": "virginia",
            "is_restricted": false,
            "is_ultra_restricted": false
        }
    },
    {
        "client_msg_id": "17b59907-86c8-4403-acdb-42d535b34852",
        "type": "message",
        "text": "121120 CV 8\/29",
        "user": "U0576JVJF1Q",
        "ts": "1692992979.926209",
        "blocks": [
            {
                "type": "rich_text",
                "block_id": "t32",
                "elements": [
                    {
                        "type": "rich_text_section",
                        "elements": [
                            {
                                "type": "text",
                                "text": "121120 CV 8\/29"
                            }
                        ]
                    }
                ]
            }
        ],
        "team": "T04LDH2CNBY",
        "user_team": "T04LDH2CNBY",
        "source_team": "T04LDH2CNBY",
        "user_profile": {
            "avatar_hash": "g12be1dbd2bd",
            "image_72": "https:\/\/secure.gravatar.com\/avatar\/12be1dbd2bd270e15f2abc83ff193814.jpg?s=72&d=https%3A%2F%2Fa.slack-edge.com%2Fdf10d%2Fimg%2Favatars%2Fava_0010-72.png",
            "first_name": "Kai",
            "real_name": "Kai",
            "display_name": "Kai",
            "team": "T04LDH2CNBY",
            "name": "kai",
            "is_restricted": false,
            "is_ultra_restricted": false
        }
    },
    {
        "client_msg_id": "4f81ccb0-7cbc-4a9c-afe9-a917ca1d6232",
        "type": "message",
        "text": "121121 ACT 9\/11\n121122 ACT 9\/11\n121123 ACT 9\/11",
        "user": "U04LYRG90QZ",
        "ts": "1692993911.884669",
        "blocks": [
            {
                "type": "rich_text",
                "block_id": "t2s",
                "elements": [
                    {
                        "type": "rich_text_section",
                        "elements": [
                            {
                                "type": "text",
                                "text": "121121 ACT 9\/11\n121122 ACT 9\/11\n121123 ACT 9\/11"
                            }
                        ]
                    }
                ]
            }
        ],
        "team": "T04LDH2CNBY",
        "user_team": "T04LDH2CNBY",
        "source_team": "T04LDH2CNBY",
        "user_profile": {
            "avatar_hash": "18034abdbce3",
            "image_72": "https:\/\/avatars.slack-edge.com\/2023-01-26\/4700726977909_18034abdbce385064283_72.jpg",
            "first_name": "Virginia",
            "real_name": "Virginia",
            "display_name": "Virginia",
            "team": "T04LDH2CNBY",
            "name": "virginia",
            "is_restricted": false,
            "is_ultra_restricted": false
        }
    },
    {
        "client_msg_id": "2e86682e-c4ec-48ec-b71c-0a84be280929",
        "type": "message",
        "text": "121124 CV 8\/31",
        "user": "U0576JVJF1Q",
        "ts": "1692995771.196129",
        "blocks": [
            {
                "type": "rich_text",
                "block_id": "fo5",
                "elements": [
                    {
                        "type": "rich_text_section",
                        "elements": [
                            {
                                "type": "text",
                                "text": "121124 CV 8\/31"
                            }
                        ]
                    }
                ]
            }
        ],
        "team": "T04LDH2CNBY",
        "user_team": "T04LDH2CNBY",
        "source_team": "T04LDH2CNBY",
        "user_profile": {
            "avatar_hash": "g12be1dbd2bd",
            "image_72": "https:\/\/secure.gravatar.com\/avatar\/12be1dbd2bd270e15f2abc83ff193814.jpg?s=72&d=https%3A%2F%2Fa.slack-edge.com%2Fdf10d%2Fimg%2Favatars%2Fava_0010-72.png",
            "first_name": "Kai",
            "real_name": "Kai",
            "display_name": "Kai",
            "team": "T04LDH2CNBY",
            "name": "kai",
            "is_restricted": false,
            "is_ultra_restricted": false
        }
    },
    {
        "client_msg_id": "7d521c76-5a03-4499-90cd-cce9df230faa",
        "type": "message",
        "text": "121125 ACPH (Bay) 10\/9",
        "user": "U04LYRG90QZ",
        "ts": "1692996173.266109",
        "blocks": [
            {
                "type": "rich_text",
                "block_id": "TBg",
                "elements": [
                    {
                        "type": "rich_text_section",
                        "elements": [
                            {
                                "type": "text",
                                "text": "121125 ACPH (Bay) 10\/9"
                            }
                        ]
                    }
                ]
            }
        ],
        "team": "T04LDH2CNBY",
        "user_team": "T04LDH2CNBY",
        "source_team": "T04LDH2CNBY",
        "user_profile": {
            "avatar_hash": "18034abdbce3",
            "image_72": "https:\/\/avatars.slack-edge.com\/2023-01-26\/4700726977909_18034abdbce385064283_72.jpg",
            "first_name": "Virginia",
            "real_name": "Virginia",
            "display_name": "Virginia",
            "team": "T04LDH2CNBY",
            "name": "virginia",
            "is_restricted": false,
            "is_ultra_restricted": false
        }
    },
    {
        "client_msg_id": "b6ef0c11-34f0-4fc9-a016-86dfa49352e0",
        "type": "message",
        "text": "121126 CFT 8\/28",
        "user": "U04LYRG90QZ",
        "ts": "1693002630.719129",
        "blocks": [
            {
                "type": "rich_text",
                "block_id": "PqNU",
                "elements": [
                    {
                        "type": "rich_text_section",
                        "elements": [
                            {
                                "type": "text",
                                "text": "121126 CFT 8\/28"
                            }
                        ]
                    }
                ]
            }
        ],
        "team": "T04LDH2CNBY",
        "user_team": "T04LDH2CNBY",
        "source_team": "T04LDH2CNBY",
        "user_profile": {
            "avatar_hash": "18034abdbce3",
            "image_72": "https:\/\/avatars.slack-edge.com\/2023-01-26\/4700726977909_18034abdbce385064283_72.jpg",
            "first_name": "Virginia",
            "real_name": "Virginia",
            "display_name": "Virginia",
            "team": "T04LDH2CNBY",
            "name": "virginia",
            "is_restricted": false,
            "is_ultra_restricted": false
        }
    },
    {
        "client_msg_id": "356f6e90-61f1-4bb2-b32b-f8721eb085ff",
        "type": "message",
        "text": "121127 Uni of CA, Berkeley 9\/30",
        "user": "U04LYRG90QZ",
        "ts": "1693002888.484399",
        "blocks": [
            {
                "type": "rich_text",
                "block_id": "b3aKz",
                "elements": [
                    {
                        "type": "rich_text_section",
                        "elements": [
                            {
                                "type": "text",
                                "text": "121127 Uni of CA, Berkeley 9\/30"
                            }
                        ]
                    }
                ]
            }
        ],
        "team": "T04LDH2CNBY",
        "user_team": "T04LDH2CNBY",
        "source_team": "T04LDH2CNBY",
        "user_profile": {
            "avatar_hash": "18034abdbce3",
            "image_72": "https:\/\/avatars.slack-edge.com\/2023-01-26\/4700726977909_18034abdbce385064283_72.jpg",
            "first_name": "Virginia",
            "real_name": "Virginia",
            "display_name": "Virginia",
            "team": "T04LDH2CNBY",
            "name": "virginia",
            "is_restricted": false,
            "is_ultra_restricted": false
        }
    }
]