[
    {
        "client_msg_id": "7e361de0-4ce6-42dd-8bbf-5daac58e3836",
        "type": "message",
        "text": "121650 CV 10\/24",
        "user": "U04LYRG90QZ",
        "ts": "1696603795.764229",
        "blocks": [
            {
                "type": "rich_text",
                "block_id": "jlkcW",
                "elements": [
                    {
                        "type": "rich_text_section",
                        "elements": [
                            {
                                "type": "text",
                                "text": "121650 CV 10\/24"
                            }
                        ]
                    }
                ]
            }
        ],
        "team": "T04LDH2CNBY",
        "user_team": "T04LDH2CNBY",
        "source_team": "T04LDH2CNBY",
        "user_profile": {
            "avatar_hash": "18034abdbce3",
            "image_72": "https:\/\/avatars.slack-edge.com\/2023-01-26\/4700726977909_18034abdbce385064283_72.jpg",
            "first_name": "Virginia",
            "real_name": "Virginia",
            "display_name": "Virginia",
            "team": "T04LDH2CNBY",
            "name": "virginia",
            "is_restricted": false,
            "is_ultra_restricted": false
        }
    },
    {
        "client_msg_id": "06fe4152-ba90-4b34-9523-c6347a224ee5",
        "type": "message",
        "text": "121651 BH (GZ) 10\/10\n121652 BH (JS) 10\/11\n121653 BH (BC) 10\/11\n121655 BH (KL) 10\/11\n121656 BH (RV) 10\/11\n121657 BH (SR) 10\/12\n121658 BH (MF) 10\/12\n121659 BH (ME) 10\/13",
        "user": "U04LYRG90QZ",
        "ts": "1696612993.992679",
        "blocks": [
            {
                "type": "rich_text",
                "block_id": "JlqbJ",
                "elements": [
                    {
                        "type": "rich_text_section",
                        "elements": [
                            {
                                "type": "text",
                                "text": "121651 BH (GZ) 10\/10\n121652 BH (JS) 10\/11\n121653 BH (BC) 10\/11\n121655 BH (KL) 10\/11\n121656 BH (RV) 10\/11\n121657 BH (SR) 10\/12\n121658 BH (MF) 10\/12\n121659 BH (ME) 10\/13"
                            }
                        ]
                    }
                ]
            }
        ],
        "team": "T04LDH2CNBY",
        "user_team": "T04LDH2CNBY",
        "source_team": "T04LDH2CNBY",
        "user_profile": {
            "avatar_hash": "18034abdbce3",
            "image_72": "https:\/\/avatars.slack-edge.com\/2023-01-26\/4700726977909_18034abdbce385064283_72.jpg",
            "first_name": "Virginia",
            "real_name": "Virginia",
            "display_name": "Virginia",
            "team": "T04LDH2CNBY",
            "name": "virginia",
            "is_restricted": false,
            "is_ultra_restricted": false
        },
        "edited": {
            "user": "U04LYRG90QZ",
            "ts": "1696626654.000000"
        }
    },
    {
        "client_msg_id": "0f5c2c5d-677b-4c97-9aed-d838463d90de",
        "type": "message",
        "text": "121654 SL 10\/10",
        "user": "U04LYRG90QZ",
        "ts": "1696626665.437509",
        "blocks": [
            {
                "type": "rich_text",
                "block_id": "XF\/pJ",
                "elements": [
                    {
                        "type": "rich_text_section",
                        "elements": [
                            {
                                "type": "text",
                                "text": "121654 SL 10\/10"
                            }
                        ]
                    }
                ]
            }
        ],
        "team": "T04LDH2CNBY",
        "user_team": "T04LDH2CNBY",
        "source_team": "T04LDH2CNBY",
        "user_profile": {
            "avatar_hash": "18034abdbce3",
            "image_72": "https:\/\/avatars.slack-edge.com\/2023-01-26\/4700726977909_18034abdbce385064283_72.jpg",
            "first_name": "Virginia",
            "real_name": "Virginia",
            "display_name": "Virginia",
            "team": "T04LDH2CNBY",
            "name": "virginia",
            "is_restricted": false,
            "is_ultra_restricted": false
        }
    },
    {
        "client_msg_id": "ecf7dd6b-b48c-445c-bc09-f7901e627a1b",
        "type": "message",
        "text": "121660 CFT 10\/9",
        "user": "U04LYRG90QZ",
        "ts": "1696627093.753029",
        "blocks": [
            {
                "type": "rich_text",
                "block_id": "XeIZ7",
                "elements": [
                    {
                        "type": "rich_text_section",
                        "elements": [
                            {
                                "type": "text",
                                "text": "121660 CFT 10\/9"
                            }
                        ]
                    }
                ]
            }
        ],
        "team": "T04LDH2CNBY",
        "user_team": "T04LDH2CNBY",
        "source_team": "T04LDH2CNBY",
        "user_profile": {
            "avatar_hash": "18034abdbce3",
            "image_72": "https:\/\/avatars.slack-edge.com\/2023-01-26\/4700726977909_18034abdbce385064283_72.jpg",
            "first_name": "Virginia",
            "real_name": "Virginia",
            "display_name": "Virginia",
            "team": "T04LDH2CNBY",
            "name": "virginia",
            "is_restricted": false,
            "is_ultra_restricted": false
        }
    },
    {
        "client_msg_id": "97d4de25-3a55-42da-9415-4e821aed7fd0",
        "type": "message",
        "text": "121661 BH 10\/10",
        "user": "U04LYRG90QZ",
        "ts": "1696630305.078269",
        "blocks": [
            {
                "type": "rich_text",
                "block_id": "hOTc3",
                "elements": [
                    {
                        "type": "rich_text_section",
                        "elements": [
                            {
                                "type": "text",
                                "text": "121661 BH 10\/10"
                            }
                        ]
                    }
                ]
            }
        ],
        "team": "T04LDH2CNBY",
        "user_team": "T04LDH2CNBY",
        "source_team": "T04LDH2CNBY",
        "user_profile": {
            "avatar_hash": "18034abdbce3",
            "image_72": "https:\/\/avatars.slack-edge.com\/2023-01-26\/4700726977909_18034abdbce385064283_72.jpg",
            "first_name": "Virginia",
            "real_name": "Virginia",
            "display_name": "Virginia",
            "team": "T04LDH2CNBY",
            "name": "virginia",
            "is_restricted": false,
            "is_ultra_restricted": false
        }
    },
    {
        "client_msg_id": "03f18794-911f-4e5d-b7ee-717825431c22",
        "type": "message",
        "text": "121662 CFT 10\/19",
        "user": "U04LYRG90QZ",
        "ts": "1696630527.438669",
        "blocks": [
            {
                "type": "rich_text",
                "block_id": "5HGm1",
                "elements": [
                    {
                        "type": "rich_text_section",
                        "elements": [
                            {
                                "type": "text",
                                "text": "121662 CFT 10\/19"
                            }
                        ]
                    }
                ]
            }
        ],
        "team": "T04LDH2CNBY",
        "user_team": "T04LDH2CNBY",
        "source_team": "T04LDH2CNBY",
        "user_profile": {
            "avatar_hash": "18034abdbce3",
            "image_72": "https:\/\/avatars.slack-edge.com\/2023-01-26\/4700726977909_18034abdbce385064283_72.jpg",
            "first_name": "Virginia",
            "real_name": "Virginia",
            "display_name": "Virginia",
            "team": "T04LDH2CNBY",
            "name": "virginia",
            "is_restricted": false,
            "is_ultra_restricted": false
        }
    }
]