[
    {
        "client_msg_id": "e0a64890-fd97-4854-8b03-115ddfcb4325",
        "type": "message",
        "text": "121072 CV 9\/13",
        "user": "U0576JVJF1Q",
        "ts": "1692896111.060139",
        "blocks": [
            {
                "type": "rich_text",
                "block_id": "6KnV1",
                "elements": [
                    {
                        "type": "rich_text_section",
                        "elements": [
                            {
                                "type": "text",
                                "text": "121072 CV 9\/13"
                            }
                        ]
                    }
                ]
            }
        ],
        "team": "T04LDH2CNBY",
        "user_team": "T04LDH2CNBY",
        "source_team": "T04LDH2CNBY",
        "user_profile": {
            "avatar_hash": "g12be1dbd2bd",
            "image_72": "https:\/\/secure.gravatar.com\/avatar\/12be1dbd2bd270e15f2abc83ff193814.jpg?s=72&d=https%3A%2F%2Fa.slack-edge.com%2Fdf10d%2Fimg%2Favatars%2Fava_0010-72.png",
            "first_name": "Kai",
            "real_name": "Kai",
            "display_name": "Kai",
            "team": "T04LDH2CNBY",
            "name": "kai",
            "is_restricted": false,
            "is_ultra_restricted": false
        }
    },
    {
        "client_msg_id": "5055758f-ed78-4d20-bd93-dbe9307ecb43",
        "type": "message",
        "text": "121073 Napa 8\/28",
        "user": "U04LYRG90QZ",
        "ts": "1692899359.883389",
        "blocks": [
            {
                "type": "rich_text",
                "block_id": "G\/Yd=",
                "elements": [
                    {
                        "type": "rich_text_section",
                        "elements": [
                            {
                                "type": "text",
                                "text": "121073 Napa 8\/28"
                            }
                        ]
                    }
                ]
            }
        ],
        "team": "T04LDH2CNBY",
        "user_team": "T04LDH2CNBY",
        "source_team": "T04LDH2CNBY",
        "user_profile": {
            "avatar_hash": "18034abdbce3",
            "image_72": "https:\/\/avatars.slack-edge.com\/2023-01-26\/4700726977909_18034abdbce385064283_72.jpg",
            "first_name": "Virginia",
            "real_name": "Virginia",
            "display_name": "Virginia",
            "team": "T04LDH2CNBY",
            "name": "virginia",
            "is_restricted": false,
            "is_ultra_restricted": false
        }
    },
    {
        "client_msg_id": "f9a4da8f-93ac-48a7-b315-f514d7aa4c78",
        "type": "message",
        "text": "121074 ACPH (Chavez) 8\/31",
        "user": "U04LYRG90QZ",
        "ts": "1692904374.043249",
        "blocks": [
            {
                "type": "rich_text",
                "block_id": "FVh",
                "elements": [
                    {
                        "type": "rich_text_section",
                        "elements": [
                            {
                                "type": "text",
                                "text": "121074 ACPH (Chavez) 8\/31"
                            }
                        ]
                    }
                ]
            }
        ],
        "team": "T04LDH2CNBY",
        "user_team": "T04LDH2CNBY",
        "source_team": "T04LDH2CNBY",
        "user_profile": {
            "avatar_hash": "18034abdbce3",
            "image_72": "https:\/\/avatars.slack-edge.com\/2023-01-26\/4700726977909_18034abdbce385064283_72.jpg",
            "first_name": "Virginia",
            "real_name": "Virginia",
            "display_name": "Virginia",
            "team": "T04LDH2CNBY",
            "name": "virginia",
            "is_restricted": false,
            "is_ultra_restricted": false
        }
    },
    {
        "client_msg_id": "69ca5f95-c295-43ee-8454-0ff726651b2d",
        "type": "message",
        "text": "121075 ACPH (Glankler) 9\/19\n121076 ACPH (Glankler) 9\/26\n121077 ACPH (Glankler) 10\/3",
        "user": "U04LYRG90QZ",
        "ts": "1692908022.532659",
        "blocks": [
            {
                "type": "rich_text",
                "block_id": "UWEP",
                "elements": [
                    {
                        "type": "rich_text_section",
                        "elements": [
                            {
                                "type": "text",
                                "text": "121075 ACPH (Glankler) 9\/19\n121076 ACPH (Glankler) 9\/26\n121077 ACPH (Glankler) 10\/3"
                            }
                        ]
                    }
                ]
            }
        ],
        "team": "T04LDH2CNBY",
        "user_team": "T04LDH2CNBY",
        "source_team": "T04LDH2CNBY",
        "user_profile": {
            "avatar_hash": "18034abdbce3",
            "image_72": "https:\/\/avatars.slack-edge.com\/2023-01-26\/4700726977909_18034abdbce385064283_72.jpg",
            "first_name": "Virginia",
            "real_name": "Virginia",
            "display_name": "Virginia",
            "team": "T04LDH2CNBY",
            "name": "virginia",
            "is_restricted": false,
            "is_ultra_restricted": false
        }
    },
    {
        "client_msg_id": "57810f9f-1e4f-40ef-b0c3-43cb6f51b954",
        "type": "message",
        "text": "121078 CV 8\/29",
        "user": "U04LYRG90QZ",
        "ts": "1692913517.129369",
        "blocks": [
            {
                "type": "rich_text",
                "block_id": "kknO",
                "elements": [
                    {
                        "type": "rich_text_section",
                        "elements": [
                            {
                                "type": "text",
                                "text": "121078 CV 8\/29"
                            }
                        ]
                    }
                ]
            }
        ],
        "team": "T04LDH2CNBY",
        "user_team": "T04LDH2CNBY",
        "source_team": "T04LDH2CNBY",
        "user_profile": {
            "avatar_hash": "18034abdbce3",
            "image_72": "https:\/\/avatars.slack-edge.com\/2023-01-26\/4700726977909_18034abdbce385064283_72.jpg",
            "first_name": "Virginia",
            "real_name": "Virginia",
            "display_name": "Virginia",
            "team": "T04LDH2CNBY",
            "name": "virginia",
            "is_restricted": false,
            "is_ultra_restricted": false
        }
    },
    {
        "client_msg_id": "0aed6ba8-ae79-4a78-9244-0b9cdedd8366",
        "type": "message",
        "text": "121079 SL 3\/7\/24",
        "user": "U04LYRG90QZ",
        "ts": "1692913765.280539",
        "blocks": [
            {
                "type": "rich_text",
                "block_id": "PYp",
                "elements": [
                    {
                        "type": "rich_text_section",
                        "elements": [
                            {
                                "type": "text",
                                "text": "121079 SL 3\/7\/24"
                            }
                        ]
                    }
                ]
            }
        ],
        "team": "T04LDH2CNBY",
        "user_team": "T04LDH2CNBY",
        "source_team": "T04LDH2CNBY",
        "user_profile": {
            "avatar_hash": "18034abdbce3",
            "image_72": "https:\/\/avatars.slack-edge.com\/2023-01-26\/4700726977909_18034abdbce385064283_72.jpg",
            "first_name": "Virginia",
            "real_name": "Virginia",
            "display_name": "Virginia",
            "team": "T04LDH2CNBY",
            "name": "virginia",
            "is_restricted": false,
            "is_ultra_restricted": false
        }
    },
    {
        "client_msg_id": "c45dc51b-40c8-4cf3-8acc-50ca1625a91c",
        "type": "message",
        "text": "121080 BH (ST) 8\/29",
        "user": "U04LYRG90QZ",
        "ts": "1692914455.084249",
        "blocks": [
            {
                "type": "rich_text",
                "block_id": "6yH7F",
                "elements": [
                    {
                        "type": "rich_text_section",
                        "elements": [
                            {
                                "type": "text",
                                "text": "121080 BH (ST) 8\/29"
                            }
                        ]
                    }
                ]
            }
        ],
        "team": "T04LDH2CNBY",
        "user_team": "T04LDH2CNBY",
        "source_team": "T04LDH2CNBY",
        "user_profile": {
            "avatar_hash": "18034abdbce3",
            "image_72": "https:\/\/avatars.slack-edge.com\/2023-01-26\/4700726977909_18034abdbce385064283_72.jpg",
            "first_name": "Virginia",
            "real_name": "Virginia",
            "display_name": "Virginia",
            "team": "T04LDH2CNBY",
            "name": "virginia",
            "is_restricted": false,
            "is_ultra_restricted": false
        }
    },
    {
        "client_msg_id": "970840cf-307b-4368-8a81-73a6a39c1bd3",
        "type": "message",
        "text": "121081 CFT 9\/26",
        "user": "U04LYRG90QZ",
        "ts": "1692914585.340899",
        "blocks": [
            {
                "type": "rich_text",
                "block_id": "GA2M",
                "elements": [
                    {
                        "type": "rich_text_section",
                        "elements": [
                            {
                                "type": "text",
                                "text": "121081 CFT 9\/26"
                            }
                        ]
                    }
                ]
            }
        ],
        "team": "T04LDH2CNBY",
        "user_team": "T04LDH2CNBY",
        "source_team": "T04LDH2CNBY",
        "user_profile": {
            "avatar_hash": "18034abdbce3",
            "image_72": "https:\/\/avatars.slack-edge.com\/2023-01-26\/4700726977909_18034abdbce385064283_72.jpg",
            "first_name": "Virginia",
            "real_name": "Virginia",
            "display_name": "Virginia",
            "team": "T04LDH2CNBY",
            "name": "virginia",
            "is_restricted": false,
            "is_ultra_restricted": false
        }
    },
    {
        "client_msg_id": "f23a5b26-2eb0-45a8-be8e-02bdb75e1208",
        "type": "message",
        "text": "121082 BH (BP) 8\/28\n121083 BH (AC) 8\/29\n121084 BH (MV) 8\/29\n121085 BH (CN) 8\/30\n121086 BH (JUS) 8\/30\n121087 BH (OG) 8\/30\n121088 BH (JP) 8\/31\n121089 BH (BB) 8\/31\n121090 BH (MP) 8\/31\n121091 BH (JS) 8\/31\n121092 BH (ME) 9\/1\n121093 BH (EG) 9\/1\n121094 BH (BC) 9\/1",
        "user": "U04LYRG90QZ",
        "ts": "1692915562.361109",
        "blocks": [
            {
                "type": "rich_text",
                "block_id": "6=YT",
                "elements": [
                    {
                        "type": "rich_text_section",
                        "elements": [
                            {
                                "type": "text",
                                "text": "121082 BH (BP) 8\/28\n121083 BH (AC) 8\/29\n121084 BH (MV) 8\/29\n121085 BH (CN) 8\/30\n121086 BH (JUS) 8\/30\n121087 BH (OG) 8\/30\n121088 BH (JP) 8\/31\n121089 BH (BB) 8\/31\n121090 BH (MP) 8\/31\n121091 BH (JS) 8\/31\n121092 BH (ME) 9\/1\n121093 BH (EG) 9\/1\n121094 BH (BC) 9\/1"
                            }
                        ]
                    }
                ]
            }
        ],
        "team": "T04LDH2CNBY",
        "user_team": "T04LDH2CNBY",
        "source_team": "T04LDH2CNBY",
        "user_profile": {
            "avatar_hash": "18034abdbce3",
            "image_72": "https:\/\/avatars.slack-edge.com\/2023-01-26\/4700726977909_18034abdbce385064283_72.jpg",
            "first_name": "Virginia",
            "real_name": "Virginia",
            "display_name": "Virginia",
            "team": "T04LDH2CNBY",
            "name": "virginia",
            "is_restricted": false,
            "is_ultra_restricted": false
        }
    },
    {
        "client_msg_id": "69e7d73e-82ac-45fe-ace4-3fe2901981a3",
        "type": "message",
        "text": "121095 SL 9\/7",
        "user": "U0576JVJF1Q",
        "ts": "1692917401.611719",
        "blocks": [
            {
                "type": "rich_text",
                "block_id": "Ihps",
                "elements": [
                    {
                        "type": "rich_text_section",
                        "elements": [
                            {
                                "type": "text",
                                "text": "121095 SL 9\/7"
                            }
                        ]
                    }
                ]
            }
        ],
        "team": "T04LDH2CNBY",
        "user_team": "T04LDH2CNBY",
        "source_team": "T04LDH2CNBY",
        "user_profile": {
            "avatar_hash": "g12be1dbd2bd",
            "image_72": "https:\/\/secure.gravatar.com\/avatar\/12be1dbd2bd270e15f2abc83ff193814.jpg?s=72&d=https%3A%2F%2Fa.slack-edge.com%2Fdf10d%2Fimg%2Favatars%2Fava_0010-72.png",
            "first_name": "Kai",
            "real_name": "Kai",
            "display_name": "Kai",
            "team": "T04LDH2CNBY",
            "name": "kai",
            "is_restricted": false,
            "is_ultra_restricted": false
        }
    }
]