[
    {
        "client_msg_id": "3eb613e4-9ab4-4562-b6dd-fb3325a6dee3",
        "type": "message",
        "text": "119708 - Napa 4\/24",
        "user": "U04LDKWRDB8",
        "ts": "1682347413.767779",
        "blocks": [
            {
                "type": "rich_text",
                "block_id": "JP1",
                "elements": [
                    {
                        "type": "rich_text_section",
                        "elements": [
                            {
                                "type": "text",
                                "text": "119708 - Napa 4\/24"
                            }
                        ]
                    }
                ]
            }
        ],
        "team": "T04LDH2CNBY",
        "user_team": "T04LDH2CNBY",
        "source_team": "T04LDH2CNBY",
        "user_profile": {
            "avatar_hash": "a437520525b3",
            "image_72": "https:\/\/avatars.slack-edge.com\/2023-01-31\/4728630296242_a437520525b309207ab3_72.png",
            "first_name": "Kelly",
            "real_name": "Kelly Moody",
            "display_name": "Kelly Moody",
            "team": "T04LDH2CNBY",
            "name": "kelly",
            "is_restricted": false,
            "is_ultra_restricted": false
        }
    },
    {
        "client_msg_id": "13e34be1-d3ad-4d81-8bee-52f32734ab8f",
        "type": "message",
        "text": "119709 - Napa 4\/25",
        "user": "U04LDKWRDB8",
        "ts": "1682348003.118419",
        "blocks": [
            {
                "type": "rich_text",
                "block_id": "XEK0",
                "elements": [
                    {
                        "type": "rich_text_section",
                        "elements": [
                            {
                                "type": "text",
                                "text": "119709 - Napa 4\/25"
                            }
                        ]
                    }
                ]
            }
        ],
        "team": "T04LDH2CNBY",
        "user_team": "T04LDH2CNBY",
        "source_team": "T04LDH2CNBY",
        "user_profile": {
            "avatar_hash": "a437520525b3",
            "image_72": "https:\/\/avatars.slack-edge.com\/2023-01-31\/4728630296242_a437520525b309207ab3_72.png",
            "first_name": "Kelly",
            "real_name": "Kelly Moody",
            "display_name": "Kelly Moody",
            "team": "T04LDH2CNBY",
            "name": "kelly",
            "is_restricted": false,
            "is_ultra_restricted": false
        }
    },
    {
        "client_msg_id": "1a7cbbf4-b82f-4d90-8399-4a8e434f909a",
        "type": "message",
        "text": "119710 - Napa 4\/25",
        "user": "U04LDKWRDB8",
        "ts": "1682348251.991469",
        "blocks": [
            {
                "type": "rich_text",
                "block_id": "icnu",
                "elements": [
                    {
                        "type": "rich_text_section",
                        "elements": [
                            {
                                "type": "text",
                                "text": "119710 - Napa 4\/25"
                            }
                        ]
                    }
                ]
            }
        ],
        "team": "T04LDH2CNBY",
        "user_team": "T04LDH2CNBY",
        "source_team": "T04LDH2CNBY",
        "user_profile": {
            "avatar_hash": "a437520525b3",
            "image_72": "https:\/\/avatars.slack-edge.com\/2023-01-31\/4728630296242_a437520525b309207ab3_72.png",
            "first_name": "Kelly",
            "real_name": "Kelly Moody",
            "display_name": "Kelly Moody",
            "team": "T04LDH2CNBY",
            "name": "kelly",
            "is_restricted": false,
            "is_ultra_restricted": false
        }
    },
    {
        "client_msg_id": "79e4dbe8-27a3-4106-8da8-9deb297d71cc",
        "type": "message",
        "text": "119711 - Napa 4\/25",
        "user": "U04LDKWRDB8",
        "ts": "1682349411.116059",
        "blocks": [
            {
                "type": "rich_text",
                "block_id": "crL",
                "elements": [
                    {
                        "type": "rich_text_section",
                        "elements": [
                            {
                                "type": "text",
                                "text": "119711 - Napa 4\/25"
                            }
                        ]
                    }
                ]
            }
        ],
        "team": "T04LDH2CNBY",
        "user_team": "T04LDH2CNBY",
        "source_team": "T04LDH2CNBY",
        "user_profile": {
            "avatar_hash": "a437520525b3",
            "image_72": "https:\/\/avatars.slack-edge.com\/2023-01-31\/4728630296242_a437520525b309207ab3_72.png",
            "first_name": "Kelly",
            "real_name": "Kelly Moody",
            "display_name": "Kelly Moody",
            "team": "T04LDH2CNBY",
            "name": "kelly",
            "is_restricted": false,
            "is_ultra_restricted": false
        }
    },
    {
        "client_msg_id": "cfd33062-035d-403d-ad10-a425d52ce907",
        "type": "message",
        "text": "119712 - Napa 4\/25",
        "user": "U04LDKWRDB8",
        "ts": "1682349559.567879",
        "blocks": [
            {
                "type": "rich_text",
                "block_id": "nua",
                "elements": [
                    {
                        "type": "rich_text_section",
                        "elements": [
                            {
                                "type": "text",
                                "text": "119712 - Napa 4\/25"
                            }
                        ]
                    }
                ]
            }
        ],
        "team": "T04LDH2CNBY",
        "user_team": "T04LDH2CNBY",
        "source_team": "T04LDH2CNBY",
        "user_profile": {
            "avatar_hash": "a437520525b3",
            "image_72": "https:\/\/avatars.slack-edge.com\/2023-01-31\/4728630296242_a437520525b309207ab3_72.png",
            "first_name": "Kelly",
            "real_name": "Kelly Moody",
            "display_name": "Kelly Moody",
            "team": "T04LDH2CNBY",
            "name": "kelly",
            "is_restricted": false,
            "is_ultra_restricted": false
        }
    },
    {
        "client_msg_id": "68ca0575-13a6-4f5d-9e83-69ae11b32d21",
        "type": "message",
        "text": "119713 - Napa 4\/27",
        "user": "U04LDKWRDB8",
        "ts": "1682350897.172769",
        "blocks": [
            {
                "type": "rich_text",
                "block_id": "LgTx",
                "elements": [
                    {
                        "type": "rich_text_section",
                        "elements": [
                            {
                                "type": "text",
                                "text": "119713 - Napa 4\/27"
                            }
                        ]
                    }
                ]
            }
        ],
        "team": "T04LDH2CNBY",
        "user_team": "T04LDH2CNBY",
        "source_team": "T04LDH2CNBY",
        "user_profile": {
            "avatar_hash": "a437520525b3",
            "image_72": "https:\/\/avatars.slack-edge.com\/2023-01-31\/4728630296242_a437520525b309207ab3_72.png",
            "first_name": "Kelly",
            "real_name": "Kelly Moody",
            "display_name": "Kelly Moody",
            "team": "T04LDH2CNBY",
            "name": "kelly",
            "is_restricted": false,
            "is_ultra_restricted": false
        }
    },
    {
        "client_msg_id": "b469e838-bc0f-4071-b8c7-170f3a765b53",
        "type": "message",
        "text": "119714 ACPH (Bay) 4\/26",
        "user": "U04LYRG90QZ",
        "ts": "1682355241.868229",
        "blocks": [
            {
                "type": "rich_text",
                "block_id": "cx+W",
                "elements": [
                    {
                        "type": "rich_text_section",
                        "elements": [
                            {
                                "type": "text",
                                "text": "119714 ACPH (Bay) 4\/26"
                            }
                        ]
                    }
                ]
            }
        ],
        "team": "T04LDH2CNBY",
        "user_team": "T04LDH2CNBY",
        "source_team": "T04LDH2CNBY",
        "user_profile": {
            "avatar_hash": "18034abdbce3",
            "image_72": "https:\/\/avatars.slack-edge.com\/2023-01-26\/4700726977909_18034abdbce385064283_72.jpg",
            "first_name": "Virginia",
            "real_name": "Virginia",
            "display_name": "Virginia",
            "team": "T04LDH2CNBY",
            "name": "virginia",
            "is_restricted": false,
            "is_ultra_restricted": false
        }
    },
    {
        "client_msg_id": "39d10fcc-17a6-45dd-83e8-a0bc95edf5dd",
        "type": "message",
        "text": "119715 ACBH (JS) 4\/26",
        "user": "U04LYRG90QZ",
        "ts": "1682356106.323229",
        "blocks": [
            {
                "type": "rich_text",
                "block_id": "zI4hu",
                "elements": [
                    {
                        "type": "rich_text_section",
                        "elements": [
                            {
                                "type": "text",
                                "text": "119715 ACBH (JS) 4\/26"
                            }
                        ]
                    }
                ]
            }
        ],
        "team": "T04LDH2CNBY",
        "user_team": "T04LDH2CNBY",
        "source_team": "T04LDH2CNBY",
        "user_profile": {
            "avatar_hash": "18034abdbce3",
            "image_72": "https:\/\/avatars.slack-edge.com\/2023-01-26\/4700726977909_18034abdbce385064283_72.jpg",
            "first_name": "Virginia",
            "real_name": "Virginia",
            "display_name": "Virginia",
            "team": "T04LDH2CNBY",
            "name": "virginia",
            "is_restricted": false,
            "is_ultra_restricted": false
        }
    },
    {
        "client_msg_id": "9a1d1e69-3649-4b4d-9046-8a58c1eb7602",
        "type": "message",
        "text": "119716 ACPH (Bay) 5\/5",
        "user": "U04LYRG90QZ",
        "ts": "1682361821.711949",
        "blocks": [
            {
                "type": "rich_text",
                "block_id": "0P+4I",
                "elements": [
                    {
                        "type": "rich_text_section",
                        "elements": [
                            {
                                "type": "text",
                                "text": "119716 ACPH (Bay) 5\/5"
                            }
                        ]
                    }
                ]
            }
        ],
        "team": "T04LDH2CNBY",
        "user_team": "T04LDH2CNBY",
        "source_team": "T04LDH2CNBY",
        "user_profile": {
            "avatar_hash": "18034abdbce3",
            "image_72": "https:\/\/avatars.slack-edge.com\/2023-01-26\/4700726977909_18034abdbce385064283_72.jpg",
            "first_name": "Virginia",
            "real_name": "Virginia",
            "display_name": "Virginia",
            "team": "T04LDH2CNBY",
            "name": "virginia",
            "is_restricted": false,
            "is_ultra_restricted": false
        }
    },
    {
        "client_msg_id": "5455423d-2346-44c9-bb3c-ef3a543c053a",
        "type": "message",
        "text": "119717 - CV 4\/25",
        "user": "U04LDKWRDB8",
        "ts": "1682363374.076379",
        "blocks": [
            {
                "type": "rich_text",
                "block_id": "\/jN8r",
                "elements": [
                    {
                        "type": "rich_text_section",
                        "elements": [
                            {
                                "type": "text",
                                "text": "119717 - CV 4\/25"
                            }
                        ]
                    }
                ]
            }
        ],
        "team": "T04LDH2CNBY",
        "user_team": "T04LDH2CNBY",
        "source_team": "T04LDH2CNBY",
        "user_profile": {
            "avatar_hash": "a437520525b3",
            "image_72": "https:\/\/avatars.slack-edge.com\/2023-01-31\/4728630296242_a437520525b309207ab3_72.png",
            "first_name": "Kelly",
            "real_name": "Kelly Moody",
            "display_name": "Kelly Moody",
            "team": "T04LDH2CNBY",
            "name": "kelly",
            "is_restricted": false,
            "is_ultra_restricted": false
        }
    },
    {
        "client_msg_id": "8cc75201-97de-44cf-9ba4-7a701eb97e9a",
        "type": "message",
        "text": "119718 ACPH (Bay) 5\/11\n119719 ACPH (Bay) 5\/16\n119721 ACPH (Bay) 5\/25\n119721 ACPH (Bay) 5\/30\n119722 ACPH (Bay) 6\/7",
        "user": "U04LYRG90QZ",
        "ts": "1682371510.758439",
        "blocks": [
            {
                "type": "rich_text",
                "block_id": "oYTT",
                "elements": [
                    {
                        "type": "rich_text_section",
                        "elements": [
                            {
                                "type": "text",
                                "text": "119718 ACPH (Bay) 5\/11\n119719 ACPH (Bay) 5\/16\n119721 ACPH (Bay) 5\/25\n119721 ACPH (Bay) 5\/30\n119722 ACPH (Bay) 6\/7"
                            }
                        ]
                    }
                ]
            }
        ],
        "team": "T04LDH2CNBY",
        "user_team": "T04LDH2CNBY",
        "source_team": "T04LDH2CNBY",
        "user_profile": {
            "avatar_hash": "18034abdbce3",
            "image_72": "https:\/\/avatars.slack-edge.com\/2023-01-26\/4700726977909_18034abdbce385064283_72.jpg",
            "first_name": "Virginia",
            "real_name": "Virginia",
            "display_name": "Virginia",
            "team": "T04LDH2CNBY",
            "name": "virginia",
            "is_restricted": false,
            "is_ultra_restricted": false
        }
    }
]