[
    {
        "client_msg_id": "c7f4cafa-564b-4f48-bc90-c4c49909db42",
        "type": "message",
        "text": "121753 CFT 10\/19",
        "user": "U04LYRG90QZ",
        "ts": "1697637580.379679",
        "blocks": [
            {
                "type": "rich_text",
                "block_id": "qCE31",
                "elements": [
                    {
                        "type": "rich_text_section",
                        "elements": [
                            {
                                "type": "text",
                                "text": "121753 CFT 10\/19"
                            }
                        ]
                    }
                ]
            }
        ],
        "team": "T04LDH2CNBY",
        "user_team": "T04LDH2CNBY",
        "source_team": "T04LDH2CNBY",
        "user_profile": {
            "avatar_hash": "18034abdbce3",
            "image_72": "https:\/\/avatars.slack-edge.com\/2023-01-26\/4700726977909_18034abdbce385064283_72.jpg",
            "first_name": "Virginia",
            "real_name": "Virginia",
            "display_name": "Virginia",
            "team": "T04LDH2CNBY",
            "name": "virginia",
            "is_restricted": false,
            "is_ultra_restricted": false
        }
    },
    {
        "client_msg_id": "b2acf014-cc27-44e2-a939-14bc56539d39",
        "type": "message",
        "text": "121754 ACPH (Chavez) 11\/8\n121755 ACPH (Chavez) 11\/8\n121756 ACPH (Chavez) 11\/8",
        "user": "U04LYRG90QZ",
        "ts": "1697637807.956189",
        "blocks": [
            {
                "type": "rich_text",
                "block_id": "qAAy2",
                "elements": [
                    {
                        "type": "rich_text_section",
                        "elements": [
                            {
                                "type": "text",
                                "text": "121754 ACPH (Chavez) 11\/8\n121755 ACPH (Chavez) 11\/8\n121756 ACPH (Chavez) 11\/8"
                            }
                        ]
                    }
                ]
            }
        ],
        "team": "T04LDH2CNBY",
        "user_team": "T04LDH2CNBY",
        "source_team": "T04LDH2CNBY",
        "user_profile": {
            "avatar_hash": "18034abdbce3",
            "image_72": "https:\/\/avatars.slack-edge.com\/2023-01-26\/4700726977909_18034abdbce385064283_72.jpg",
            "first_name": "Virginia",
            "real_name": "Virginia",
            "display_name": "Virginia",
            "team": "T04LDH2CNBY",
            "name": "virginia",
            "is_restricted": false,
            "is_ultra_restricted": false
        }
    },
    {
        "client_msg_id": "e7c92ed2-a03d-47df-a35c-85805943bce3",
        "type": "message",
        "text": "121757 ACPH (Bay) 11\/14",
        "user": "U04LYRG90QZ",
        "ts": "1697638251.696119",
        "blocks": [
            {
                "type": "rich_text",
                "block_id": "vuM2S",
                "elements": [
                    {
                        "type": "rich_text_section",
                        "elements": [
                            {
                                "type": "text",
                                "text": "121757 ACPH (Bay) 11\/14"
                            }
                        ]
                    }
                ]
            }
        ],
        "team": "T04LDH2CNBY",
        "user_team": "T04LDH2CNBY",
        "source_team": "T04LDH2CNBY",
        "user_profile": {
            "avatar_hash": "18034abdbce3",
            "image_72": "https:\/\/avatars.slack-edge.com\/2023-01-26\/4700726977909_18034abdbce385064283_72.jpg",
            "first_name": "Virginia",
            "real_name": "Virginia",
            "display_name": "Virginia",
            "team": "T04LDH2CNBY",
            "name": "virginia",
            "is_restricted": false,
            "is_ultra_restricted": false
        }
    },
    {
        "client_msg_id": "df928886-287f-467a-b6d8-e02f0a45871c",
        "type": "message",
        "text": "121758 ACPH (Bay) 11\/13\n121759 ACPH (Bay) 11\/27\n121760 ACPH (Bay) 12\/4\n121761 ACPH (Bay) 1\/8",
        "user": "U04LYRG90QZ",
        "ts": "1697638397.954379",
        "blocks": [
            {
                "type": "rich_text",
                "block_id": "DCz4h",
                "elements": [
                    {
                        "type": "rich_text_section",
                        "elements": [
                            {
                                "type": "text",
                                "text": "121758 ACPH (Bay) 11\/13\n121759 ACPH (Bay) 11\/27\n121760 ACPH (Bay) 12\/4\n121761 ACPH (Bay) 1\/8"
                            }
                        ]
                    }
                ]
            }
        ],
        "team": "T04LDH2CNBY",
        "user_team": "T04LDH2CNBY",
        "source_team": "T04LDH2CNBY",
        "user_profile": {
            "avatar_hash": "18034abdbce3",
            "image_72": "https:\/\/avatars.slack-edge.com\/2023-01-26\/4700726977909_18034abdbce385064283_72.jpg",
            "first_name": "Virginia",
            "real_name": "Virginia",
            "display_name": "Virginia",
            "team": "T04LDH2CNBY",
            "name": "virginia",
            "is_restricted": false,
            "is_ultra_restricted": false
        }
    },
    {
        "client_msg_id": "7cf65c71-2647-41b4-8138-c4dd1fb232cd",
        "type": "message",
        "text": "121762 BH 11\/2\n121763 BH 11\/16\n121764 BH 11\/23\n121765 BH 11\/30\n121766 BH 12\/7",
        "user": "U04LYRG90QZ",
        "ts": "1697638951.279119",
        "blocks": [
            {
                "type": "rich_text",
                "block_id": "X0Pew",
                "elements": [
                    {
                        "type": "rich_text_section",
                        "elements": [
                            {
                                "type": "text",
                                "text": "121762 BH 11\/2\n121763 BH 11\/16\n121764 BH 11\/23\n121765 BH 11\/30\n121766 BH 12\/7"
                            }
                        ]
                    }
                ]
            }
        ],
        "team": "T04LDH2CNBY",
        "user_team": "T04LDH2CNBY",
        "source_team": "T04LDH2CNBY",
        "user_profile": {
            "avatar_hash": "18034abdbce3",
            "image_72": "https:\/\/avatars.slack-edge.com\/2023-01-26\/4700726977909_18034abdbce385064283_72.jpg",
            "first_name": "Virginia",
            "real_name": "Virginia",
            "display_name": "Virginia",
            "team": "T04LDH2CNBY",
            "name": "virginia",
            "is_restricted": false,
            "is_ultra_restricted": false
        },
        "edited": {
            "user": "U04LYRG90QZ",
            "ts": "1697639104.000000"
        }
    },
    {
        "client_msg_id": "6e7ef872-0362-4b0e-90ba-f00a5cff6fba",
        "type": "message",
        "text": "121767 BH 11\/12\n121768 BH 11\/22\n121769 BH 11\/29\n121770 BH 12\/6\n121771 BH 11\/9\n121772 BH 11\/23\n121773 BH 12\/7",
        "user": "U04LYRG90QZ",
        "ts": "1697640011.921429",
        "blocks": [
            {
                "type": "rich_text",
                "block_id": "zioSl",
                "elements": [
                    {
                        "type": "rich_text_section",
                        "elements": [
                            {
                                "type": "text",
                                "text": "121767 BH 11\/12\n121768 BH 11\/22\n121769 BH 11\/29\n121770 BH 12\/6\n121771 BH 11\/9\n121772 BH 11\/23\n121773 BH 12\/7"
                            }
                        ]
                    }
                ]
            }
        ],
        "team": "T04LDH2CNBY",
        "user_team": "T04LDH2CNBY",
        "source_team": "T04LDH2CNBY",
        "user_profile": {
            "avatar_hash": "18034abdbce3",
            "image_72": "https:\/\/avatars.slack-edge.com\/2023-01-26\/4700726977909_18034abdbce385064283_72.jpg",
            "first_name": "Virginia",
            "real_name": "Virginia",
            "display_name": "Virginia",
            "team": "T04LDH2CNBY",
            "name": "virginia",
            "is_restricted": false,
            "is_ultra_restricted": false
        },
        "edited": {
            "user": "U04LYRG90QZ",
            "ts": "1697640096.000000"
        }
    },
    {
        "client_msg_id": "60372b0b-fb93-4895-b6c0-ebe357cfd60e",
        "type": "message",
        "text": "121774 CFT 10\/17",
        "user": "U04LYRG90QZ",
        "ts": "1697644388.485649",
        "blocks": [
            {
                "type": "rich_text",
                "block_id": "iTTnz",
                "elements": [
                    {
                        "type": "rich_text_section",
                        "elements": [
                            {
                                "type": "text",
                                "text": "121774 CFT 10\/17"
                            }
                        ]
                    }
                ]
            }
        ],
        "team": "T04LDH2CNBY",
        "user_team": "T04LDH2CNBY",
        "source_team": "T04LDH2CNBY",
        "user_profile": {
            "avatar_hash": "18034abdbce3",
            "image_72": "https:\/\/avatars.slack-edge.com\/2023-01-26\/4700726977909_18034abdbce385064283_72.jpg",
            "first_name": "Virginia",
            "real_name": "Virginia",
            "display_name": "Virginia",
            "team": "T04LDH2CNBY",
            "name": "virginia",
            "is_restricted": false,
            "is_ultra_restricted": false
        }
    },
    {
        "client_msg_id": "418b7211-6c68-4eab-af81-8e08fdcf338b",
        "type": "message",
        "text": "121775 BH 10\/27",
        "user": "U04LYRG90QZ",
        "ts": "1697646182.742619",
        "blocks": [
            {
                "type": "rich_text",
                "block_id": "DcmTA",
                "elements": [
                    {
                        "type": "rich_text_section",
                        "elements": [
                            {
                                "type": "text",
                                "text": "121775 BH 10\/27"
                            }
                        ]
                    }
                ]
            }
        ],
        "team": "T04LDH2CNBY",
        "user_team": "T04LDH2CNBY",
        "source_team": "T04LDH2CNBY",
        "user_profile": {
            "avatar_hash": "18034abdbce3",
            "image_72": "https:\/\/avatars.slack-edge.com\/2023-01-26\/4700726977909_18034abdbce385064283_72.jpg",
            "first_name": "Virginia",
            "real_name": "Virginia",
            "display_name": "Virginia",
            "team": "T04LDH2CNBY",
            "name": "virginia",
            "is_restricted": false,
            "is_ultra_restricted": false
        }
    },
    {
        "client_msg_id": "1051b6dc-7d67-4e1a-9666-85f139d57a13",
        "type": "message",
        "text": "121776 CFT 10\/18",
        "user": "U04LYRG90QZ",
        "ts": "1697647046.314889",
        "blocks": [
            {
                "type": "rich_text",
                "block_id": "P89US",
                "elements": [
                    {
                        "type": "rich_text_section",
                        "elements": [
                            {
                                "type": "text",
                                "text": "121776 CFT 10\/18"
                            }
                        ]
                    }
                ]
            }
        ],
        "team": "T04LDH2CNBY",
        "user_team": "T04LDH2CNBY",
        "source_team": "T04LDH2CNBY",
        "user_profile": {
            "avatar_hash": "18034abdbce3",
            "image_72": "https:\/\/avatars.slack-edge.com\/2023-01-26\/4700726977909_18034abdbce385064283_72.jpg",
            "first_name": "Virginia",
            "real_name": "Virginia",
            "display_name": "Virginia",
            "team": "T04LDH2CNBY",
            "name": "virginia",
            "is_restricted": false,
            "is_ultra_restricted": false
        }
    },
    {
        "client_msg_id": "4042a814-ebda-4604-9386-c428884794d6",
        "type": "message",
        "text": "121777 CV 10\/18",
        "user": "U04LYRG90QZ",
        "ts": "1697648456.919279",
        "blocks": [
            {
                "type": "rich_text",
                "block_id": "0TabD",
                "elements": [
                    {
                        "type": "rich_text_section",
                        "elements": [
                            {
                                "type": "text",
                                "text": "121777 CV 10\/18"
                            }
                        ]
                    }
                ]
            }
        ],
        "team": "T04LDH2CNBY",
        "user_team": "T04LDH2CNBY",
        "source_team": "T04LDH2CNBY",
        "user_profile": {
            "avatar_hash": "18034abdbce3",
            "image_72": "https:\/\/avatars.slack-edge.com\/2023-01-26\/4700726977909_18034abdbce385064283_72.jpg",
            "first_name": "Virginia",
            "real_name": "Virginia",
            "display_name": "Virginia",
            "team": "T04LDH2CNBY",
            "name": "virginia",
            "is_restricted": false,
            "is_ultra_restricted": false
        }
    },
    {
        "client_msg_id": "2c581b1b-a96c-48c6-8109-40af2407cc0f",
        "type": "message",
        "text": "121778 Napa 11\/2\n121779 Napa 11\/7\n121780 Napa 11\/7\n121781 Napa 11\/28\n121782 Napa 11\/29",
        "user": "U04LYRG90QZ",
        "ts": "1697651214.501379",
        "blocks": [
            {
                "type": "rich_text",
                "block_id": "qPHWD",
                "elements": [
                    {
                        "type": "rich_text_section",
                        "elements": [
                            {
                                "type": "text",
                                "text": "121778 Napa 11\/2\n121779 Napa 11\/7\n121780 Napa 11\/7\n121781 Napa 11\/28\n121782 Napa 11\/29"
                            }
                        ]
                    }
                ]
            }
        ],
        "team": "T04LDH2CNBY",
        "user_team": "T04LDH2CNBY",
        "source_team": "T04LDH2CNBY",
        "user_profile": {
            "avatar_hash": "18034abdbce3",
            "image_72": "https:\/\/avatars.slack-edge.com\/2023-01-26\/4700726977909_18034abdbce385064283_72.jpg",
            "first_name": "Virginia",
            "real_name": "Virginia",
            "display_name": "Virginia",
            "team": "T04LDH2CNBY",
            "name": "virginia",
            "is_restricted": false,
            "is_ultra_restricted": false
        }
    },
    {
        "client_msg_id": "0653f464-cbab-4049-82a5-aea7d9691125",
        "type": "message",
        "text": "121783 CFT 10\/18",
        "user": "U04LYRG90QZ",
        "ts": "1697654293.440399",
        "blocks": [
            {
                "type": "rich_text",
                "block_id": "JvAnc",
                "elements": [
                    {
                        "type": "rich_text_section",
                        "elements": [
                            {
                                "type": "text",
                                "text": "121783 CFT 10\/18"
                            }
                        ]
                    }
                ]
            }
        ],
        "team": "T04LDH2CNBY",
        "user_team": "T04LDH2CNBY",
        "source_team": "T04LDH2CNBY",
        "user_profile": {
            "avatar_hash": "18034abdbce3",
            "image_72": "https:\/\/avatars.slack-edge.com\/2023-01-26\/4700726977909_18034abdbce385064283_72.jpg",
            "first_name": "Virginia",
            "real_name": "Virginia",
            "display_name": "Virginia",
            "team": "T04LDH2CNBY",
            "name": "virginia",
            "is_restricted": false,
            "is_ultra_restricted": false
        }
    },
    {
        "client_msg_id": "0da55677-e6f7-44c4-9ccd-b487edf871a7",
        "type": "message",
        "text": "121784 ACPH (Chavez) 11\/14",
        "user": "U04LYRG90QZ",
        "ts": "1697654620.782669",
        "blocks": [
            {
                "type": "rich_text",
                "block_id": "LGNg7",
                "elements": [
                    {
                        "type": "rich_text_section",
                        "elements": [
                            {
                                "type": "text",
                                "text": "121784 ACPH (Chavez) 11\/14"
                            }
                        ]
                    }
                ]
            }
        ],
        "team": "T04LDH2CNBY",
        "user_team": "T04LDH2CNBY",
        "source_team": "T04LDH2CNBY",
        "user_profile": {
            "avatar_hash": "18034abdbce3",
            "image_72": "https:\/\/avatars.slack-edge.com\/2023-01-26\/4700726977909_18034abdbce385064283_72.jpg",
            "first_name": "Virginia",
            "real_name": "Virginia",
            "display_name": "Virginia",
            "team": "T04LDH2CNBY",
            "name": "virginia",
            "is_restricted": false,
            "is_ultra_restricted": false
        }
    },
    {
        "client_msg_id": "a02851f4-5bce-4efc-9ba6-4189d18fbf09",
        "type": "message",
        "text": "121785 ACPH (Chavez) 11\/6",
        "user": "U04LYRG90QZ",
        "ts": "1697654773.595649",
        "blocks": [
            {
                "type": "rich_text",
                "block_id": "Abuhf",
                "elements": [
                    {
                        "type": "rich_text_section",
                        "elements": [
                            {
                                "type": "text",
                                "text": "121785 ACPH (Chavez) 11\/6"
                            }
                        ]
                    }
                ]
            }
        ],
        "team": "T04LDH2CNBY",
        "user_team": "T04LDH2CNBY",
        "source_team": "T04LDH2CNBY",
        "user_profile": {
            "avatar_hash": "18034abdbce3",
            "image_72": "https:\/\/avatars.slack-edge.com\/2023-01-26\/4700726977909_18034abdbce385064283_72.jpg",
            "first_name": "Virginia",
            "real_name": "Virginia",
            "display_name": "Virginia",
            "team": "T04LDH2CNBY",
            "name": "virginia",
            "is_restricted": false,
            "is_ultra_restricted": false
        }
    },
    {
        "client_msg_id": "4893b81a-71cb-4f92-b61c-31b15f5b73bc",
        "type": "message",
        "text": "121786 NAPA 10\/24",
        "user": "U04LYRG90QZ",
        "ts": "1697666646.771449",
        "blocks": [
            {
                "type": "rich_text",
                "block_id": "Qn5aR",
                "elements": [
                    {
                        "type": "rich_text_section",
                        "elements": [
                            {
                                "type": "text",
                                "text": "121786 NAPA 10\/24"
                            }
                        ]
                    }
                ]
            }
        ],
        "team": "T04LDH2CNBY",
        "user_team": "T04LDH2CNBY",
        "source_team": "T04LDH2CNBY",
        "user_profile": {
            "avatar_hash": "18034abdbce3",
            "image_72": "https:\/\/avatars.slack-edge.com\/2023-01-26\/4700726977909_18034abdbce385064283_72.jpg",
            "first_name": "Virginia",
            "real_name": "Virginia",
            "display_name": "Virginia",
            "team": "T04LDH2CNBY",
            "name": "virginia",
            "is_restricted": false,
            "is_ultra_restricted": false
        }
    },
    {
        "client_msg_id": "ea915a11-2f38-41c6-b76c-fce7c9e1abd6",
        "type": "message",
        "text": "121787 ACPH (Bay) 10\/26",
        "user": "U04LYRG90QZ",
        "ts": "1697668103.829899",
        "blocks": [
            {
                "type": "rich_text",
                "block_id": "7CFNk",
                "elements": [
                    {
                        "type": "rich_text_section",
                        "elements": [
                            {
                                "type": "text",
                                "text": "121787 ACPH (Bay) 10\/26"
                            }
                        ]
                    }
                ]
            }
        ],
        "team": "T04LDH2CNBY",
        "user_team": "T04LDH2CNBY",
        "source_team": "T04LDH2CNBY",
        "user_profile": {
            "avatar_hash": "18034abdbce3",
            "image_72": "https:\/\/avatars.slack-edge.com\/2023-01-26\/4700726977909_18034abdbce385064283_72.jpg",
            "first_name": "Virginia",
            "real_name": "Virginia",
            "display_name": "Virginia",
            "team": "T04LDH2CNBY",
            "name": "virginia",
            "is_restricted": false,
            "is_ultra_restricted": false
        }
    },
    {
        "client_msg_id": "f25fcd0d-5e9d-41b3-9684-96c307bc132a",
        "type": "message",
        "text": "121788 City of Oak 10\/25",
        "user": "U04LYRG90QZ",
        "ts": "1697668508.640929",
        "blocks": [
            {
                "type": "rich_text",
                "block_id": "9enik",
                "elements": [
                    {
                        "type": "rich_text_section",
                        "elements": [
                            {
                                "type": "text",
                                "text": "121788 City of Oak 10\/25"
                            }
                        ]
                    }
                ]
            }
        ],
        "team": "T04LDH2CNBY",
        "user_team": "T04LDH2CNBY",
        "source_team": "T04LDH2CNBY",
        "user_profile": {
            "avatar_hash": "18034abdbce3",
            "image_72": "https:\/\/avatars.slack-edge.com\/2023-01-26\/4700726977909_18034abdbce385064283_72.jpg",
            "first_name": "Virginia",
            "real_name": "Virginia",
            "display_name": "Virginia",
            "team": "T04LDH2CNBY",
            "name": "virginia",
            "is_restricted": false,
            "is_ultra_restricted": false
        }
    },
    {
        "client_msg_id": "8be2c868-45b6-43f5-84cb-e07be90b1735",
        "type": "message",
        "text": "121789 ACPH (Glankler) 11\/2",
        "user": "U04LYRG90QZ",
        "ts": "1697670455.745939",
        "blocks": [
            {
                "type": "rich_text",
                "block_id": "aDkF\/",
                "elements": [
                    {
                        "type": "rich_text_section",
                        "elements": [
                            {
                                "type": "text",
                                "text": "121789 ACPH (Glankler) 11\/2"
                            }
                        ]
                    }
                ]
            }
        ],
        "team": "T04LDH2CNBY",
        "user_team": "T04LDH2CNBY",
        "source_team": "T04LDH2CNBY",
        "user_profile": {
            "avatar_hash": "18034abdbce3",
            "image_72": "https:\/\/avatars.slack-edge.com\/2023-01-26\/4700726977909_18034abdbce385064283_72.jpg",
            "first_name": "Virginia",
            "real_name": "Virginia",
            "display_name": "Virginia",
            "team": "T04LDH2CNBY",
            "name": "virginia",
            "is_restricted": false,
            "is_ultra_restricted": false
        }
    },
    {
        "client_msg_id": "1339c3ef-9f67-4a5e-9678-e70be20cefd8",
        "type": "message",
        "text": "121790 ACPH (WO) 10\/25",
        "user": "U0576JVJF1Q",
        "ts": "1697672448.923049",
        "blocks": [
            {
                "type": "rich_text",
                "block_id": "tup6n",
                "elements": [
                    {
                        "type": "rich_text_section",
                        "elements": [
                            {
                                "type": "text",
                                "text": "121790 ACPH (WO) 10\/25"
                            }
                        ]
                    }
                ]
            }
        ],
        "team": "T04LDH2CNBY",
        "user_team": "T04LDH2CNBY",
        "source_team": "T04LDH2CNBY",
        "user_profile": {
            "avatar_hash": "g12be1dbd2bd",
            "image_72": "https:\/\/secure.gravatar.com\/avatar\/12be1dbd2bd270e15f2abc83ff193814.jpg?s=72&d=https%3A%2F%2Fa.slack-edge.com%2Fdf10d%2Fimg%2Favatars%2Fava_0010-72.png",
            "first_name": "Kai",
            "real_name": "Kai",
            "display_name": "Kai",
            "team": "T04LDH2CNBY",
            "name": "kai",
            "is_restricted": false,
            "is_ultra_restricted": false
        }
    },
    {
        "client_msg_id": "e72a164b-4471-4699-9739-3b83123fd2d5",
        "type": "message",
        "text": "121791 ACPH (Bay) 11\/1",
        "user": "U0576JVJF1Q",
        "ts": "1697672692.157859",
        "blocks": [
            {
                "type": "rich_text",
                "block_id": "EXVBw",
                "elements": [
                    {
                        "type": "rich_text_section",
                        "elements": [
                            {
                                "type": "text",
                                "text": "121791 ACPH (Bay) 11\/1"
                            }
                        ]
                    }
                ]
            }
        ],
        "team": "T04LDH2CNBY",
        "user_team": "T04LDH2CNBY",
        "source_team": "T04LDH2CNBY",
        "user_profile": {
            "avatar_hash": "g12be1dbd2bd",
            "image_72": "https:\/\/secure.gravatar.com\/avatar\/12be1dbd2bd270e15f2abc83ff193814.jpg?s=72&d=https%3A%2F%2Fa.slack-edge.com%2Fdf10d%2Fimg%2Favatars%2Fava_0010-72.png",
            "first_name": "Kai",
            "real_name": "Kai",
            "display_name": "Kai",
            "team": "T04LDH2CNBY",
            "name": "kai",
            "is_restricted": false,
            "is_ultra_restricted": false
        }
    }
]