[
    {
        "client_msg_id": "a8c8c3b4-18fe-42c6-9e81-c0a148df8f97",
        "type": "message",
        "text": "121279 FEMA 9\/15\n121280 FEMA 9\/22\n121281 FEMA 9\/29\n121282 FEMA 10\/6\n121283 FEMA 10\/13\n121284 FEMA 10\/20",
        "user": "U04LYRG90QZ",
        "ts": "1694182929.361369",
        "blocks": [
            {
                "type": "rich_text",
                "block_id": "Pbtw6",
                "elements": [
                    {
                        "type": "rich_text_section",
                        "elements": [
                            {
                                "type": "text",
                                "text": "121279 FEMA 9\/15\n121280 FEMA 9\/22\n121281 FEMA 9\/29\n121282 FEMA 10\/6\n121283 FEMA 10\/13\n121284 FEMA 10\/20"
                            }
                        ]
                    }
                ]
            }
        ],
        "team": "T04LDH2CNBY",
        "user_team": "T04LDH2CNBY",
        "source_team": "T04LDH2CNBY",
        "user_profile": {
            "avatar_hash": "18034abdbce3",
            "image_72": "https:\/\/avatars.slack-edge.com\/2023-01-26\/4700726977909_18034abdbce385064283_72.jpg",
            "first_name": "Virginia",
            "real_name": "Virginia",
            "display_name": "Virginia",
            "team": "T04LDH2CNBY",
            "name": "virginia",
            "is_restricted": false,
            "is_ultra_restricted": false
        }
    },
    {
        "client_msg_id": "daa368be-bbad-4679-bdba-edd887220359",
        "type": "message",
        "text": "121285 SL 9\/13",
        "user": "U04LYRG90QZ",
        "ts": "1694182941.500669",
        "blocks": [
            {
                "type": "rich_text",
                "block_id": "UbJI0",
                "elements": [
                    {
                        "type": "rich_text_section",
                        "elements": [
                            {
                                "type": "text",
                                "text": "121285 SL 9\/13"
                            }
                        ]
                    }
                ]
            }
        ],
        "team": "T04LDH2CNBY",
        "user_team": "T04LDH2CNBY",
        "source_team": "T04LDH2CNBY",
        "user_profile": {
            "avatar_hash": "18034abdbce3",
            "image_72": "https:\/\/avatars.slack-edge.com\/2023-01-26\/4700726977909_18034abdbce385064283_72.jpg",
            "first_name": "Virginia",
            "real_name": "Virginia",
            "display_name": "Virginia",
            "team": "T04LDH2CNBY",
            "name": "virginia",
            "is_restricted": false,
            "is_ultra_restricted": false
        },
        "edited": {
            "user": "U04LYRG90QZ",
            "ts": "1694190919.000000"
        }
    },
    {
        "client_msg_id": "d30ed4df-a86c-409a-9c04-6843f44882c7",
        "type": "message",
        "text": "121286 City of Oakland 9\/11",
        "user": "U0576JVJF1Q",
        "ts": "1694194727.169829",
        "blocks": [
            {
                "type": "rich_text",
                "block_id": "4D7lM",
                "elements": [
                    {
                        "type": "rich_text_section",
                        "elements": [
                            {
                                "type": "text",
                                "text": "121286 City of Oakland 9\/11"
                            }
                        ]
                    }
                ]
            }
        ],
        "team": "T04LDH2CNBY",
        "user_team": "T04LDH2CNBY",
        "source_team": "T04LDH2CNBY",
        "user_profile": {
            "avatar_hash": "g12be1dbd2bd",
            "image_72": "https:\/\/secure.gravatar.com\/avatar\/12be1dbd2bd270e15f2abc83ff193814.jpg?s=72&d=https%3A%2F%2Fa.slack-edge.com%2Fdf10d%2Fimg%2Favatars%2Fava_0010-72.png",
            "first_name": "Kai",
            "real_name": "Kai",
            "display_name": "Kai",
            "team": "T04LDH2CNBY",
            "name": "kai",
            "is_restricted": false,
            "is_ultra_restricted": false
        }
    },
    {
        "client_msg_id": "a58470e0-da74-4dda-bcea-436be6cd30e3",
        "type": "message",
        "text": "121287 ACPH (Chavez) 10\/12",
        "user": "U0576JVJF1Q",
        "ts": "1694195258.616669",
        "blocks": [
            {
                "type": "rich_text",
                "block_id": "snawa",
                "elements": [
                    {
                        "type": "rich_text_section",
                        "elements": [
                            {
                                "type": "text",
                                "text": "121287 ACPH (Chavez) 10\/12"
                            }
                        ]
                    }
                ]
            }
        ],
        "team": "T04LDH2CNBY",
        "user_team": "T04LDH2CNBY",
        "source_team": "T04LDH2CNBY",
        "user_profile": {
            "avatar_hash": "g12be1dbd2bd",
            "image_72": "https:\/\/secure.gravatar.com\/avatar\/12be1dbd2bd270e15f2abc83ff193814.jpg?s=72&d=https%3A%2F%2Fa.slack-edge.com%2Fdf10d%2Fimg%2Favatars%2Fava_0010-72.png",
            "first_name": "Kai",
            "real_name": "Kai",
            "display_name": "Kai",
            "team": "T04LDH2CNBY",
            "name": "kai",
            "is_restricted": false,
            "is_ultra_restricted": false
        }
    },
    {
        "client_msg_id": "9ec26df9-2110-465b-969d-0cb762bea268",
        "type": "message",
        "text": "121288 ACPH (Bay) 9\/11",
        "user": "U0576JVJF1Q",
        "ts": "1694195724.091209",
        "blocks": [
            {
                "type": "rich_text",
                "block_id": "pQv2R",
                "elements": [
                    {
                        "type": "rich_text_section",
                        "elements": [
                            {
                                "type": "text",
                                "text": "121288 ACPH (Bay) 9\/11"
                            }
                        ]
                    }
                ]
            }
        ],
        "team": "T04LDH2CNBY",
        "user_team": "T04LDH2CNBY",
        "source_team": "T04LDH2CNBY",
        "user_profile": {
            "avatar_hash": "g12be1dbd2bd",
            "image_72": "https:\/\/secure.gravatar.com\/avatar\/12be1dbd2bd270e15f2abc83ff193814.jpg?s=72&d=https%3A%2F%2Fa.slack-edge.com%2Fdf10d%2Fimg%2Favatars%2Fava_0010-72.png",
            "first_name": "Kai",
            "real_name": "Kai",
            "display_name": "Kai",
            "team": "T04LDH2CNBY",
            "name": "kai",
            "is_restricted": false,
            "is_ultra_restricted": false
        }
    },
    {
        "client_msg_id": "4ea04ebd-e173-4628-b327-91adf3e3e628",
        "type": "message",
        "text": "121289 CV 9\/12",
        "user": "U04LYRG90QZ",
        "ts": "1694197349.962769",
        "blocks": [
            {
                "type": "rich_text",
                "block_id": "Ro3s2",
                "elements": [
                    {
                        "type": "rich_text_section",
                        "elements": [
                            {
                                "type": "text",
                                "text": "121289 CV 9\/12"
                            }
                        ]
                    }
                ]
            }
        ],
        "team": "T04LDH2CNBY",
        "user_team": "T04LDH2CNBY",
        "source_team": "T04LDH2CNBY",
        "user_profile": {
            "avatar_hash": "18034abdbce3",
            "image_72": "https:\/\/avatars.slack-edge.com\/2023-01-26\/4700726977909_18034abdbce385064283_72.jpg",
            "first_name": "Virginia",
            "real_name": "Virginia",
            "display_name": "Virginia",
            "team": "T04LDH2CNBY",
            "name": "virginia",
            "is_restricted": false,
            "is_ultra_restricted": false
        }
    },
    {
        "client_msg_id": "5cfca172-5329-485f-92a2-9374db6aa95f",
        "type": "message",
        "text": "121290 CFT 9\/19\n121291 CFT 10\/4",
        "user": "U04LYRG90QZ",
        "ts": "1694206478.895689",
        "blocks": [
            {
                "type": "rich_text",
                "block_id": "WzfgD",
                "elements": [
                    {
                        "type": "rich_text_section",
                        "elements": [
                            {
                                "type": "text",
                                "text": "121290 CFT 9\/19\n121291 CFT 10\/4"
                            }
                        ]
                    }
                ]
            }
        ],
        "team": "T04LDH2CNBY",
        "user_team": "T04LDH2CNBY",
        "source_team": "T04LDH2CNBY",
        "user_profile": {
            "avatar_hash": "18034abdbce3",
            "image_72": "https:\/\/avatars.slack-edge.com\/2023-01-26\/4700726977909_18034abdbce385064283_72.jpg",
            "first_name": "Virginia",
            "real_name": "Virginia",
            "display_name": "Virginia",
            "team": "T04LDH2CNBY",
            "name": "virginia",
            "is_restricted": false,
            "is_ultra_restricted": false
        }
    },
    {
        "client_msg_id": "954f4f1e-5e21-47c1-a466-7e750e41678f",
        "type": "message",
        "text": "121292 ACPH (Glankler) 10\/3\n121293 ACPH (Glankler) 10\/10\n121294 ACPH (Glankler) 10\/17\n121295 ACPH (Glankler) 10\/24\n121296 ACPH (Glankler) 10\/31\n121292 ACPH (Glankler) 11\/7",
        "user": "U04LYRG90QZ",
        "ts": "1694209765.019739",
        "blocks": [
            {
                "type": "rich_text",
                "block_id": "eYNLF",
                "elements": [
                    {
                        "type": "rich_text_section",
                        "elements": [
                            {
                                "type": "text",
                                "text": "121292 ACPH (Glankler) 10\/3\n121293 ACPH (Glankler) 10\/10\n121294 ACPH (Glankler) 10\/17\n121295 ACPH (Glankler) 10\/24\n121296 ACPH (Glankler) 10\/31\n121292 ACPH (Glankler) 11\/7"
                            }
                        ]
                    }
                ]
            }
        ],
        "team": "T04LDH2CNBY",
        "user_team": "T04LDH2CNBY",
        "source_team": "T04LDH2CNBY",
        "user_profile": {
            "avatar_hash": "18034abdbce3",
            "image_72": "https:\/\/avatars.slack-edge.com\/2023-01-26\/4700726977909_18034abdbce385064283_72.jpg",
            "first_name": "Virginia",
            "real_name": "Virginia",
            "display_name": "Virginia",
            "team": "T04LDH2CNBY",
            "name": "virginia",
            "is_restricted": false,
            "is_ultra_restricted": false
        },
        "edited": {
            "user": "U04LYRG90QZ",
            "ts": "1694209774.000000"
        }
    },
    {
        "client_msg_id": "21eb74a5-f835-473d-9e1f-b9b48d3e57ed",
        "type": "message",
        "text": "121293 ACSS 9\/21",
        "user": "U04LYRG90QZ",
        "ts": "1694210161.111939",
        "blocks": [
            {
                "type": "rich_text",
                "block_id": "0Ge1c",
                "elements": [
                    {
                        "type": "rich_text_section",
                        "elements": [
                            {
                                "type": "text",
                                "text": "121293 ACSS 9\/21"
                            }
                        ]
                    }
                ]
            }
        ],
        "team": "T04LDH2CNBY",
        "user_team": "T04LDH2CNBY",
        "source_team": "T04LDH2CNBY",
        "user_profile": {
            "avatar_hash": "18034abdbce3",
            "image_72": "https:\/\/avatars.slack-edge.com\/2023-01-26\/4700726977909_18034abdbce385064283_72.jpg",
            "first_name": "Virginia",
            "real_name": "Virginia",
            "display_name": "Virginia",
            "team": "T04LDH2CNBY",
            "name": "virginia",
            "is_restricted": false,
            "is_ultra_restricted": false
        }
    },
    {
        "client_msg_id": "68c67fa0-c664-4552-aa2e-89ff2c0d4fff",
        "type": "message",
        "text": "121294 CFT 9\/12",
        "user": "U04LYRG90QZ",
        "ts": "1694211035.826229",
        "blocks": [
            {
                "type": "rich_text",
                "block_id": "7uAJq",
                "elements": [
                    {
                        "type": "rich_text_section",
                        "elements": [
                            {
                                "type": "text",
                                "text": "121294 CFT 9\/12"
                            }
                        ]
                    }
                ]
            }
        ],
        "team": "T04LDH2CNBY",
        "user_team": "T04LDH2CNBY",
        "source_team": "T04LDH2CNBY",
        "user_profile": {
            "avatar_hash": "18034abdbce3",
            "image_72": "https:\/\/avatars.slack-edge.com\/2023-01-26\/4700726977909_18034abdbce385064283_72.jpg",
            "first_name": "Virginia",
            "real_name": "Virginia",
            "display_name": "Virginia",
            "team": "T04LDH2CNBY",
            "name": "virginia",
            "is_restricted": false,
            "is_ultra_restricted": false
        }
    }
]