[
    {
        "client_msg_id": "9bdd1762-92fe-4cf1-aaf1-09360c621bd9",
        "type": "message",
        "text": "119914 - Napa - 5\/16\n119915 - Napa - 5\/16\n119916 - Napa - 5\/16",
        "user": "U04LYRG90QZ",
        "ts": "1683557163.445549",
        "blocks": [
            {
                "type": "rich_text",
                "block_id": "\/i48",
                "elements": [
                    {
                        "type": "rich_text_section",
                        "elements": [
                            {
                                "type": "text",
                                "text": "119914 - Napa - 5\/16\n119915 - Napa - 5\/16\n119916 - Napa - 5\/16"
                            }
                        ]
                    }
                ]
            }
        ],
        "team": "T04LDH2CNBY",
        "user_team": "T04LDH2CNBY",
        "source_team": "T04LDH2CNBY",
        "user_profile": {
            "avatar_hash": "18034abdbce3",
            "image_72": "https:\/\/avatars.slack-edge.com\/2023-01-26\/4700726977909_18034abdbce385064283_72.jpg",
            "first_name": "Virginia",
            "real_name": "Virginia",
            "display_name": "Virginia",
            "team": "T04LDH2CNBY",
            "name": "virginia",
            "is_restricted": false,
            "is_ultra_restricted": false
        }
    },
    {
        "client_msg_id": "62d44089-f27d-42ec-89c8-aad24491b8bc",
        "type": "message",
        "text": "119917 - Napa - 5\/11",
        "user": "U04LYRG90QZ",
        "ts": "1683558431.477379",
        "blocks": [
            {
                "type": "rich_text",
                "block_id": "9sDxP",
                "elements": [
                    {
                        "type": "rich_text_section",
                        "elements": [
                            {
                                "type": "text",
                                "text": "119917 - Napa - 5\/11"
                            }
                        ]
                    }
                ]
            }
        ],
        "team": "T04LDH2CNBY",
        "user_team": "T04LDH2CNBY",
        "source_team": "T04LDH2CNBY",
        "user_profile": {
            "avatar_hash": "18034abdbce3",
            "image_72": "https:\/\/avatars.slack-edge.com\/2023-01-26\/4700726977909_18034abdbce385064283_72.jpg",
            "first_name": "Virginia",
            "real_name": "Virginia",
            "display_name": "Virginia",
            "team": "T04LDH2CNBY",
            "name": "virginia",
            "is_restricted": false,
            "is_ultra_restricted": false
        }
    },
    {
        "client_msg_id": "1b9dd355-1faa-4f87-a62c-5bd2a6629bdf",
        "type": "message",
        "text": "119918 - Napa - 5\/9\n119919 - Napa - 5\/9\n119920 - Napa - 5\/9\n119921 - Napa - 5\/11",
        "user": "U04LYRG90QZ",
        "ts": "1683559265.693219",
        "blocks": [
            {
                "type": "rich_text",
                "block_id": "o3C5r",
                "elements": [
                    {
                        "type": "rich_text_section",
                        "elements": [
                            {
                                "type": "text",
                                "text": "119918 - Napa - 5\/9\n119919 - Napa - 5\/9\n119920 - Napa - 5\/9\n119921 - Napa - 5\/11"
                            }
                        ]
                    }
                ]
            }
        ],
        "team": "T04LDH2CNBY",
        "user_team": "T04LDH2CNBY",
        "source_team": "T04LDH2CNBY",
        "user_profile": {
            "avatar_hash": "18034abdbce3",
            "image_72": "https:\/\/avatars.slack-edge.com\/2023-01-26\/4700726977909_18034abdbce385064283_72.jpg",
            "first_name": "Virginia",
            "real_name": "Virginia",
            "display_name": "Virginia",
            "team": "T04LDH2CNBY",
            "name": "virginia",
            "is_restricted": false,
            "is_ultra_restricted": false
        }
    },
    {
        "client_msg_id": "011dc89e-3d8e-4cd0-b7fb-9fbe89860e9c",
        "type": "message",
        "text": "119922 CV 5\/11",
        "user": "U04LYRG90QZ",
        "ts": "1683562480.371229",
        "blocks": [
            {
                "type": "rich_text",
                "block_id": "GJ0P",
                "elements": [
                    {
                        "type": "rich_text_section",
                        "elements": [
                            {
                                "type": "text",
                                "text": "119922 CV 5\/11"
                            }
                        ]
                    }
                ]
            }
        ],
        "team": "T04LDH2CNBY",
        "user_team": "T04LDH2CNBY",
        "source_team": "T04LDH2CNBY",
        "user_profile": {
            "avatar_hash": "18034abdbce3",
            "image_72": "https:\/\/avatars.slack-edge.com\/2023-01-26\/4700726977909_18034abdbce385064283_72.jpg",
            "first_name": "Virginia",
            "real_name": "Virginia",
            "display_name": "Virginia",
            "team": "T04LDH2CNBY",
            "name": "virginia",
            "is_restricted": false,
            "is_ultra_restricted": false
        }
    },
    {
        "client_msg_id": "a67ead8f-35ed-4901-81f9-3be785be73d8",
        "type": "message",
        "text": "119923 - BH - 5\/10\n119924- BH - 5\/17\n119925- BH - 5\/24\n119926- BH - 5\/31",
        "user": "U04LYRG90QZ",
        "ts": "1683566328.716509",
        "blocks": [
            {
                "type": "rich_text",
                "block_id": "O+jCI",
                "elements": [
                    {
                        "type": "rich_text_section",
                        "elements": [
                            {
                                "type": "text",
                                "text": "119923 - BH - 5\/10\n119924- BH - 5\/17\n119925- BH - 5\/24\n119926- BH - 5\/31"
                            }
                        ]
                    }
                ]
            }
        ],
        "team": "T04LDH2CNBY",
        "user_team": "T04LDH2CNBY",
        "source_team": "T04LDH2CNBY",
        "user_profile": {
            "avatar_hash": "18034abdbce3",
            "image_72": "https:\/\/avatars.slack-edge.com\/2023-01-26\/4700726977909_18034abdbce385064283_72.jpg",
            "first_name": "Virginia",
            "real_name": "Virginia",
            "display_name": "Virginia",
            "team": "T04LDH2CNBY",
            "name": "virginia",
            "is_restricted": false,
            "is_ultra_restricted": false
        }
    },
    {
        "client_msg_id": "97b1001f-f09c-4682-90e1-6072e6931e84",
        "type": "message",
        "text": "119927 ACPH (Bay) 5\/19",
        "user": "U04LYRG90QZ",
        "ts": "1683568625.392149",
        "blocks": [
            {
                "type": "rich_text",
                "block_id": "HRPRj",
                "elements": [
                    {
                        "type": "rich_text_section",
                        "elements": [
                            {
                                "type": "text",
                                "text": "119927 ACPH (Bay) 5\/19"
                            }
                        ]
                    }
                ]
            }
        ],
        "team": "T04LDH2CNBY",
        "user_team": "T04LDH2CNBY",
        "source_team": "T04LDH2CNBY",
        "user_profile": {
            "avatar_hash": "18034abdbce3",
            "image_72": "https:\/\/avatars.slack-edge.com\/2023-01-26\/4700726977909_18034abdbce385064283_72.jpg",
            "first_name": "Virginia",
            "real_name": "Virginia",
            "display_name": "Virginia",
            "team": "T04LDH2CNBY",
            "name": "virginia",
            "is_restricted": false,
            "is_ultra_restricted": false
        },
        "edited": {
            "user": "U04LYRG90QZ",
            "ts": "1683568903.000000"
        }
    },
    {
        "client_msg_id": "c1766546-7172-436d-abac-b01edb1956d8",
        "type": "message",
        "text": "119928 ACPH (West Oakland) 6\/14",
        "user": "U04LYRG90QZ",
        "ts": "1683568922.697529",
        "blocks": [
            {
                "type": "rich_text",
                "block_id": "Fnmt",
                "elements": [
                    {
                        "type": "rich_text_section",
                        "elements": [
                            {
                                "type": "text",
                                "text": "119928 ACPH (West Oakland) 6\/14"
                            }
                        ]
                    }
                ]
            }
        ],
        "team": "T04LDH2CNBY",
        "user_team": "T04LDH2CNBY",
        "source_team": "T04LDH2CNBY",
        "user_profile": {
            "avatar_hash": "18034abdbce3",
            "image_72": "https:\/\/avatars.slack-edge.com\/2023-01-26\/4700726977909_18034abdbce385064283_72.jpg",
            "first_name": "Virginia",
            "real_name": "Virginia",
            "display_name": "Virginia",
            "team": "T04LDH2CNBY",
            "name": "virginia",
            "is_restricted": false,
            "is_ultra_restricted": false
        }
    },
    {
        "client_msg_id": "e61d615b-43ee-4751-ba79-f2348bcb3eee",
        "type": "message",
        "text": "119929 ACPH (West Oakland) 7\/3",
        "user": "U04LYRG90QZ",
        "ts": "1683570318.338219",
        "blocks": [
            {
                "type": "rich_text",
                "block_id": "Sol0",
                "elements": [
                    {
                        "type": "rich_text_section",
                        "elements": [
                            {
                                "type": "text",
                                "text": "119929 ACPH (West Oakland) 7\/3"
                            }
                        ]
                    }
                ]
            }
        ],
        "team": "T04LDH2CNBY",
        "user_team": "T04LDH2CNBY",
        "source_team": "T04LDH2CNBY",
        "user_profile": {
            "avatar_hash": "18034abdbce3",
            "image_72": "https:\/\/avatars.slack-edge.com\/2023-01-26\/4700726977909_18034abdbce385064283_72.jpg",
            "first_name": "Virginia",
            "real_name": "Virginia",
            "display_name": "Virginia",
            "team": "T04LDH2CNBY",
            "name": "virginia",
            "is_restricted": false,
            "is_ultra_restricted": false
        }
    },
    {
        "client_msg_id": "79d724dd-fb44-479e-b192-149d4449a668",
        "type": "message",
        "text": "119930 ACPH (West Oakland) 5\/16",
        "user": "U04LYRG90QZ",
        "ts": "1683570764.268649",
        "blocks": [
            {
                "type": "rich_text",
                "block_id": "5z6",
                "elements": [
                    {
                        "type": "rich_text_section",
                        "elements": [
                            {
                                "type": "text",
                                "text": "119930 ACPH (West Oakland) 5\/16"
                            }
                        ]
                    }
                ]
            }
        ],
        "team": "T04LDH2CNBY",
        "user_team": "T04LDH2CNBY",
        "source_team": "T04LDH2CNBY",
        "user_profile": {
            "avatar_hash": "18034abdbce3",
            "image_72": "https:\/\/avatars.slack-edge.com\/2023-01-26\/4700726977909_18034abdbce385064283_72.jpg",
            "first_name": "Virginia",
            "real_name": "Virginia",
            "display_name": "Virginia",
            "team": "T04LDH2CNBY",
            "name": "virginia",
            "is_restricted": false,
            "is_ultra_restricted": false
        }
    },
    {
        "client_msg_id": "5c18be4a-8a5f-43ae-8771-1432e3638cac",
        "type": "message",
        "text": "119931 CFT 5\/10",
        "user": "U04LYRG90QZ",
        "ts": "1683571371.060259",
        "blocks": [
            {
                "type": "rich_text",
                "block_id": "uLXr",
                "elements": [
                    {
                        "type": "rich_text_section",
                        "elements": [
                            {
                                "type": "text",
                                "text": "119931 CFT 5\/10"
                            }
                        ]
                    }
                ]
            }
        ],
        "team": "T04LDH2CNBY",
        "user_team": "T04LDH2CNBY",
        "source_team": "T04LDH2CNBY",
        "user_profile": {
            "avatar_hash": "18034abdbce3",
            "image_72": "https:\/\/avatars.slack-edge.com\/2023-01-26\/4700726977909_18034abdbce385064283_72.jpg",
            "first_name": "Virginia",
            "real_name": "Virginia",
            "display_name": "Virginia",
            "team": "T04LDH2CNBY",
            "name": "virginia",
            "is_restricted": false,
            "is_ultra_restricted": false
        }
    },
    {
        "client_msg_id": "cb33826c-530b-4ea0-a4e6-838363849fb1",
        "type": "message",
        "text": "119932 ACPH (Glankler) 5\/12\n119933 ACPH (Glankler) 5\/19\n119934 ACPH (Glankler) 5\/26\n119935 ACPH (Glankler) 6\/1\n119936 ACPH (Glankler) 6\/15\n119937 ACPH (Glankler) 6\/23",
        "user": "U04LYRG90QZ",
        "ts": "1683573110.292509",
        "blocks": [
            {
                "type": "rich_text",
                "block_id": "ta=6",
                "elements": [
                    {
                        "type": "rich_text_section",
                        "elements": [
                            {
                                "type": "text",
                                "text": "119932 ACPH (Glankler) 5\/12\n119933 ACPH (Glankler) 5\/19\n119934 ACPH (Glankler) 5\/26\n119935 ACPH (Glankler) 6\/1\n119936 ACPH (Glankler) 6\/15\n119937 ACPH (Glankler) 6\/23"
                            }
                        ]
                    }
                ]
            }
        ],
        "team": "T04LDH2CNBY",
        "user_team": "T04LDH2CNBY",
        "source_team": "T04LDH2CNBY",
        "user_profile": {
            "avatar_hash": "18034abdbce3",
            "image_72": "https:\/\/avatars.slack-edge.com\/2023-01-26\/4700726977909_18034abdbce385064283_72.jpg",
            "first_name": "Virginia",
            "real_name": "Virginia",
            "display_name": "Virginia",
            "team": "T04LDH2CNBY",
            "name": "virginia",
            "is_restricted": false,
            "is_ultra_restricted": false
        }
    },
    {
        "client_msg_id": "eded2640-6e36-40c9-a5e0-5f26cb4c612c",
        "type": "message",
        "text": "119938 ACPH (Glankler) 5\/19",
        "user": "U04LYRG90QZ",
        "ts": "1683576940.692699",
        "blocks": [
            {
                "type": "rich_text",
                "block_id": "o0ed",
                "elements": [
                    {
                        "type": "rich_text_section",
                        "elements": [
                            {
                                "type": "text",
                                "text": "119938 ACPH (Glankler) 5\/19"
                            }
                        ]
                    }
                ]
            }
        ],
        "team": "T04LDH2CNBY",
        "user_team": "T04LDH2CNBY",
        "source_team": "T04LDH2CNBY",
        "user_profile": {
            "avatar_hash": "18034abdbce3",
            "image_72": "https:\/\/avatars.slack-edge.com\/2023-01-26\/4700726977909_18034abdbce385064283_72.jpg",
            "first_name": "Virginia",
            "real_name": "Virginia",
            "display_name": "Virginia",
            "team": "T04LDH2CNBY",
            "name": "virginia",
            "is_restricted": false,
            "is_ultra_restricted": false
        }
    },
    {
        "client_msg_id": "e6c81464-5190-4b34-bf45-a1305c23c04e",
        "type": "message",
        "text": "119939 BH 5\/11",
        "user": "U04LYRG90QZ",
        "ts": "1683578175.646729",
        "blocks": [
            {
                "type": "rich_text",
                "block_id": "BHt=",
                "elements": [
                    {
                        "type": "rich_text_section",
                        "elements": [
                            {
                                "type": "text",
                                "text": "119939 BH 5\/11"
                            }
                        ]
                    }
                ]
            }
        ],
        "team": "T04LDH2CNBY",
        "user_team": "T04LDH2CNBY",
        "source_team": "T04LDH2CNBY",
        "user_profile": {
            "avatar_hash": "18034abdbce3",
            "image_72": "https:\/\/avatars.slack-edge.com\/2023-01-26\/4700726977909_18034abdbce385064283_72.jpg",
            "first_name": "Virginia",
            "real_name": "Virginia",
            "display_name": "Virginia",
            "team": "T04LDH2CNBY",
            "name": "virginia",
            "is_restricted": false,
            "is_ultra_restricted": false
        }
    },
    {
        "client_msg_id": "1d1e060d-5fed-4079-88ad-3c786d2cb1bc",
        "type": "message",
        "text": "119940 CFT 5\/17",
        "user": "U04LYRG90QZ",
        "ts": "1683580212.327129",
        "blocks": [
            {
                "type": "rich_text",
                "block_id": "8W=",
                "elements": [
                    {
                        "type": "rich_text_section",
                        "elements": [
                            {
                                "type": "text",
                                "text": "119940 CFT 5\/17"
                            }
                        ]
                    }
                ]
            }
        ],
        "team": "T04LDH2CNBY",
        "user_team": "T04LDH2CNBY",
        "source_team": "T04LDH2CNBY",
        "user_profile": {
            "avatar_hash": "18034abdbce3",
            "image_72": "https:\/\/avatars.slack-edge.com\/2023-01-26\/4700726977909_18034abdbce385064283_72.jpg",
            "first_name": "Virginia",
            "real_name": "Virginia",
            "display_name": "Virginia",
            "team": "T04LDH2CNBY",
            "name": "virginia",
            "is_restricted": false,
            "is_ultra_restricted": false
        }
    },
    {
        "client_msg_id": "15650ac2-0427-4392-94ea-a2f8c354eccd",
        "type": "message",
        "text": "119941 CV 5\/11",
        "user": "U04LYRG90QZ",
        "ts": "1683584124.200479",
        "blocks": [
            {
                "type": "rich_text",
                "block_id": "akCl",
                "elements": [
                    {
                        "type": "rich_text_section",
                        "elements": [
                            {
                                "type": "text",
                                "text": "119941 CV 5\/11"
                            }
                        ]
                    }
                ]
            }
        ],
        "team": "T04LDH2CNBY",
        "user_team": "T04LDH2CNBY",
        "source_team": "T04LDH2CNBY",
        "user_profile": {
            "avatar_hash": "18034abdbce3",
            "image_72": "https:\/\/avatars.slack-edge.com\/2023-01-26\/4700726977909_18034abdbce385064283_72.jpg",
            "first_name": "Virginia",
            "real_name": "Virginia",
            "display_name": "Virginia",
            "team": "T04LDH2CNBY",
            "name": "virginia",
            "is_restricted": false,
            "is_ultra_restricted": false
        }
    },
    {
        "client_msg_id": "c02c4028-7e9a-4686-85e6-e74d88bb7183",
        "type": "message",
        "text": "119942 5\/15 ACPH-Nurse",
        "user": "U04LYRG90QZ",
        "ts": "1683584762.815719",
        "blocks": [
            {
                "type": "rich_text",
                "block_id": "tDmn",
                "elements": [
                    {
                        "type": "rich_text_section",
                        "elements": [
                            {
                                "type": "text",
                                "text": "119942 5\/15 ACPH-Nurse"
                            }
                        ]
                    }
                ]
            }
        ],
        "team": "T04LDH2CNBY",
        "user_team": "T04LDH2CNBY",
        "source_team": "T04LDH2CNBY",
        "user_profile": {
            "avatar_hash": "18034abdbce3",
            "image_72": "https:\/\/avatars.slack-edge.com\/2023-01-26\/4700726977909_18034abdbce385064283_72.jpg",
            "first_name": "Virginia",
            "real_name": "Virginia",
            "display_name": "Virginia",
            "team": "T04LDH2CNBY",
            "name": "virginia",
            "is_restricted": false,
            "is_ultra_restricted": false
        }
    },
    {
        "client_msg_id": "9c4f69ee-97fb-40df-84d3-b1ca0cd6dae0",
        "type": "message",
        "text": "119943 City of Oakland 5\/20",
        "user": "U04LYRG90QZ",
        "ts": "1683585736.020669",
        "blocks": [
            {
                "type": "rich_text",
                "block_id": "I3ZQ",
                "elements": [
                    {
                        "type": "rich_text_section",
                        "elements": [
                            {
                                "type": "text",
                                "text": "119943 City of Oakland 5\/20"
                            }
                        ]
                    }
                ]
            }
        ],
        "team": "T04LDH2CNBY",
        "user_team": "T04LDH2CNBY",
        "source_team": "T04LDH2CNBY",
        "user_profile": {
            "avatar_hash": "18034abdbce3",
            "image_72": "https:\/\/avatars.slack-edge.com\/2023-01-26\/4700726977909_18034abdbce385064283_72.jpg",
            "first_name": "Virginia",
            "real_name": "Virginia",
            "display_name": "Virginia",
            "team": "T04LDH2CNBY",
            "name": "virginia",
            "is_restricted": false,
            "is_ultra_restricted": false
        }
    },
    {
        "client_msg_id": "accbb92c-22c1-4377-a7d6-55424015a315",
        "type": "message",
        "text": "119944 City of Oakland 5\/20\n119945 City of Oakland 5\/20",
        "user": "U04LYRG90QZ",
        "ts": "1683586231.148319",
        "blocks": [
            {
                "type": "rich_text",
                "block_id": "=xB",
                "elements": [
                    {
                        "type": "rich_text_section",
                        "elements": [
                            {
                                "type": "text",
                                "text": "119944 City of Oakland 5\/20\n119945 City of Oakland 5\/20"
                            }
                        ]
                    }
                ]
            }
        ],
        "team": "T04LDH2CNBY",
        "user_team": "T04LDH2CNBY",
        "source_team": "T04LDH2CNBY",
        "user_profile": {
            "avatar_hash": "18034abdbce3",
            "image_72": "https:\/\/avatars.slack-edge.com\/2023-01-26\/4700726977909_18034abdbce385064283_72.jpg",
            "first_name": "Virginia",
            "real_name": "Virginia",
            "display_name": "Virginia",
            "team": "T04LDH2CNBY",
            "name": "virginia",
            "is_restricted": false,
            "is_ultra_restricted": false
        }
    },
    {
        "client_msg_id": "29fac9ce-d6ee-4826-89b2-5a3adc49d83c",
        "type": "message",
        "text": "119946 City of Oakland 5\/20",
        "user": "U04LYRG90QZ",
        "ts": "1683586384.139549",
        "blocks": [
            {
                "type": "rich_text",
                "block_id": "Akkc",
                "elements": [
                    {
                        "type": "rich_text_section",
                        "elements": [
                            {
                                "type": "text",
                                "text": "119946 City of Oakland 5\/20"
                            }
                        ]
                    }
                ]
            }
        ],
        "team": "T04LDH2CNBY",
        "user_team": "T04LDH2CNBY",
        "source_team": "T04LDH2CNBY",
        "user_profile": {
            "avatar_hash": "18034abdbce3",
            "image_72": "https:\/\/avatars.slack-edge.com\/2023-01-26\/4700726977909_18034abdbce385064283_72.jpg",
            "first_name": "Virginia",
            "real_name": "Virginia",
            "display_name": "Virginia",
            "team": "T04LDH2CNBY",
            "name": "virginia",
            "is_restricted": false,
            "is_ultra_restricted": false
        }
    },
    {
        "client_msg_id": "a4c6fcaf-da49-4c0a-88f5-91a5b6070050",
        "type": "message",
        "text": "119947 BH 5\/17\n119948 BH 5\/24\n119949 BH 5\/31\n119950 BH 5\/11\n119951 BH 5\/25",
        "user": "U04LYRG90QZ",
        "ts": "1683588810.187979",
        "blocks": [
            {
                "type": "rich_text",
                "block_id": "H8N4L",
                "elements": [
                    {
                        "type": "rich_text_section",
                        "elements": [
                            {
                                "type": "text",
                                "text": "119947 BH 5\/17\n119948 BH 5\/24\n119949 BH 5\/31\n119950 BH 5\/11\n119951 BH 5\/25"
                            }
                        ]
                    }
                ]
            }
        ],
        "team": "T04LDH2CNBY",
        "user_team": "T04LDH2CNBY",
        "source_team": "T04LDH2CNBY",
        "user_profile": {
            "avatar_hash": "18034abdbce3",
            "image_72": "https:\/\/avatars.slack-edge.com\/2023-01-26\/4700726977909_18034abdbce385064283_72.jpg",
            "first_name": "Virginia",
            "real_name": "Virginia",
            "display_name": "Virginia",
            "team": "T04LDH2CNBY",
            "name": "virginia",
            "is_restricted": false,
            "is_ultra_restricted": false
        }
    }
]