[
    {
        "client_msg_id": "29c3f8d7-eed7-45e8-82f3-2b6bca1dc3c4",
        "type": "message",
        "text": "119265 - Bay MTU 3\/13",
        "user": "U04LDKWRDB8",
        "ts": "1678298234.964119",
        "blocks": [
            {
                "type": "rich_text",
                "block_id": "SvVM",
                "elements": [
                    {
                        "type": "rich_text_section",
                        "elements": [
                            {
                                "type": "text",
                                "text": "119265 - Bay MTU 3\/13"
                            }
                        ]
                    }
                ]
            }
        ],
        "team": "T04LDH2CNBY",
        "user_team": "T04LDH2CNBY",
        "source_team": "T04LDH2CNBY",
        "user_profile": {
            "avatar_hash": "a437520525b3",
            "image_72": "https:\/\/avatars.slack-edge.com\/2023-01-31\/4728630296242_a437520525b309207ab3_72.png",
            "first_name": "Kelly",
            "real_name": "Kelly Moody",
            "display_name": "Kelly Moody",
            "team": "T04LDH2CNBY",
            "name": "kelly",
            "is_restricted": false,
            "is_ultra_restricted": false
        }
    },
    {
        "client_msg_id": "f90cb8bc-916c-4103-be80-15ef2a8260e2",
        "type": "message",
        "text": "119266 - Pope VAlley 3\/8",
        "user": "U04LDKWRDB8",
        "ts": "1678298682.804209",
        "blocks": [
            {
                "type": "rich_text",
                "block_id": "5gzoM",
                "elements": [
                    {
                        "type": "rich_text_section",
                        "elements": [
                            {
                                "type": "text",
                                "text": "119266 - Pope VAlley 3\/8"
                            }
                        ]
                    }
                ]
            }
        ],
        "team": "T04LDH2CNBY",
        "user_team": "T04LDH2CNBY",
        "source_team": "T04LDH2CNBY",
        "user_profile": {
            "avatar_hash": "a437520525b3",
            "image_72": "https:\/\/avatars.slack-edge.com\/2023-01-31\/4728630296242_a437520525b309207ab3_72.png",
            "first_name": "Kelly",
            "real_name": "Kelly Moody",
            "display_name": "Kelly Moody",
            "team": "T04LDH2CNBY",
            "name": "kelly",
            "is_restricted": false,
            "is_ultra_restricted": false
        }
    },
    {
        "client_msg_id": "369ae23e-3436-41cb-9248-5f3ca2b6b45f",
        "type": "message",
        "text": "119267 - CFT 3\/13",
        "user": "U04LDKWRDB8",
        "ts": "1678303424.909109",
        "blocks": [
            {
                "type": "rich_text",
                "block_id": "Fyyc",
                "elements": [
                    {
                        "type": "rich_text_section",
                        "elements": [
                            {
                                "type": "text",
                                "text": "119267 - CFT 3\/13"
                            }
                        ]
                    }
                ]
            }
        ],
        "team": "T04LDH2CNBY",
        "user_team": "T04LDH2CNBY",
        "source_team": "T04LDH2CNBY",
        "user_profile": {
            "avatar_hash": "a437520525b3",
            "image_72": "https:\/\/avatars.slack-edge.com\/2023-01-31\/4728630296242_a437520525b309207ab3_72.png",
            "first_name": "Kelly",
            "real_name": "Kelly Moody",
            "display_name": "Kelly Moody",
            "team": "T04LDH2CNBY",
            "name": "kelly",
            "is_restricted": false,
            "is_ultra_restricted": false
        }
    },
    {
        "client_msg_id": "b6eb6819-1714-456d-925f-4c1c2d1231ba",
        "type": "message",
        "text": "119268 (*Public Health, CHS*) 3\/9",
        "user": "U04LYRG90QZ",
        "ts": "1678306050.635529",
        "blocks": [
            {
                "type": "rich_text",
                "block_id": "pkfs2",
                "elements": [
                    {
                        "type": "rich_text_section",
                        "elements": [
                            {
                                "type": "text",
                                "text": "119268 ("
                            },
                            {
                                "type": "text",
                                "text": "Public Health, CHS",
                                "style": {
                                    "bold": true
                                }
                            },
                            {
                                "type": "text",
                                "text": ") 3\/9"
                            }
                        ]
                    }
                ]
            }
        ],
        "team": "T04LDH2CNBY",
        "user_team": "T04LDH2CNBY",
        "source_team": "T04LDH2CNBY",
        "user_profile": {
            "avatar_hash": "18034abdbce3",
            "image_72": "https:\/\/avatars.slack-edge.com\/2023-01-26\/4700726977909_18034abdbce385064283_72.jpg",
            "first_name": "Virginia",
            "real_name": "Virginia",
            "display_name": "Virginia",
            "team": "T04LDH2CNBY",
            "name": "virginia",
            "is_restricted": false,
            "is_ultra_restricted": false
        }
    },
    {
        "client_msg_id": "35225628-b305-49d4-9105-a52b8899a488",
        "type": "message",
        "text": "119269 CFT 4\/12",
        "user": "U04LYRG90QZ",
        "ts": "1678314516.125939",
        "blocks": [
            {
                "type": "rich_text",
                "block_id": "EvP",
                "elements": [
                    {
                        "type": "rich_text_section",
                        "elements": [
                            {
                                "type": "text",
                                "text": "119269 CFT 4\/12"
                            }
                        ]
                    }
                ]
            }
        ],
        "team": "T04LDH2CNBY",
        "user_team": "T04LDH2CNBY",
        "source_team": "T04LDH2CNBY",
        "user_profile": {
            "avatar_hash": "18034abdbce3",
            "image_72": "https:\/\/avatars.slack-edge.com\/2023-01-26\/4700726977909_18034abdbce385064283_72.jpg",
            "first_name": "Virginia",
            "real_name": "Virginia",
            "display_name": "Virginia",
            "team": "T04LDH2CNBY",
            "name": "virginia",
            "is_restricted": false,
            "is_ultra_restricted": false
        }
    },
    {
        "client_msg_id": "ea78293f-838b-4cb2-b02d-0b46508696f1",
        "type": "message",
        "text": "119270 CFT 4\/6",
        "user": "U04LYRG90QZ",
        "ts": "1678314671.569549",
        "blocks": [
            {
                "type": "rich_text",
                "block_id": "ttZGr",
                "elements": [
                    {
                        "type": "rich_text_section",
                        "elements": [
                            {
                                "type": "text",
                                "text": "119270 CFT 4\/6"
                            }
                        ]
                    }
                ]
            }
        ],
        "team": "T04LDH2CNBY",
        "user_team": "T04LDH2CNBY",
        "source_team": "T04LDH2CNBY",
        "user_profile": {
            "avatar_hash": "18034abdbce3",
            "image_72": "https:\/\/avatars.slack-edge.com\/2023-01-26\/4700726977909_18034abdbce385064283_72.jpg",
            "first_name": "Virginia",
            "real_name": "Virginia",
            "display_name": "Virginia",
            "team": "T04LDH2CNBY",
            "name": "virginia",
            "is_restricted": false,
            "is_ultra_restricted": false
        }
    },
    {
        "client_msg_id": "4d89c981-a62d-442a-84ce-af80e486f732",
        "type": "message",
        "text": "<@U04LNK3DU84> , we will need a Zoom link for this CFT meeting:\nDate: *Thursday, 4\/6\/2023*\n \nTime: *3:00PM*\n\nThanks!",
        "user": "U04LYRG90QZ",
        "ts": "1678314923.442039",
        "blocks": [
            {
                "type": "rich_text",
                "block_id": "wz8JC",
                "elements": [
                    {
                        "type": "rich_text_section",
                        "elements": [
                            {
                                "type": "user",
                                "user_id": "U04LNK3DU84"
                            },
                            {
                                "type": "text",
                                "text": " , we will need a Zoom link for this CFT meeting:\nDate:"
                            },
                            {
                                "type": "text",
                                "text": " Thursday, 4\/6\/2023",
                                "style": {
                                    "bold": true
                                }
                            },
                            {
                                "type": "text",
                                "text": "\n"
                            },
                            {
                                "type": "text",
                                "text": " ",
                                "style": {
                                    "bold": true
                                }
                            },
                            {
                                "type": "text",
                                "text": "\nTime:"
                            },
                            {
                                "type": "text",
                                "text": " 3:00PM",
                                "style": {
                                    "bold": true
                                }
                            },
                            {
                                "type": "text",
                                "text": "\n\nThanks!"
                            }
                        ]
                    }
                ]
            }
        ],
        "team": "T04LDH2CNBY",
        "user_team": "T04LDH2CNBY",
        "source_team": "T04LDH2CNBY",
        "user_profile": {
            "avatar_hash": "18034abdbce3",
            "image_72": "https:\/\/avatars.slack-edge.com\/2023-01-26\/4700726977909_18034abdbce385064283_72.jpg",
            "first_name": "Virginia",
            "real_name": "Virginia",
            "display_name": "Virginia",
            "team": "T04LDH2CNBY",
            "name": "virginia",
            "is_restricted": false,
            "is_ultra_restricted": false
        },
        "edited": {
            "user": "U04LYRG90QZ",
            "ts": "1678314936.000000"
        },
        "thread_ts": "1678314923.442039",
        "reply_count": 2,
        "reply_users_count": 2,
        "latest_reply": "1678374584.649149",
        "reply_users": [
            "U04LNKU8YF6",
            "U04LYRG90QZ"
        ],
        "replies": [
            {
                "user": "U04LNKU8YF6",
                "ts": "1678323651.334399"
            },
            {
                "user": "U04LYRG90QZ",
                "ts": "1678374584.649149"
            }
        ],
        "is_locked": false,
        "subscribed": true,
        "last_read": "1678374584.649149"
    },
    {
        "client_msg_id": "1c396cd3-c802-48e9-a8a8-d2cad9bc4bad",
        "type": "message",
        "text": "119271 CFT 4\/27",
        "user": "U04LYRG90QZ",
        "ts": "1678316106.696839",
        "blocks": [
            {
                "type": "rich_text",
                "block_id": "n6Zh",
                "elements": [
                    {
                        "type": "rich_text_section",
                        "elements": [
                            {
                                "type": "text",
                                "text": "119271 CFT 4\/27"
                            }
                        ]
                    }
                ]
            }
        ],
        "team": "T04LDH2CNBY",
        "user_team": "T04LDH2CNBY",
        "source_team": "T04LDH2CNBY",
        "user_profile": {
            "avatar_hash": "18034abdbce3",
            "image_72": "https:\/\/avatars.slack-edge.com\/2023-01-26\/4700726977909_18034abdbce385064283_72.jpg",
            "first_name": "Virginia",
            "real_name": "Virginia",
            "display_name": "Virginia",
            "team": "T04LDH2CNBY",
            "name": "virginia",
            "is_restricted": false,
            "is_ultra_restricted": false
        }
    },
    {
        "client_msg_id": "344d39a1-a4d5-404c-9c89-12dd8db1c784",
        "type": "message",
        "text": "119272 ACPH (W Oak) 4\/6",
        "user": "U04LYRG90QZ",
        "ts": "1678317926.886199",
        "blocks": [
            {
                "type": "rich_text",
                "block_id": "\/FNyF",
                "elements": [
                    {
                        "type": "rich_text_section",
                        "elements": [
                            {
                                "type": "text",
                                "text": "119272 ACPH (W Oak) 4\/6"
                            }
                        ]
                    }
                ]
            }
        ],
        "team": "T04LDH2CNBY",
        "user_team": "T04LDH2CNBY",
        "source_team": "T04LDH2CNBY",
        "user_profile": {
            "avatar_hash": "18034abdbce3",
            "image_72": "https:\/\/avatars.slack-edge.com\/2023-01-26\/4700726977909_18034abdbce385064283_72.jpg",
            "first_name": "Virginia",
            "real_name": "Virginia",
            "display_name": "Virginia",
            "team": "T04LDH2CNBY",
            "name": "virginia",
            "is_restricted": false,
            "is_ultra_restricted": false
        }
    },
    {
        "client_msg_id": "88d0d436-eb67-445e-b8b7-d9329f5e4f4e",
        "type": "message",
        "text": "119273 - BH 3\/9",
        "user": "U04LDKWRDB8",
        "ts": "1678320804.883479",
        "blocks": [
            {
                "type": "rich_text",
                "block_id": "GAx",
                "elements": [
                    {
                        "type": "rich_text_section",
                        "elements": [
                            {
                                "type": "text",
                                "text": "119273 - BH 3\/9"
                            }
                        ]
                    }
                ]
            }
        ],
        "team": "T04LDH2CNBY",
        "user_team": "T04LDH2CNBY",
        "source_team": "T04LDH2CNBY",
        "user_profile": {
            "avatar_hash": "a437520525b3",
            "image_72": "https:\/\/avatars.slack-edge.com\/2023-01-31\/4728630296242_a437520525b309207ab3_72.png",
            "first_name": "Kelly",
            "real_name": "Kelly Moody",
            "display_name": "Kelly Moody",
            "team": "T04LDH2CNBY",
            "name": "kelly",
            "is_restricted": false,
            "is_ultra_restricted": false
        }
    },
    {
        "client_msg_id": "3e9d9212-28ba-4765-8bb5-2810b71e653c",
        "type": "message",
        "text": "<@U04LYRG90QZ> Eduardo is not in this channel, you should message him separate for the link. You can also ask for the log in and going forward, you can set up the Zoom call directly, too. Thanks!",
        "user": "U04LNKU8YF6",
        "ts": "1678323651.334399",
        "blocks": [
            {
                "type": "rich_text",
                "block_id": "KeKV",
                "elements": [
                    {
                        "type": "rich_text_section",
                        "elements": [
                            {
                                "type": "user",
                                "user_id": "U04LYRG90QZ"
                            },
                            {
                                "type": "text",
                                "text": " Eduardo is not in this channel, you should message him separate for the link. You can also ask for the log in and going forward, you can set up the Zoom call directly, too. Thanks!"
                            }
                        ]
                    }
                ]
            }
        ],
        "team": "T04LDH2CNBY",
        "user_team": "T04LDH2CNBY",
        "source_team": "T04LDH2CNBY",
        "user_profile": {
            "avatar_hash": "212b82b4d92e",
            "image_72": "https:\/\/avatars.slack-edge.com\/2023-01-25\/4700546482018_212b82b4d92ed2471a10_72.jpg",
            "first_name": "Caroline",
            "real_name": "Caroline Lee",
            "display_name": "Caroline Lee",
            "team": "T04LDH2CNBY",
            "name": "caroline",
            "is_restricted": false,
            "is_ultra_restricted": false
        },
        "thread_ts": "1678314923.442039",
        "parent_user_id": "U04LYRG90QZ"
    }
]