[
    {
        "client_msg_id": "2033493e-6311-40b5-9556-287db870ec30",
        "type": "message",
        "text": "121058 ACPH (Chavez) 9\/5",
        "user": "U04LYRG90QZ",
        "ts": "1692799517.426999",
        "blocks": [
            {
                "type": "rich_text",
                "block_id": "JDiT",
                "elements": [
                    {
                        "type": "rich_text_section",
                        "elements": [
                            {
                                "type": "text",
                                "text": "121058 ACPH (Chavez) 9\/5"
                            }
                        ]
                    }
                ]
            }
        ],
        "team": "T04LDH2CNBY",
        "user_team": "T04LDH2CNBY",
        "source_team": "T04LDH2CNBY",
        "user_profile": {
            "avatar_hash": "18034abdbce3",
            "image_72": "https:\/\/avatars.slack-edge.com\/2023-01-26\/4700726977909_18034abdbce385064283_72.jpg",
            "first_name": "Virginia",
            "real_name": "Virginia",
            "display_name": "Virginia",
            "team": "T04LDH2CNBY",
            "name": "virginia",
            "is_restricted": false,
            "is_ultra_restricted": false
        }
    },
    {
        "client_msg_id": "3b1779d0-93f6-4df5-8584-d0d57f50c29c",
        "type": "message",
        "text": "121059 ACPH (Chavez) 9\/11",
        "user": "U04LYRG90QZ",
        "ts": "1692807924.266649",
        "blocks": [
            {
                "type": "rich_text",
                "block_id": "TpNW",
                "elements": [
                    {
                        "type": "rich_text_section",
                        "elements": [
                            {
                                "type": "text",
                                "text": "121059 ACPH (Chavez) 9\/11"
                            }
                        ]
                    }
                ]
            }
        ],
        "team": "T04LDH2CNBY",
        "user_team": "T04LDH2CNBY",
        "source_team": "T04LDH2CNBY",
        "user_profile": {
            "avatar_hash": "18034abdbce3",
            "image_72": "https:\/\/avatars.slack-edge.com\/2023-01-26\/4700726977909_18034abdbce385064283_72.jpg",
            "first_name": "Virginia",
            "real_name": "Virginia",
            "display_name": "Virginia",
            "team": "T04LDH2CNBY",
            "name": "virginia",
            "is_restricted": false,
            "is_ultra_restricted": false
        }
    },
    {
        "client_msg_id": "75227f7b-f55d-4875-93f6-b141952b2924",
        "type": "message",
        "text": "121060 ACPH (Chavez) 9\/22",
        "user": "U04LYRG90QZ",
        "ts": "1692808562.164859",
        "blocks": [
            {
                "type": "rich_text",
                "block_id": "5A+ex",
                "elements": [
                    {
                        "type": "rich_text_section",
                        "elements": [
                            {
                                "type": "text",
                                "text": "121060 ACPH (Chavez) 9\/22"
                            }
                        ]
                    }
                ]
            }
        ],
        "team": "T04LDH2CNBY",
        "user_team": "T04LDH2CNBY",
        "source_team": "T04LDH2CNBY",
        "user_profile": {
            "avatar_hash": "18034abdbce3",
            "image_72": "https:\/\/avatars.slack-edge.com\/2023-01-26\/4700726977909_18034abdbce385064283_72.jpg",
            "first_name": "Virginia",
            "real_name": "Virginia",
            "display_name": "Virginia",
            "team": "T04LDH2CNBY",
            "name": "virginia",
            "is_restricted": false,
            "is_ultra_restricted": false
        }
    },
    {
        "client_msg_id": "b648c96d-9df0-42b7-9154-516435f01e40",
        "type": "message",
        "text": "121061 Saheli 8\/26",
        "user": "U04LYRG90QZ",
        "ts": "1692808847.254729",
        "blocks": [
            {
                "type": "rich_text",
                "block_id": "wj=Z",
                "elements": [
                    {
                        "type": "rich_text_section",
                        "elements": [
                            {
                                "type": "text",
                                "text": "121061 Saheli 8\/26"
                            }
                        ]
                    }
                ]
            }
        ],
        "team": "T04LDH2CNBY",
        "user_team": "T04LDH2CNBY",
        "source_team": "T04LDH2CNBY",
        "user_profile": {
            "avatar_hash": "18034abdbce3",
            "image_72": "https:\/\/avatars.slack-edge.com\/2023-01-26\/4700726977909_18034abdbce385064283_72.jpg",
            "first_name": "Virginia",
            "real_name": "Virginia",
            "display_name": "Virginia",
            "team": "T04LDH2CNBY",
            "name": "virginia",
            "is_restricted": false,
            "is_ultra_restricted": false
        }
    },
    {
        "client_msg_id": "f534000d-dcff-4254-aa32-8b9393efe57f",
        "type": "message",
        "text": "121062 ACPH (Glankler) 9\/7",
        "user": "U04LYRG90QZ",
        "ts": "1692814205.870199",
        "blocks": [
            {
                "type": "rich_text",
                "block_id": "3pAw",
                "elements": [
                    {
                        "type": "rich_text_section",
                        "elements": [
                            {
                                "type": "text",
                                "text": "121062 ACPH (Glankler) 9\/7"
                            }
                        ]
                    }
                ]
            }
        ],
        "team": "T04LDH2CNBY",
        "user_team": "T04LDH2CNBY",
        "source_team": "T04LDH2CNBY",
        "user_profile": {
            "avatar_hash": "18034abdbce3",
            "image_72": "https:\/\/avatars.slack-edge.com\/2023-01-26\/4700726977909_18034abdbce385064283_72.jpg",
            "first_name": "Virginia",
            "real_name": "Virginia",
            "display_name": "Virginia",
            "team": "T04LDH2CNBY",
            "name": "virginia",
            "is_restricted": false,
            "is_ultra_restricted": false
        }
    },
    {
        "client_msg_id": "669f8c44-6b0a-4a55-827b-bf34a36e298f",
        "type": "message",
        "text": "121063 CFT 9\/6",
        "user": "U04LYRG90QZ",
        "ts": "1692815593.433839",
        "blocks": [
            {
                "type": "rich_text",
                "block_id": "Nlq",
                "elements": [
                    {
                        "type": "rich_text_section",
                        "elements": [
                            {
                                "type": "text",
                                "text": "121063 CFT 9\/6"
                            }
                        ]
                    }
                ]
            }
        ],
        "team": "T04LDH2CNBY",
        "user_team": "T04LDH2CNBY",
        "source_team": "T04LDH2CNBY",
        "user_profile": {
            "avatar_hash": "18034abdbce3",
            "image_72": "https:\/\/avatars.slack-edge.com\/2023-01-26\/4700726977909_18034abdbce385064283_72.jpg",
            "first_name": "Virginia",
            "real_name": "Virginia",
            "display_name": "Virginia",
            "team": "T04LDH2CNBY",
            "name": "virginia",
            "is_restricted": false,
            "is_ultra_restricted": false
        }
    },
    {
        "client_msg_id": "39f170d6-2734-44ef-87cc-ac3b42f772a4",
        "type": "message",
        "text": "121064 CFT 8\/28",
        "user": "U04LYRG90QZ",
        "ts": "1692816216.362349",
        "blocks": [
            {
                "type": "rich_text",
                "block_id": "sia",
                "elements": [
                    {
                        "type": "rich_text_section",
                        "elements": [
                            {
                                "type": "text",
                                "text": "121064 CFT 8\/28"
                            }
                        ]
                    }
                ]
            }
        ],
        "team": "T04LDH2CNBY",
        "user_team": "T04LDH2CNBY",
        "source_team": "T04LDH2CNBY",
        "user_profile": {
            "avatar_hash": "18034abdbce3",
            "image_72": "https:\/\/avatars.slack-edge.com\/2023-01-26\/4700726977909_18034abdbce385064283_72.jpg",
            "first_name": "Virginia",
            "real_name": "Virginia",
            "display_name": "Virginia",
            "team": "T04LDH2CNBY",
            "name": "virginia",
            "is_restricted": false,
            "is_ultra_restricted": false
        }
    },
    {
        "client_msg_id": "1477e6c5-7173-4350-bf2d-5d3e3ed72071",
        "type": "message",
        "text": "121065 ACPH (Bay) 10\/2",
        "user": "U04LYRG90QZ",
        "ts": "1692821544.620239",
        "blocks": [
            {
                "type": "rich_text",
                "block_id": "JWD",
                "elements": [
                    {
                        "type": "rich_text_section",
                        "elements": [
                            {
                                "type": "text",
                                "text": "121065 ACPH (Bay) 10\/2"
                            }
                        ]
                    }
                ]
            }
        ],
        "team": "T04LDH2CNBY",
        "user_team": "T04LDH2CNBY",
        "source_team": "T04LDH2CNBY",
        "user_profile": {
            "avatar_hash": "18034abdbce3",
            "image_72": "https:\/\/avatars.slack-edge.com\/2023-01-26\/4700726977909_18034abdbce385064283_72.jpg",
            "first_name": "Virginia",
            "real_name": "Virginia",
            "display_name": "Virginia",
            "team": "T04LDH2CNBY",
            "name": "virginia",
            "is_restricted": false,
            "is_ultra_restricted": false
        }
    },
    {
        "client_msg_id": "7f89969d-98a4-4124-88d3-de038b2951a2",
        "type": "message",
        "text": "121066 ACPH (Glankler) 9\/20\n121067 ACPH (Glankler) 9\/27\n121068 ACPH (Glankler) 10\/4\n121069 ACPH (Glankler) 10\/18",
        "user": "U04LYRG90QZ",
        "ts": "1692821828.818229",
        "blocks": [
            {
                "type": "rich_text",
                "block_id": "\/Rv",
                "elements": [
                    {
                        "type": "rich_text_section",
                        "elements": [
                            {
                                "type": "text",
                                "text": "121066 ACPH (Glankler) 9\/20\n121067 ACPH (Glankler) 9\/27\n121068 ACPH (Glankler) 10\/4\n121069 ACPH (Glankler) 10\/18"
                            }
                        ]
                    }
                ]
            }
        ],
        "team": "T04LDH2CNBY",
        "user_team": "T04LDH2CNBY",
        "source_team": "T04LDH2CNBY",
        "user_profile": {
            "avatar_hash": "18034abdbce3",
            "image_72": "https:\/\/avatars.slack-edge.com\/2023-01-26\/4700726977909_18034abdbce385064283_72.jpg",
            "first_name": "Virginia",
            "real_name": "Virginia",
            "display_name": "Virginia",
            "team": "T04LDH2CNBY",
            "name": "virginia",
            "is_restricted": false,
            "is_ultra_restricted": false
        }
    },
    {
        "client_msg_id": "7441fbbd-af1e-45c2-925e-4504ad516db8",
        "type": "message",
        "text": "121070 ACPH (Bay) 9\/6",
        "user": "U04LYRG90QZ",
        "ts": "1692830066.140739",
        "blocks": [
            {
                "type": "rich_text",
                "block_id": "k7I6",
                "elements": [
                    {
                        "type": "rich_text_section",
                        "elements": [
                            {
                                "type": "text",
                                "text": "121070 ACPH (Bay) 9\/6"
                            }
                        ]
                    }
                ]
            }
        ],
        "team": "T04LDH2CNBY",
        "user_team": "T04LDH2CNBY",
        "source_team": "T04LDH2CNBY",
        "user_profile": {
            "avatar_hash": "18034abdbce3",
            "image_72": "https:\/\/avatars.slack-edge.com\/2023-01-26\/4700726977909_18034abdbce385064283_72.jpg",
            "first_name": "Virginia",
            "real_name": "Virginia",
            "display_name": "Virginia",
            "team": "T04LDH2CNBY",
            "name": "virginia",
            "is_restricted": false,
            "is_ultra_restricted": false
        },
        "edited": {
            "user": "U04LYRG90QZ",
            "ts": "1692830075.000000"
        }
    },
    {
        "client_msg_id": "81319ec1-afe3-46c6-ac9e-c41a42c89bd6",
        "type": "message",
        "text": "121071 ACPH (Valley) 9\/12",
        "user": "U04LYRG90QZ",
        "ts": "1692832474.441249",
        "blocks": [
            {
                "type": "rich_text",
                "block_id": "wc4BO",
                "elements": [
                    {
                        "type": "rich_text_section",
                        "elements": [
                            {
                                "type": "text",
                                "text": "121071 ACPH (Valley) 9\/12"
                            }
                        ]
                    }
                ]
            }
        ],
        "team": "T04LDH2CNBY",
        "user_team": "T04LDH2CNBY",
        "source_team": "T04LDH2CNBY",
        "user_profile": {
            "avatar_hash": "18034abdbce3",
            "image_72": "https:\/\/avatars.slack-edge.com\/2023-01-26\/4700726977909_18034abdbce385064283_72.jpg",
            "first_name": "Virginia",
            "real_name": "Virginia",
            "display_name": "Virginia",
            "team": "T04LDH2CNBY",
            "name": "virginia",
            "is_restricted": false,
            "is_ultra_restricted": false
        }
    }
]