[
    {
        "client_msg_id": "a8331448-1085-4e00-bc68-c3792a10ebf3",
        "type": "message",
        "text": "121348 City of Oak 9\/27",
        "user": "U04LYRG90QZ",
        "ts": "1694702505.287739",
        "blocks": [
            {
                "type": "rich_text",
                "block_id": "fDp19",
                "elements": [
                    {
                        "type": "rich_text_section",
                        "elements": [
                            {
                                "type": "text",
                                "text": "121348 City of Oak 9\/27"
                            }
                        ]
                    }
                ]
            }
        ],
        "team": "T04LDH2CNBY",
        "user_team": "T04LDH2CNBY",
        "source_team": "T04LDH2CNBY",
        "user_profile": {
            "avatar_hash": "18034abdbce3",
            "image_72": "https:\/\/avatars.slack-edge.com\/2023-01-26\/4700726977909_18034abdbce385064283_72.jpg",
            "first_name": "Virginia",
            "real_name": "Virginia",
            "display_name": "Virginia",
            "team": "T04LDH2CNBY",
            "name": "virginia",
            "is_restricted": false,
            "is_ultra_restricted": false
        }
    },
    {
        "client_msg_id": "1f756e42-0cbc-4282-a308-a5e059c25dad",
        "type": "message",
        "text": "121349 PV 9\/15",
        "user": "U04LYRG90QZ",
        "ts": "1694706577.275399",
        "blocks": [
            {
                "type": "rich_text",
                "block_id": "ewSRz",
                "elements": [
                    {
                        "type": "rich_text_section",
                        "elements": [
                            {
                                "type": "text",
                                "text": "121349 PV 9\/15"
                            }
                        ]
                    }
                ]
            }
        ],
        "team": "T04LDH2CNBY",
        "user_team": "T04LDH2CNBY",
        "source_team": "T04LDH2CNBY",
        "user_profile": {
            "avatar_hash": "18034abdbce3",
            "image_72": "https:\/\/avatars.slack-edge.com\/2023-01-26\/4700726977909_18034abdbce385064283_72.jpg",
            "first_name": "Virginia",
            "real_name": "Virginia",
            "display_name": "Virginia",
            "team": "T04LDH2CNBY",
            "name": "virginia",
            "is_restricted": false,
            "is_ultra_restricted": false
        }
    },
    {
        "client_msg_id": "ce8c3d03-fd67-45a9-99f9-2551d715d55d",
        "type": "message",
        "text": "121350 City of Oak 9\/20",
        "user": "U04LYRG90QZ",
        "ts": "1694707647.862309",
        "blocks": [
            {
                "type": "rich_text",
                "block_id": "y\/J4\/",
                "elements": [
                    {
                        "type": "rich_text_section",
                        "elements": [
                            {
                                "type": "text",
                                "text": "121350 City of Oak 9\/20"
                            }
                        ]
                    }
                ]
            }
        ],
        "team": "T04LDH2CNBY",
        "user_team": "T04LDH2CNBY",
        "source_team": "T04LDH2CNBY",
        "user_profile": {
            "avatar_hash": "18034abdbce3",
            "image_72": "https:\/\/avatars.slack-edge.com\/2023-01-26\/4700726977909_18034abdbce385064283_72.jpg",
            "first_name": "Virginia",
            "real_name": "Virginia",
            "display_name": "Virginia",
            "team": "T04LDH2CNBY",
            "name": "virginia",
            "is_restricted": false,
            "is_ultra_restricted": false
        }
    },
    {
        "client_msg_id": "3291db76-fec2-486a-aaa3-5ed2f3a5d29d",
        "type": "message",
        "text": "121351 CV 9\/21",
        "user": "U0576JVJF1Q",
        "ts": "1694712124.621649",
        "blocks": [
            {
                "type": "rich_text",
                "block_id": "SDqvn",
                "elements": [
                    {
                        "type": "rich_text_section",
                        "elements": [
                            {
                                "type": "text",
                                "text": "121351 CV 9\/21"
                            }
                        ]
                    }
                ]
            }
        ],
        "team": "T04LDH2CNBY",
        "user_team": "T04LDH2CNBY",
        "source_team": "T04LDH2CNBY",
        "user_profile": {
            "avatar_hash": "g12be1dbd2bd",
            "image_72": "https:\/\/secure.gravatar.com\/avatar\/12be1dbd2bd270e15f2abc83ff193814.jpg?s=72&d=https%3A%2F%2Fa.slack-edge.com%2Fdf10d%2Fimg%2Favatars%2Fava_0010-72.png",
            "first_name": "Kai",
            "real_name": "Kai",
            "display_name": "Kai",
            "team": "T04LDH2CNBY",
            "name": "kai",
            "is_restricted": false,
            "is_ultra_restricted": false
        }
    },
    {
        "client_msg_id": "f2d788e5-5deb-4cf8-a279-032e454b8b03",
        "type": "message",
        "text": "121352 BART 9\/23\n121353 BART 9\/23\n121354 BART 9\/23\n121355 BART 9\/23\n121356 BART 9\/23\n121357 BART 9\/23\n121358 BART 9\/23\n121359 BART 9\/23\n121360 BART 9\/24\n121361 BART 9\/24\n121362 BART 9\/24\n121363 BART 9\/24\n121364 BART 9\/24\n121365 BART 9\/24\n121366 BART 9\/24\n121367 BART 9\/24",
        "user": "U0576JVJF1Q",
        "ts": "1694713890.011979",
        "blocks": [
            {
                "type": "rich_text",
                "block_id": "5LklB",
                "elements": [
                    {
                        "type": "rich_text_section",
                        "elements": [
                            {
                                "type": "text",
                                "text": "121352 BART 9\/23\n121353 BART 9\/23\n121354 BART 9\/23\n121355 BART 9\/23\n121356 BART 9\/23\n121357 BART 9\/23\n121358 BART 9\/23\n121359 BART 9\/23\n121360 BART 9\/24\n121361 BART 9\/24\n121362 BART 9\/24\n121363 BART 9\/24\n121364 BART 9\/24\n121365 BART 9\/24\n121366 BART 9\/24\n121367 BART 9\/24"
                            }
                        ]
                    }
                ]
            }
        ],
        "team": "T04LDH2CNBY",
        "user_team": "T04LDH2CNBY",
        "source_team": "T04LDH2CNBY",
        "user_profile": {
            "avatar_hash": "g12be1dbd2bd",
            "image_72": "https:\/\/secure.gravatar.com\/avatar\/12be1dbd2bd270e15f2abc83ff193814.jpg?s=72&d=https%3A%2F%2Fa.slack-edge.com%2Fdf10d%2Fimg%2Favatars%2Fava_0010-72.png",
            "first_name": "Kai",
            "real_name": "Kai",
            "display_name": "Kai",
            "team": "T04LDH2CNBY",
            "name": "kai",
            "is_restricted": false,
            "is_ultra_restricted": false
        },
        "thread_ts": "1694713890.011979",
        "reply_count": 2,
        "reply_users_count": 2,
        "latest_reply": "1694722097.704789",
        "reply_users": [
            "U04LNKU8YF6",
            "U0576JVJF1Q"
        ],
        "replies": [
            {
                "user": "U04LNKU8YF6",
                "ts": "1694719179.917449"
            },
            {
                "user": "U0576JVJF1Q",
                "ts": "1694722097.704789"
            }
        ],
        "is_locked": false,
        "subscribed": true,
        "last_read": "1694722097.704789"
    },
    {
        "client_msg_id": "46e11ae0-09c4-493a-8050-b85544482eec",
        "type": "message",
        "text": "121368 ACPN 9\/19",
        "user": "U04LYRG90QZ",
        "ts": "1694715035.709179",
        "blocks": [
            {
                "type": "rich_text",
                "block_id": "dFKtR",
                "elements": [
                    {
                        "type": "rich_text_section",
                        "elements": [
                            {
                                "type": "text",
                                "text": "121368 ACPN 9\/19"
                            }
                        ]
                    }
                ]
            }
        ],
        "team": "T04LDH2CNBY",
        "user_team": "T04LDH2CNBY",
        "source_team": "T04LDH2CNBY",
        "user_profile": {
            "avatar_hash": "18034abdbce3",
            "image_72": "https:\/\/avatars.slack-edge.com\/2023-01-26\/4700726977909_18034abdbce385064283_72.jpg",
            "first_name": "Virginia",
            "real_name": "Virginia",
            "display_name": "Virginia",
            "team": "T04LDH2CNBY",
            "name": "virginia",
            "is_restricted": false,
            "is_ultra_restricted": false
        },
        "edited": {
            "user": "U04LYRG90QZ",
            "ts": "1694715080.000000"
        }
    },
    {
        "client_msg_id": "601bb6e7-e27b-4ab6-ad52-716baecc06e6",
        "type": "message",
        "text": "<@U0576JVJF1Q> are we using Jane, Agnes, and Bonnie for this?",
        "user": "U04LNKU8YF6",
        "ts": "1694719179.917449",
        "blocks": [
            {
                "type": "rich_text",
                "block_id": "IKvKG",
                "elements": [
                    {
                        "type": "rich_text_section",
                        "elements": [
                            {
                                "type": "user",
                                "user_id": "U0576JVJF1Q"
                            },
                            {
                                "type": "text",
                                "text": " are we using Jane, Agnes, and Bonnie for this?"
                            }
                        ]
                    }
                ]
            }
        ],
        "team": "T04LDH2CNBY",
        "user_team": "T04LDH2CNBY",
        "source_team": "T04LDH2CNBY",
        "user_profile": {
            "avatar_hash": "212b82b4d92e",
            "image_72": "https:\/\/avatars.slack-edge.com\/2023-01-25\/4700546482018_212b82b4d92ed2471a10_72.jpg",
            "first_name": "Caroline",
            "real_name": "Caroline Lee",
            "display_name": "Caroline Lee",
            "team": "T04LDH2CNBY",
            "name": "caroline",
            "is_restricted": false,
            "is_ultra_restricted": false
        },
        "thread_ts": "1694713890.011979",
        "parent_user_id": "U0576JVJF1Q"
    },
    {
        "client_msg_id": "05048804-33f6-4396-8446-83626cd21291",
        "type": "message",
        "text": "Yes, we always use them for this project and never hear any negative feedback.",
        "user": "U0576JVJF1Q",
        "ts": "1694722097.704789",
        "blocks": [
            {
                "type": "rich_text",
                "block_id": "nz9c1",
                "elements": [
                    {
                        "type": "rich_text_section",
                        "elements": [
                            {
                                "type": "text",
                                "text": "Yes, we always use them for this project and never hear any negative feedback."
                            }
                        ]
                    }
                ]
            }
        ],
        "team": "T04LDH2CNBY",
        "user_team": "T04LDH2CNBY",
        "source_team": "T04LDH2CNBY",
        "user_profile": {
            "avatar_hash": "g12be1dbd2bd",
            "image_72": "https:\/\/secure.gravatar.com\/avatar\/12be1dbd2bd270e15f2abc83ff193814.jpg?s=72&d=https%3A%2F%2Fa.slack-edge.com%2Fdf10d%2Fimg%2Favatars%2Fava_0010-72.png",
            "first_name": "Kai",
            "real_name": "Kai",
            "display_name": "Kai",
            "team": "T04LDH2CNBY",
            "name": "kai",
            "is_restricted": false,
            "is_ultra_restricted": false
        },
        "thread_ts": "1694713890.011979",
        "parent_user_id": "U0576JVJF1Q"
    },
    {
        "client_msg_id": "01303675-ad04-4736-a5ac-5b5f8f0cecfa",
        "type": "message",
        "text": "~121369 ACPH (WO) 9\/20~\n121370 ACPH (WO) 10\/5\n121371 ACPH (WO) 10\/19",
        "user": "U0576JVJF1Q",
        "ts": "1694722468.160769",
        "blocks": [
            {
                "type": "rich_text",
                "block_id": "hbCVb",
                "elements": [
                    {
                        "type": "rich_text_section",
                        "elements": [
                            {
                                "type": "text",
                                "text": "121369 ACPH (WO) 9\/20",
                                "style": {
                                    "strike": true
                                }
                            },
                            {
                                "type": "text",
                                "text": "\n121370 ACPH (WO) 10\/5\n121371 ACPH (WO) 10\/19"
                            }
                        ]
                    }
                ]
            }
        ],
        "team": "T04LDH2CNBY",
        "user_team": "T04LDH2CNBY",
        "source_team": "T04LDH2CNBY",
        "user_profile": {
            "avatar_hash": "g12be1dbd2bd",
            "image_72": "https:\/\/secure.gravatar.com\/avatar\/12be1dbd2bd270e15f2abc83ff193814.jpg?s=72&d=https%3A%2F%2Fa.slack-edge.com%2Fdf10d%2Fimg%2Favatars%2Fava_0010-72.png",
            "first_name": "Kai",
            "real_name": "Kai",
            "display_name": "Kai",
            "team": "T04LDH2CNBY",
            "name": "kai",
            "is_restricted": false,
            "is_ultra_restricted": false
        },
        "edited": {
            "user": "U0576JVJF1Q",
            "ts": "1694728575.000000"
        }
    },
    {
        "client_msg_id": "b7b3ba1a-1d67-484f-9b83-59a387bf4002",
        "type": "message",
        "text": "121372 ACPH(Bay) 10\/11",
        "user": "U0576JVJF1Q",
        "ts": "1694724728.181949",
        "blocks": [
            {
                "type": "rich_text",
                "block_id": "pyj0c",
                "elements": [
                    {
                        "type": "rich_text_section",
                        "elements": [
                            {
                                "type": "text",
                                "text": "121372 ACPH(Bay) 10\/11"
                            }
                        ]
                    }
                ]
            }
        ],
        "team": "T04LDH2CNBY",
        "user_team": "T04LDH2CNBY",
        "source_team": "T04LDH2CNBY",
        "user_profile": {
            "avatar_hash": "g12be1dbd2bd",
            "image_72": "https:\/\/secure.gravatar.com\/avatar\/12be1dbd2bd270e15f2abc83ff193814.jpg?s=72&d=https%3A%2F%2Fa.slack-edge.com%2Fdf10d%2Fimg%2Favatars%2Fava_0010-72.png",
            "first_name": "Kai",
            "real_name": "Kai",
            "display_name": "Kai",
            "team": "T04LDH2CNBY",
            "name": "kai",
            "is_restricted": false,
            "is_ultra_restricted": false
        }
    },
    {
        "client_msg_id": "12734f8c-5031-47b1-b358-7d30c2a2c87c",
        "type": "message",
        "text": "121373 CFT 9\/15",
        "user": "U0576JVJF1Q",
        "ts": "1694725868.611629",
        "blocks": [
            {
                "type": "rich_text",
                "block_id": "\/rWYq",
                "elements": [
                    {
                        "type": "rich_text_section",
                        "elements": [
                            {
                                "type": "text",
                                "text": "121373 CFT 9\/15"
                            }
                        ]
                    }
                ]
            }
        ],
        "team": "T04LDH2CNBY",
        "user_team": "T04LDH2CNBY",
        "source_team": "T04LDH2CNBY",
        "user_profile": {
            "avatar_hash": "g12be1dbd2bd",
            "image_72": "https:\/\/secure.gravatar.com\/avatar\/12be1dbd2bd270e15f2abc83ff193814.jpg?s=72&d=https%3A%2F%2Fa.slack-edge.com%2Fdf10d%2Fimg%2Favatars%2Fava_0010-72.png",
            "first_name": "Kai",
            "real_name": "Kai",
            "display_name": "Kai",
            "team": "T04LDH2CNBY",
            "name": "kai",
            "is_restricted": false,
            "is_ultra_restricted": false
        }
    },
    {
        "client_msg_id": "7c62f4f3-3e44-43a3-a40b-7947e427304f",
        "type": "message",
        "text": "121374 PV 9\/22",
        "user": "U0576JVJF1Q",
        "ts": "1694726749.646499",
        "blocks": [
            {
                "type": "rich_text",
                "block_id": "ifREq",
                "elements": [
                    {
                        "type": "rich_text_section",
                        "elements": [
                            {
                                "type": "text",
                                "text": "121374 PV 9\/22"
                            }
                        ]
                    }
                ]
            }
        ],
        "team": "T04LDH2CNBY",
        "user_team": "T04LDH2CNBY",
        "source_team": "T04LDH2CNBY",
        "user_profile": {
            "avatar_hash": "g12be1dbd2bd",
            "image_72": "https:\/\/secure.gravatar.com\/avatar\/12be1dbd2bd270e15f2abc83ff193814.jpg?s=72&d=https%3A%2F%2Fa.slack-edge.com%2Fdf10d%2Fimg%2Favatars%2Fava_0010-72.png",
            "first_name": "Kai",
            "real_name": "Kai",
            "display_name": "Kai",
            "team": "T04LDH2CNBY",
            "name": "kai",
            "is_restricted": false,
            "is_ultra_restricted": false
        }
    },
    {
        "client_msg_id": "991d1c29-1e29-4bf6-946d-34bb07d60ab1",
        "type": "message",
        "text": "121375 BH 9\/18",
        "user": "U04LYRG90QZ",
        "ts": "1694728235.041229",
        "blocks": [
            {
                "type": "rich_text",
                "block_id": "lom6i",
                "elements": [
                    {
                        "type": "rich_text_section",
                        "elements": [
                            {
                                "type": "text",
                                "text": "121375 BH 9\/18"
                            }
                        ]
                    }
                ]
            }
        ],
        "team": "T04LDH2CNBY",
        "user_team": "T04LDH2CNBY",
        "source_team": "T04LDH2CNBY",
        "user_profile": {
            "avatar_hash": "18034abdbce3",
            "image_72": "https:\/\/avatars.slack-edge.com\/2023-01-26\/4700726977909_18034abdbce385064283_72.jpg",
            "first_name": "Virginia",
            "real_name": "Virginia",
            "display_name": "Virginia",
            "team": "T04LDH2CNBY",
            "name": "virginia",
            "is_restricted": false,
            "is_ultra_restricted": false
        }
    },
    {
        "client_msg_id": "e94d8cef-78f0-4d3b-a02b-6df648110781",
        "type": "message",
        "text": "121369 free to use",
        "user": "U0576JVJF1Q",
        "ts": "1694728586.740699",
        "blocks": [
            {
                "type": "rich_text",
                "block_id": "4HtKC",
                "elements": [
                    {
                        "type": "rich_text_section",
                        "elements": [
                            {
                                "type": "text",
                                "text": "121369 free to use"
                            }
                        ]
                    }
                ]
            }
        ],
        "team": "T04LDH2CNBY",
        "user_team": "T04LDH2CNBY",
        "source_team": "T04LDH2CNBY",
        "user_profile": {
            "avatar_hash": "g12be1dbd2bd",
            "image_72": "https:\/\/secure.gravatar.com\/avatar\/12be1dbd2bd270e15f2abc83ff193814.jpg?s=72&d=https%3A%2F%2Fa.slack-edge.com%2Fdf10d%2Fimg%2Favatars%2Fava_0010-72.png",
            "first_name": "Kai",
            "real_name": "Kai",
            "display_name": "Kai",
            "team": "T04LDH2CNBY",
            "name": "kai",
            "is_restricted": false,
            "is_ultra_restricted": false
        }
    },
    {
        "client_msg_id": "37af763c-56af-4050-b075-52ca56abce7f",
        "type": "message",
        "text": "121369 CFT 9\/21",
        "user": "U0576JVJF1Q",
        "ts": "1694733354.448429",
        "blocks": [
            {
                "type": "rich_text",
                "block_id": "Yct1R",
                "elements": [
                    {
                        "type": "rich_text_section",
                        "elements": [
                            {
                                "type": "text",
                                "text": "121369 CFT 9\/21"
                            }
                        ]
                    }
                ]
            }
        ],
        "team": "T04LDH2CNBY",
        "user_team": "T04LDH2CNBY",
        "source_team": "T04LDH2CNBY",
        "user_profile": {
            "avatar_hash": "g12be1dbd2bd",
            "image_72": "https:\/\/secure.gravatar.com\/avatar\/12be1dbd2bd270e15f2abc83ff193814.jpg?s=72&d=https%3A%2F%2Fa.slack-edge.com%2Fdf10d%2Fimg%2Favatars%2Fava_0010-72.png",
            "first_name": "Kai",
            "real_name": "Kai",
            "display_name": "Kai",
            "team": "T04LDH2CNBY",
            "name": "kai",
            "is_restricted": false,
            "is_ultra_restricted": false
        }
    }
]