[
    {
        "client_msg_id": "9802338f-7c47-433b-ab85-22e7a9bf464a",
        "type": "message",
        "text": "120103 CV 5\/23",
        "user": "U04LYRG90QZ",
        "ts": "1684332059.791969",
        "blocks": [
            {
                "type": "rich_text",
                "block_id": "85d",
                "elements": [
                    {
                        "type": "rich_text_section",
                        "elements": [
                            {
                                "type": "text",
                                "text": "120103 CV 5\/23"
                            }
                        ]
                    }
                ]
            }
        ],
        "team": "T04LDH2CNBY",
        "user_team": "T04LDH2CNBY",
        "source_team": "T04LDH2CNBY",
        "user_profile": {
            "avatar_hash": "18034abdbce3",
            "image_72": "https:\/\/avatars.slack-edge.com\/2023-01-26\/4700726977909_18034abdbce385064283_72.jpg",
            "first_name": "Virginia",
            "real_name": "Virginia",
            "display_name": "Virginia",
            "team": "T04LDH2CNBY",
            "name": "virginia",
            "is_restricted": false,
            "is_ultra_restricted": false
        }
    },
    {
        "client_msg_id": "411a0d8d-b46f-448d-8006-d9b0086a87ac",
        "type": "message",
        "text": "120104 ACPH (Glankler) 5\/25\n120105 ACPH (Glankler) 6\/1\n120106 ACPH (Glankler) 6\/15\n120107 ACPH (Glankler) 6\/20",
        "user": "U04LYRG90QZ",
        "ts": "1684332614.703239",
        "blocks": [
            {
                "type": "rich_text",
                "block_id": "e\/+",
                "elements": [
                    {
                        "type": "rich_text_section",
                        "elements": [
                            {
                                "type": "text",
                                "text": "120104 ACPH (Glankler) 5\/25\n120105 ACPH (Glankler) 6\/1\n120106 ACPH (Glankler) 6\/15\n120107 ACPH (Glankler) 6\/20"
                            }
                        ]
                    }
                ]
            }
        ],
        "team": "T04LDH2CNBY",
        "user_team": "T04LDH2CNBY",
        "source_team": "T04LDH2CNBY",
        "user_profile": {
            "avatar_hash": "18034abdbce3",
            "image_72": "https:\/\/avatars.slack-edge.com\/2023-01-26\/4700726977909_18034abdbce385064283_72.jpg",
            "first_name": "Virginia",
            "real_name": "Virginia",
            "display_name": "Virginia",
            "team": "T04LDH2CNBY",
            "name": "virginia",
            "is_restricted": false,
            "is_ultra_restricted": false
        }
    },
    {
        "client_msg_id": "3c8eb27b-ccb6-4f98-b494-b158e126e3f8",
        "type": "message",
        "text": "120108 ACPH (West Oakland) 5\/24\n120109 ACPH (West Oakland) 5\/25\n120110 ACPH (West Oakland) 5\/30\n120111 BART 5\/31\n120112 ACPH (West Oakland) 6\/8\n120113 ACPH (West Oakland) 6\/12\n120114 ACPH (West Oakland) 6\/14",
        "user": "U04LYRG90QZ",
        "ts": "1684334816.244599",
        "blocks": [
            {
                "type": "rich_text",
                "block_id": "H2M",
                "elements": [
                    {
                        "type": "rich_text_section",
                        "elements": [
                            {
                                "type": "text",
                                "text": "120108 ACPH (West Oakland) 5\/24\n120109 ACPH (West Oakland) 5\/25\n120110 ACPH (West Oakland) 5\/30\n120111 BART 5\/31\n120112 ACPH (West Oakland) 6\/8\n120113 ACPH (West Oakland) 6\/12\n120114 ACPH (West Oakland) 6\/14"
                            }
                        ]
                    }
                ]
            }
        ],
        "team": "T04LDH2CNBY",
        "user_team": "T04LDH2CNBY",
        "source_team": "T04LDH2CNBY",
        "user_profile": {
            "avatar_hash": "18034abdbce3",
            "image_72": "https:\/\/avatars.slack-edge.com\/2023-01-26\/4700726977909_18034abdbce385064283_72.jpg",
            "first_name": "Virginia",
            "real_name": "Virginia",
            "display_name": "Virginia",
            "team": "T04LDH2CNBY",
            "name": "virginia",
            "is_restricted": false,
            "is_ultra_restricted": false
        },
        "edited": {
            "user": "U04LYRG90QZ",
            "ts": "1685143093.000000"
        }
    },
    {
        "client_msg_id": "d0bb792d-4d55-4c62-a034-196830daa293",
        "type": "message",
        "text": "120115 ACPH (Glankler) 6\/6",
        "user": "U04LYRG90QZ",
        "ts": "1684341166.167459",
        "blocks": [
            {
                "type": "rich_text",
                "block_id": "3E2",
                "elements": [
                    {
                        "type": "rich_text_section",
                        "elements": [
                            {
                                "type": "text",
                                "text": "120115 ACPH (Glankler) 6\/6"
                            }
                        ]
                    }
                ]
            }
        ],
        "team": "T04LDH2CNBY",
        "user_team": "T04LDH2CNBY",
        "source_team": "T04LDH2CNBY",
        "user_profile": {
            "avatar_hash": "18034abdbce3",
            "image_72": "https:\/\/avatars.slack-edge.com\/2023-01-26\/4700726977909_18034abdbce385064283_72.jpg",
            "first_name": "Virginia",
            "real_name": "Virginia",
            "display_name": "Virginia",
            "team": "T04LDH2CNBY",
            "name": "virginia",
            "is_restricted": false,
            "is_ultra_restricted": false
        }
    },
    {
        "client_msg_id": "6c693abf-7250-456c-9e68-52f1808f6dbe",
        "type": "message",
        "text": "120116 ACPH (Bay) 5\/30",
        "user": "U04LYRG90QZ",
        "ts": "1684342768.406959",
        "blocks": [
            {
                "type": "rich_text",
                "block_id": "Ura1x",
                "elements": [
                    {
                        "type": "rich_text_section",
                        "elements": [
                            {
                                "type": "text",
                                "text": "120116 ACPH (Bay) 5\/30"
                            }
                        ]
                    }
                ]
            }
        ],
        "team": "T04LDH2CNBY",
        "user_team": "T04LDH2CNBY",
        "source_team": "T04LDH2CNBY",
        "user_profile": {
            "avatar_hash": "18034abdbce3",
            "image_72": "https:\/\/avatars.slack-edge.com\/2023-01-26\/4700726977909_18034abdbce385064283_72.jpg",
            "first_name": "Virginia",
            "real_name": "Virginia",
            "display_name": "Virginia",
            "team": "T04LDH2CNBY",
            "name": "virginia",
            "is_restricted": false,
            "is_ultra_restricted": false
        }
    },
    {
        "client_msg_id": "a8c1a8ae-8ea7-4999-8053-4c70fc75b0d8",
        "type": "message",
        "text": "120117 Napa 6\/12",
        "user": "U04LYRG90QZ",
        "ts": "1684353214.746839",
        "blocks": [
            {
                "type": "rich_text",
                "block_id": "QbpA",
                "elements": [
                    {
                        "type": "rich_text_section",
                        "elements": [
                            {
                                "type": "text",
                                "text": "120117 Napa 6\/12"
                            }
                        ]
                    }
                ]
            }
        ],
        "team": "T04LDH2CNBY",
        "user_team": "T04LDH2CNBY",
        "source_team": "T04LDH2CNBY",
        "user_profile": {
            "avatar_hash": "18034abdbce3",
            "image_72": "https:\/\/avatars.slack-edge.com\/2023-01-26\/4700726977909_18034abdbce385064283_72.jpg",
            "first_name": "Virginia",
            "real_name": "Virginia",
            "display_name": "Virginia",
            "team": "T04LDH2CNBY",
            "name": "virginia",
            "is_restricted": false,
            "is_ultra_restricted": false
        }
    },
    {
        "client_msg_id": "5b50f193-d841-4a9c-a15f-639874150fdb",
        "type": "message",
        "text": "120118 Napa 6\/12",
        "user": "U04LYRG90QZ",
        "ts": "1684353461.996779",
        "blocks": [
            {
                "type": "rich_text",
                "block_id": "W5Q",
                "elements": [
                    {
                        "type": "rich_text_section",
                        "elements": [
                            {
                                "type": "text",
                                "text": "120118 Napa 6\/12"
                            }
                        ]
                    }
                ]
            }
        ],
        "team": "T04LDH2CNBY",
        "user_team": "T04LDH2CNBY",
        "source_team": "T04LDH2CNBY",
        "user_profile": {
            "avatar_hash": "18034abdbce3",
            "image_72": "https:\/\/avatars.slack-edge.com\/2023-01-26\/4700726977909_18034abdbce385064283_72.jpg",
            "first_name": "Virginia",
            "real_name": "Virginia",
            "display_name": "Virginia",
            "team": "T04LDH2CNBY",
            "name": "virginia",
            "is_restricted": false,
            "is_ultra_restricted": false
        }
    },
    {
        "client_msg_id": "d8cafbbf-a0e1-4b50-9bea-0c99ccc495cf",
        "type": "message",
        "text": "120119 Napa 6\/12",
        "user": "U04LYRG90QZ",
        "ts": "1684353575.994239",
        "blocks": [
            {
                "type": "rich_text",
                "block_id": "+Soo",
                "elements": [
                    {
                        "type": "rich_text_section",
                        "elements": [
                            {
                                "type": "text",
                                "text": "120119 Napa 6\/12"
                            }
                        ]
                    }
                ]
            }
        ],
        "team": "T04LDH2CNBY",
        "user_team": "T04LDH2CNBY",
        "source_team": "T04LDH2CNBY",
        "user_profile": {
            "avatar_hash": "18034abdbce3",
            "image_72": "https:\/\/avatars.slack-edge.com\/2023-01-26\/4700726977909_18034abdbce385064283_72.jpg",
            "first_name": "Virginia",
            "real_name": "Virginia",
            "display_name": "Virginia",
            "team": "T04LDH2CNBY",
            "name": "virginia",
            "is_restricted": false,
            "is_ultra_restricted": false
        }
    },
    {
        "client_msg_id": "b031245e-45ce-4e65-9d39-15672a054899",
        "type": "message",
        "text": "120120 Napa 6\/13\n120121 Napa 6\/13",
        "user": "U04LYRG90QZ",
        "ts": "1684353907.504289",
        "blocks": [
            {
                "type": "rich_text",
                "block_id": "SY69",
                "elements": [
                    {
                        "type": "rich_text_section",
                        "elements": [
                            {
                                "type": "text",
                                "text": "120120 Napa 6\/13\n120121 Napa 6\/13"
                            }
                        ]
                    }
                ]
            }
        ],
        "team": "T04LDH2CNBY",
        "user_team": "T04LDH2CNBY",
        "source_team": "T04LDH2CNBY",
        "user_profile": {
            "avatar_hash": "18034abdbce3",
            "image_72": "https:\/\/avatars.slack-edge.com\/2023-01-26\/4700726977909_18034abdbce385064283_72.jpg",
            "first_name": "Virginia",
            "real_name": "Virginia",
            "display_name": "Virginia",
            "team": "T04LDH2CNBY",
            "name": "virginia",
            "is_restricted": false,
            "is_ultra_restricted": false
        }
    },
    {
        "client_msg_id": "2df967de-c412-458c-80a9-25b7ab038c6a",
        "type": "message",
        "text": "120122 CFT 5\/24\n120123 CFT 5\/24",
        "user": "U04LYRG90QZ",
        "ts": "1684357841.745439",
        "blocks": [
            {
                "type": "rich_text",
                "block_id": "34\/ZA",
                "elements": [
                    {
                        "type": "rich_text_section",
                        "elements": [
                            {
                                "type": "text",
                                "text": "120122 CFT 5\/24\n120123 CFT 5\/24"
                            }
                        ]
                    }
                ]
            }
        ],
        "team": "T04LDH2CNBY",
        "user_team": "T04LDH2CNBY",
        "source_team": "T04LDH2CNBY",
        "user_profile": {
            "avatar_hash": "18034abdbce3",
            "image_72": "https:\/\/avatars.slack-edge.com\/2023-01-26\/4700726977909_18034abdbce385064283_72.jpg",
            "first_name": "Virginia",
            "real_name": "Virginia",
            "display_name": "Virginia",
            "team": "T04LDH2CNBY",
            "name": "virginia",
            "is_restricted": false,
            "is_ultra_restricted": false
        }
    },
    {
        "client_msg_id": "29840539-e55d-468e-baa4-85536871d76a",
        "type": "message",
        "text": "120124 ACPH (West O) 6\/7",
        "user": "U04LYRG90QZ",
        "ts": "1684358645.705589",
        "blocks": [
            {
                "type": "rich_text",
                "block_id": "W4G",
                "elements": [
                    {
                        "type": "rich_text_section",
                        "elements": [
                            {
                                "type": "text",
                                "text": "120124 ACPH (West O) 6\/7"
                            }
                        ]
                    }
                ]
            }
        ],
        "team": "T04LDH2CNBY",
        "user_team": "T04LDH2CNBY",
        "source_team": "T04LDH2CNBY",
        "user_profile": {
            "avatar_hash": "18034abdbce3",
            "image_72": "https:\/\/avatars.slack-edge.com\/2023-01-26\/4700726977909_18034abdbce385064283_72.jpg",
            "first_name": "Virginia",
            "real_name": "Virginia",
            "display_name": "Virginia",
            "team": "T04LDH2CNBY",
            "name": "virginia",
            "is_restricted": false,
            "is_ultra_restricted": false
        }
    },
    {
        "client_msg_id": "22507e03-3f13-4e12-b356-87416d217f17",
        "type": "message",
        "text": "120125 CFT 5\/23",
        "user": "U04LYRG90QZ",
        "ts": "1684359141.956489",
        "blocks": [
            {
                "type": "rich_text",
                "block_id": "kEH",
                "elements": [
                    {
                        "type": "rich_text_section",
                        "elements": [
                            {
                                "type": "text",
                                "text": "120125 CFT 5\/23"
                            }
                        ]
                    }
                ]
            }
        ],
        "team": "T04LDH2CNBY",
        "user_team": "T04LDH2CNBY",
        "source_team": "T04LDH2CNBY",
        "user_profile": {
            "avatar_hash": "18034abdbce3",
            "image_72": "https:\/\/avatars.slack-edge.com\/2023-01-26\/4700726977909_18034abdbce385064283_72.jpg",
            "first_name": "Virginia",
            "real_name": "Virginia",
            "display_name": "Virginia",
            "team": "T04LDH2CNBY",
            "name": "virginia",
            "is_restricted": false,
            "is_ultra_restricted": false
        }
    },
    {
        "client_msg_id": "65ca2b97-bddb-43b5-ad50-0c1666a3eb5e",
        "type": "message",
        "text": "120126 Napa 6\/14",
        "user": "U04LYRG90QZ",
        "ts": "1684359330.120629",
        "blocks": [
            {
                "type": "rich_text",
                "block_id": "3Ty",
                "elements": [
                    {
                        "type": "rich_text_section",
                        "elements": [
                            {
                                "type": "text",
                                "text": "120126 Napa 6\/14"
                            }
                        ]
                    }
                ]
            }
        ],
        "team": "T04LDH2CNBY",
        "user_team": "T04LDH2CNBY",
        "source_team": "T04LDH2CNBY",
        "user_profile": {
            "avatar_hash": "18034abdbce3",
            "image_72": "https:\/\/avatars.slack-edge.com\/2023-01-26\/4700726977909_18034abdbce385064283_72.jpg",
            "first_name": "Virginia",
            "real_name": "Virginia",
            "display_name": "Virginia",
            "team": "T04LDH2CNBY",
            "name": "virginia",
            "is_restricted": false,
            "is_ultra_restricted": false
        }
    },
    {
        "client_msg_id": "14eb0621-544d-41d2-8392-790f2c087b5f",
        "type": "message",
        "text": "120127 Napa 6\/15",
        "user": "U04LYRG90QZ",
        "ts": "1684359507.999389",
        "blocks": [
            {
                "type": "rich_text",
                "block_id": "\/hiy",
                "elements": [
                    {
                        "type": "rich_text_section",
                        "elements": [
                            {
                                "type": "text",
                                "text": "120127 Napa 6\/15"
                            }
                        ]
                    }
                ]
            }
        ],
        "team": "T04LDH2CNBY",
        "user_team": "T04LDH2CNBY",
        "source_team": "T04LDH2CNBY",
        "user_profile": {
            "avatar_hash": "18034abdbce3",
            "image_72": "https:\/\/avatars.slack-edge.com\/2023-01-26\/4700726977909_18034abdbce385064283_72.jpg",
            "first_name": "Virginia",
            "real_name": "Virginia",
            "display_name": "Virginia",
            "team": "T04LDH2CNBY",
            "name": "virginia",
            "is_restricted": false,
            "is_ultra_restricted": false
        }
    },
    {
        "client_msg_id": "3c7789b9-fbc4-4dd6-b6ef-9ebfbbe1f8e2",
        "type": "message",
        "text": "120128 ACPH (Glankler) 6\/1",
        "user": "U04LYRG90QZ",
        "ts": "1684363972.325769",
        "blocks": [
            {
                "type": "rich_text",
                "block_id": "Y6T",
                "elements": [
                    {
                        "type": "rich_text_section",
                        "elements": [
                            {
                                "type": "text",
                                "text": "120128 ACPH (Glankler) 6\/1"
                            }
                        ]
                    }
                ]
            }
        ],
        "team": "T04LDH2CNBY",
        "user_team": "T04LDH2CNBY",
        "source_team": "T04LDH2CNBY",
        "user_profile": {
            "avatar_hash": "18034abdbce3",
            "image_72": "https:\/\/avatars.slack-edge.com\/2023-01-26\/4700726977909_18034abdbce385064283_72.jpg",
            "first_name": "Virginia",
            "real_name": "Virginia",
            "display_name": "Virginia",
            "team": "T04LDH2CNBY",
            "name": "virginia",
            "is_restricted": false,
            "is_ultra_restricted": false
        }
    },
    {
        "client_msg_id": "e634f700-3b70-4cb6-874b-87c6b37c018d",
        "type": "message",
        "text": "120129 - SL 5\/26\n120130 - SL 5\/30\n120131 - SL 6\/13",
        "user": "U04LYRG90QZ",
        "ts": "1684364787.300219",
        "blocks": [
            {
                "type": "rich_text",
                "block_id": "s0p+",
                "elements": [
                    {
                        "type": "rich_text_section",
                        "elements": [
                            {
                                "type": "text",
                                "text": "120129 - SL 5\/26\n120130 - SL 5\/30\n120131 - SL 6\/13"
                            }
                        ]
                    }
                ]
            }
        ],
        "team": "T04LDH2CNBY",
        "user_team": "T04LDH2CNBY",
        "source_team": "T04LDH2CNBY",
        "user_profile": {
            "avatar_hash": "18034abdbce3",
            "image_72": "https:\/\/avatars.slack-edge.com\/2023-01-26\/4700726977909_18034abdbce385064283_72.jpg",
            "first_name": "Virginia",
            "real_name": "Virginia",
            "display_name": "Virginia",
            "team": "T04LDH2CNBY",
            "name": "virginia",
            "is_restricted": false,
            "is_ultra_restricted": false
        }
    },
    {
        "client_msg_id": "eebe0449-0d1e-488d-92ed-5b3784e1040f",
        "type": "message",
        "text": "120132 CFT 5\/18",
        "user": "U04LYRG90QZ",
        "ts": "1684365373.573299",
        "blocks": [
            {
                "type": "rich_text",
                "block_id": "aSf",
                "elements": [
                    {
                        "type": "rich_text_section",
                        "elements": [
                            {
                                "type": "text",
                                "text": "120132 CFT 5\/18"
                            }
                        ]
                    }
                ]
            }
        ],
        "team": "T04LDH2CNBY",
        "user_team": "T04LDH2CNBY",
        "source_team": "T04LDH2CNBY",
        "user_profile": {
            "avatar_hash": "18034abdbce3",
            "image_72": "https:\/\/avatars.slack-edge.com\/2023-01-26\/4700726977909_18034abdbce385064283_72.jpg",
            "first_name": "Virginia",
            "real_name": "Virginia",
            "display_name": "Virginia",
            "team": "T04LDH2CNBY",
            "name": "virginia",
            "is_restricted": false,
            "is_ultra_restricted": false
        }
    }
]