[
    {
        "client_msg_id": "c2b59b07-a786-4e36-a947-82b2e1bf777f",
        "type": "message",
        "text": "119977 BH 5\/12",
        "user": "U04LYRG90QZ",
        "ts": "1683737173.813899",
        "blocks": [
            {
                "type": "rich_text",
                "block_id": "N7el",
                "elements": [
                    {
                        "type": "rich_text_section",
                        "elements": [
                            {
                                "type": "text",
                                "text": "119977 BH 5\/12"
                            }
                        ]
                    }
                ]
            }
        ],
        "team": "T04LDH2CNBY",
        "user_team": "T04LDH2CNBY",
        "source_team": "T04LDH2CNBY",
        "user_profile": {
            "avatar_hash": "18034abdbce3",
            "image_72": "https:\/\/avatars.slack-edge.com\/2023-01-26\/4700726977909_18034abdbce385064283_72.jpg",
            "first_name": "Virginia",
            "real_name": "Virginia",
            "display_name": "Virginia",
            "team": "T04LDH2CNBY",
            "name": "virginia",
            "is_restricted": false,
            "is_ultra_restricted": false
        }
    },
    {
        "client_msg_id": "5efbfb1d-5b72-4cda-a165-da2d168b48d6",
        "type": "message",
        "text": "119978 ACPH (Valley) 5\/31",
        "user": "U04LYRG90QZ",
        "ts": "1683738707.445959",
        "blocks": [
            {
                "type": "rich_text",
                "block_id": "=7j",
                "elements": [
                    {
                        "type": "rich_text_section",
                        "elements": [
                            {
                                "type": "text",
                                "text": "119978 ACPH (Valley) 5\/31"
                            }
                        ]
                    }
                ]
            }
        ],
        "team": "T04LDH2CNBY",
        "user_team": "T04LDH2CNBY",
        "source_team": "T04LDH2CNBY",
        "user_profile": {
            "avatar_hash": "18034abdbce3",
            "image_72": "https:\/\/avatars.slack-edge.com\/2023-01-26\/4700726977909_18034abdbce385064283_72.jpg",
            "first_name": "Virginia",
            "real_name": "Virginia",
            "display_name": "Virginia",
            "team": "T04LDH2CNBY",
            "name": "virginia",
            "is_restricted": false,
            "is_ultra_restricted": false
        }
    },
    {
        "client_msg_id": "2347442d-8726-4d90-b714-3437fcdbafac",
        "type": "message",
        "text": "119979 Napa 5\/24\n119980 Napa 5\/24",
        "user": "U04LYRG90QZ",
        "ts": "1683739568.347649",
        "blocks": [
            {
                "type": "rich_text",
                "block_id": "EuJ",
                "elements": [
                    {
                        "type": "rich_text_section",
                        "elements": [
                            {
                                "type": "text",
                                "text": "119979 Napa 5\/24\n119980 Napa 5\/24"
                            }
                        ]
                    }
                ]
            }
        ],
        "team": "T04LDH2CNBY",
        "user_team": "T04LDH2CNBY",
        "source_team": "T04LDH2CNBY",
        "user_profile": {
            "avatar_hash": "18034abdbce3",
            "image_72": "https:\/\/avatars.slack-edge.com\/2023-01-26\/4700726977909_18034abdbce385064283_72.jpg",
            "first_name": "Virginia",
            "real_name": "Virginia",
            "display_name": "Virginia",
            "team": "T04LDH2CNBY",
            "name": "virginia",
            "is_restricted": false,
            "is_ultra_restricted": false
        }
    },
    {
        "client_msg_id": "cbc2475d-9c8c-47ce-9098-ee68caf394a4",
        "type": "message",
        "text": "119981 CFT 5\/23",
        "user": "U04LYRG90QZ",
        "ts": "1683742678.746659",
        "blocks": [
            {
                "type": "rich_text",
                "block_id": "o2d",
                "elements": [
                    {
                        "type": "rich_text_section",
                        "elements": [
                            {
                                "type": "text",
                                "text": "119981 CFT 5\/23"
                            }
                        ]
                    }
                ]
            }
        ],
        "team": "T04LDH2CNBY",
        "user_team": "T04LDH2CNBY",
        "source_team": "T04LDH2CNBY",
        "user_profile": {
            "avatar_hash": "18034abdbce3",
            "image_72": "https:\/\/avatars.slack-edge.com\/2023-01-26\/4700726977909_18034abdbce385064283_72.jpg",
            "first_name": "Virginia",
            "real_name": "Virginia",
            "display_name": "Virginia",
            "team": "T04LDH2CNBY",
            "name": "virginia",
            "is_restricted": false,
            "is_ultra_restricted": false
        }
    },
    {
        "client_msg_id": "76bfe176-fbcd-46c8-bab8-a530a0396ed4",
        "type": "message",
        "text": "119982 CFT 6\/1\n119983 CFT 5\/31",
        "user": "U04LYRG90QZ",
        "ts": "1683742897.133679",
        "blocks": [
            {
                "type": "rich_text",
                "block_id": "MhF",
                "elements": [
                    {
                        "type": "rich_text_section",
                        "elements": [
                            {
                                "type": "text",
                                "text": "119982 CFT 6\/1\n119983 CFT 5\/31"
                            }
                        ]
                    }
                ]
            }
        ],
        "team": "T04LDH2CNBY",
        "user_team": "T04LDH2CNBY",
        "source_team": "T04LDH2CNBY",
        "user_profile": {
            "avatar_hash": "18034abdbce3",
            "image_72": "https:\/\/avatars.slack-edge.com\/2023-01-26\/4700726977909_18034abdbce385064283_72.jpg",
            "first_name": "Virginia",
            "real_name": "Virginia",
            "display_name": "Virginia",
            "team": "T04LDH2CNBY",
            "name": "virginia",
            "is_restricted": false,
            "is_ultra_restricted": false
        }
    },
    {
        "client_msg_id": "ec527ef8-f264-492c-8172-e5ab6eefe480",
        "type": "message",
        "text": "119984 Napa 5\/23\n119985 Napa 6\/6",
        "user": "U04LYRG90QZ",
        "ts": "1683744009.016149",
        "blocks": [
            {
                "type": "rich_text",
                "block_id": "UcG",
                "elements": [
                    {
                        "type": "rich_text_section",
                        "elements": [
                            {
                                "type": "text",
                                "text": "119984 Napa 5\/23\n119985 Napa 6\/6"
                            }
                        ]
                    }
                ]
            }
        ],
        "team": "T04LDH2CNBY",
        "user_team": "T04LDH2CNBY",
        "source_team": "T04LDH2CNBY",
        "user_profile": {
            "avatar_hash": "18034abdbce3",
            "image_72": "https:\/\/avatars.slack-edge.com\/2023-01-26\/4700726977909_18034abdbce385064283_72.jpg",
            "first_name": "Virginia",
            "real_name": "Virginia",
            "display_name": "Virginia",
            "team": "T04LDH2CNBY",
            "name": "virginia",
            "is_restricted": false,
            "is_ultra_restricted": false
        }
    },
    {
        "client_msg_id": "5a0423f8-ea73-4e6b-84b7-b69f518fb105",
        "type": "message",
        "text": "119986 BART 5\/13\n119987 BART 5\/13\n119988 BART 5\/14\n119989 BART 5\/14",
        "user": "U04LYRG90QZ",
        "ts": "1683748936.827109",
        "blocks": [
            {
                "type": "rich_text",
                "block_id": "ZCmfi",
                "elements": [
                    {
                        "type": "rich_text_section",
                        "elements": [
                            {
                                "type": "text",
                                "text": "119986 BART 5\/13\n119987 BART 5\/13\n119988 BART 5\/14\n119989 BART 5\/14"
                            }
                        ]
                    }
                ]
            }
        ],
        "team": "T04LDH2CNBY",
        "user_team": "T04LDH2CNBY",
        "source_team": "T04LDH2CNBY",
        "user_profile": {
            "avatar_hash": "18034abdbce3",
            "image_72": "https:\/\/avatars.slack-edge.com\/2023-01-26\/4700726977909_18034abdbce385064283_72.jpg",
            "first_name": "Virginia",
            "real_name": "Virginia",
            "display_name": "Virginia",
            "team": "T04LDH2CNBY",
            "name": "virginia",
            "is_restricted": false,
            "is_ultra_restricted": false
        }
    },
    {
        "client_msg_id": "4c21dac3-0f99-4645-898e-6f83eb657445",
        "type": "message",
        "text": "119990 SL 5\/31",
        "user": "U04LYRG90QZ",
        "ts": "1683751590.201049",
        "blocks": [
            {
                "type": "rich_text",
                "block_id": "\/iWBX",
                "elements": [
                    {
                        "type": "rich_text_section",
                        "elements": [
                            {
                                "type": "text",
                                "text": "119990 SL 5\/31"
                            }
                        ]
                    }
                ]
            }
        ],
        "team": "T04LDH2CNBY",
        "user_team": "T04LDH2CNBY",
        "source_team": "T04LDH2CNBY",
        "user_profile": {
            "avatar_hash": "18034abdbce3",
            "image_72": "https:\/\/avatars.slack-edge.com\/2023-01-26\/4700726977909_18034abdbce385064283_72.jpg",
            "first_name": "Virginia",
            "real_name": "Virginia",
            "display_name": "Virginia",
            "team": "T04LDH2CNBY",
            "name": "virginia",
            "is_restricted": false,
            "is_ultra_restricted": false
        }
    },
    {
        "client_msg_id": "d5188574-75ea-4cdc-aed6-6895d4333535",
        "type": "message",
        "text": "119991 ACPH (Chavez) 5\/22\n119992 ACPH (Chavez) 6\/8\n119993 ACPH (Chavez) 7\/6",
        "user": "U04LYRG90QZ",
        "ts": "1683752856.460659",
        "blocks": [
            {
                "type": "rich_text",
                "block_id": "xWPna",
                "elements": [
                    {
                        "type": "rich_text_section",
                        "elements": [
                            {
                                "type": "text",
                                "text": "119991 ACPH (Chavez) 5\/22\n119992 ACPH (Chavez) 6\/8\n119993 ACPH (Chavez) 7\/6"
                            }
                        ]
                    }
                ]
            }
        ],
        "team": "T04LDH2CNBY",
        "user_team": "T04LDH2CNBY",
        "source_team": "T04LDH2CNBY",
        "user_profile": {
            "avatar_hash": "18034abdbce3",
            "image_72": "https:\/\/avatars.slack-edge.com\/2023-01-26\/4700726977909_18034abdbce385064283_72.jpg",
            "first_name": "Virginia",
            "real_name": "Virginia",
            "display_name": "Virginia",
            "team": "T04LDH2CNBY",
            "name": "virginia",
            "is_restricted": false,
            "is_ultra_restricted": false
        }
    },
    {
        "client_msg_id": "7b573cf6-d080-4bfd-9430-9dad1187d0cd",
        "type": "message",
        "text": "119994 CFT 5\/30\n119995 CFT 5\/30",
        "user": "U04LYRG90QZ",
        "ts": "1683756911.410329",
        "blocks": [
            {
                "type": "rich_text",
                "block_id": "Fnyd",
                "elements": [
                    {
                        "type": "rich_text_section",
                        "elements": [
                            {
                                "type": "text",
                                "text": "119994 CFT 5\/30\n119995 CFT 5\/30"
                            }
                        ]
                    }
                ]
            }
        ],
        "team": "T04LDH2CNBY",
        "user_team": "T04LDH2CNBY",
        "source_team": "T04LDH2CNBY",
        "user_profile": {
            "avatar_hash": "18034abdbce3",
            "image_72": "https:\/\/avatars.slack-edge.com\/2023-01-26\/4700726977909_18034abdbce385064283_72.jpg",
            "first_name": "Virginia",
            "real_name": "Virginia",
            "display_name": "Virginia",
            "team": "T04LDH2CNBY",
            "name": "virginia",
            "is_restricted": false,
            "is_ultra_restricted": false
        }
    },
    {
        "client_msg_id": "95d2c2c7-83fc-42d4-bae1-0dc3cf750239",
        "type": "message",
        "text": "119996 CV 5\/12",
        "user": "U04LYRG90QZ",
        "ts": "1683757507.479939",
        "blocks": [
            {
                "type": "rich_text",
                "block_id": "9Rc",
                "elements": [
                    {
                        "type": "rich_text_section",
                        "elements": [
                            {
                                "type": "text",
                                "text": "119996 CV 5\/12"
                            }
                        ]
                    }
                ]
            }
        ],
        "team": "T04LDH2CNBY",
        "user_team": "T04LDH2CNBY",
        "source_team": "T04LDH2CNBY",
        "user_profile": {
            "avatar_hash": "18034abdbce3",
            "image_72": "https:\/\/avatars.slack-edge.com\/2023-01-26\/4700726977909_18034abdbce385064283_72.jpg",
            "first_name": "Virginia",
            "real_name": "Virginia",
            "display_name": "Virginia",
            "team": "T04LDH2CNBY",
            "name": "virginia",
            "is_restricted": false,
            "is_ultra_restricted": false
        }
    },
    {
        "client_msg_id": "0db4f661-e058-482e-990b-fb48879ff3d2",
        "type": "message",
        "text": "119997 ACPH (Chavez) 6\/6",
        "user": "U04LYRG90QZ",
        "ts": "1683759228.966769",
        "blocks": [
            {
                "type": "rich_text",
                "block_id": "\/LOu",
                "elements": [
                    {
                        "type": "rich_text_section",
                        "elements": [
                            {
                                "type": "text",
                                "text": "119997 ACPH (Chavez) 6\/6"
                            }
                        ]
                    }
                ]
            }
        ],
        "team": "T04LDH2CNBY",
        "user_team": "T04LDH2CNBY",
        "source_team": "T04LDH2CNBY",
        "user_profile": {
            "avatar_hash": "18034abdbce3",
            "image_72": "https:\/\/avatars.slack-edge.com\/2023-01-26\/4700726977909_18034abdbce385064283_72.jpg",
            "first_name": "Virginia",
            "real_name": "Virginia",
            "display_name": "Virginia",
            "team": "T04LDH2CNBY",
            "name": "virginia",
            "is_restricted": false,
            "is_ultra_restricted": false
        }
    },
    {
        "client_msg_id": "e3cafce5-09d5-4f4b-b330-0b0bacfc13a8",
        "type": "message",
        "text": "119998 CV 5\/16\n119999 CV 5\/17\n120000 CV 5\/25",
        "user": "U04LYRG90QZ",
        "ts": "1683760489.645729",
        "blocks": [
            {
                "type": "rich_text",
                "block_id": "G1DiV",
                "elements": [
                    {
                        "type": "rich_text_section",
                        "elements": [
                            {
                                "type": "text",
                                "text": "119998 CV 5\/16\n119999 CV 5\/17\n120000 CV 5\/25"
                            }
                        ]
                    }
                ]
            }
        ],
        "team": "T04LDH2CNBY",
        "user_team": "T04LDH2CNBY",
        "source_team": "T04LDH2CNBY",
        "user_profile": {
            "avatar_hash": "18034abdbce3",
            "image_72": "https:\/\/avatars.slack-edge.com\/2023-01-26\/4700726977909_18034abdbce385064283_72.jpg",
            "first_name": "Virginia",
            "real_name": "Virginia",
            "display_name": "Virginia",
            "team": "T04LDH2CNBY",
            "name": "virginia",
            "is_restricted": false,
            "is_ultra_restricted": false
        }
    },
    {
        "client_msg_id": "f049de87-e912-4e5c-8550-adf4a211c0ba",
        "type": "message",
        "text": "120001 ACPH (Chavez) 5\/19",
        "user": "U04LYRG90QZ",
        "ts": "1683762858.956999",
        "blocks": [
            {
                "type": "rich_text",
                "block_id": "xJA",
                "elements": [
                    {
                        "type": "rich_text_section",
                        "elements": [
                            {
                                "type": "text",
                                "text": "120001 ACPH (Chavez) 5\/19"
                            }
                        ]
                    }
                ]
            }
        ],
        "team": "T04LDH2CNBY",
        "user_team": "T04LDH2CNBY",
        "source_team": "T04LDH2CNBY",
        "user_profile": {
            "avatar_hash": "18034abdbce3",
            "image_72": "https:\/\/avatars.slack-edge.com\/2023-01-26\/4700726977909_18034abdbce385064283_72.jpg",
            "first_name": "Virginia",
            "real_name": "Virginia",
            "display_name": "Virginia",
            "team": "T04LDH2CNBY",
            "name": "virginia",
            "is_restricted": false,
            "is_ultra_restricted": false
        }
    }
]