[
    {
        "client_msg_id": "3f28ce21-e4bc-4e2b-9c0e-0d0644952ffd",
        "type": "message",
        "text": "119050 - ASPH Nurse (Aileen Haxo) 2\/17",
        "user": "U04LDKWRDB8",
        "ts": "1676308536.759959",
        "blocks": [
            {
                "type": "rich_text",
                "block_id": "gs85",
                "elements": [
                    {
                        "type": "rich_text_section",
                        "elements": [
                            {
                                "type": "text",
                                "text": "119050 - ASPH Nurse (Aileen Haxo) 2\/17"
                            }
                        ]
                    }
                ]
            }
        ],
        "team": "T04LDH2CNBY",
        "user_team": "T04LDH2CNBY",
        "source_team": "T04LDH2CNBY",
        "user_profile": {
            "avatar_hash": "a437520525b3",
            "image_72": "https:\/\/avatars.slack-edge.com\/2023-01-31\/4728630296242_a437520525b309207ab3_72.png",
            "first_name": "Kelly",
            "real_name": "Kelly Moody",
            "display_name": "Kelly Moody",
            "team": "T04LDH2CNBY",
            "name": "kelly",
            "is_restricted": false,
            "is_ultra_restricted": false
        }
    }
]