[
    {
        "client_msg_id": "74d1ce45-8a73-4eb2-ab9a-8ab606e25249",
        "type": "message",
        "text": "120147 Napa 6\/5",
        "user": "U04LYRG90QZ",
        "ts": "1684509278.635139",
        "blocks": [
            {
                "type": "rich_text",
                "block_id": "XGA",
                "elements": [
                    {
                        "type": "rich_text_section",
                        "elements": [
                            {
                                "type": "text",
                                "text": "120147 Napa 6\/5"
                            }
                        ]
                    }
                ]
            }
        ],
        "team": "T04LDH2CNBY",
        "user_team": "T04LDH2CNBY",
        "source_team": "T04LDH2CNBY",
        "user_profile": {
            "avatar_hash": "18034abdbce3",
            "image_72": "https:\/\/avatars.slack-edge.com\/2023-01-26\/4700726977909_18034abdbce385064283_72.jpg",
            "first_name": "Virginia",
            "real_name": "Virginia",
            "display_name": "Virginia",
            "team": "T04LDH2CNBY",
            "name": "virginia",
            "is_restricted": false,
            "is_ultra_restricted": false
        }
    },
    {
        "client_msg_id": "cacad8c2-9aca-423a-9eeb-c14bc37c97af",
        "type": "message",
        "text": "120148 PV 6\/8\n120149 PV 6\/15",
        "user": "U04LYRG90QZ",
        "ts": "1684511450.569959",
        "blocks": [
            {
                "type": "rich_text",
                "block_id": "wEhzM",
                "elements": [
                    {
                        "type": "rich_text_section",
                        "elements": [
                            {
                                "type": "text",
                                "text": "120148 PV 6\/8\n120149 PV 6\/15"
                            }
                        ]
                    }
                ]
            }
        ],
        "team": "T04LDH2CNBY",
        "user_team": "T04LDH2CNBY",
        "source_team": "T04LDH2CNBY",
        "user_profile": {
            "avatar_hash": "18034abdbce3",
            "image_72": "https:\/\/avatars.slack-edge.com\/2023-01-26\/4700726977909_18034abdbce385064283_72.jpg",
            "first_name": "Virginia",
            "real_name": "Virginia",
            "display_name": "Virginia",
            "team": "T04LDH2CNBY",
            "name": "virginia",
            "is_restricted": false,
            "is_ultra_restricted": false
        }
    },
    {
        "client_msg_id": "d234dc97-7b27-447e-b234-67fb55604903",
        "type": "message",
        "text": "120150 ACPH (Bay) 6\/1",
        "user": "U04LYRG90QZ",
        "ts": "1684515394.935059",
        "blocks": [
            {
                "type": "rich_text",
                "block_id": "tOC",
                "elements": [
                    {
                        "type": "rich_text_section",
                        "elements": [
                            {
                                "type": "text",
                                "text": "120150 ACPH (Bay) 6\/1"
                            }
                        ]
                    }
                ]
            }
        ],
        "team": "T04LDH2CNBY",
        "user_team": "T04LDH2CNBY",
        "source_team": "T04LDH2CNBY",
        "user_profile": {
            "avatar_hash": "18034abdbce3",
            "image_72": "https:\/\/avatars.slack-edge.com\/2023-01-26\/4700726977909_18034abdbce385064283_72.jpg",
            "first_name": "Virginia",
            "real_name": "Virginia",
            "display_name": "Virginia",
            "team": "T04LDH2CNBY",
            "name": "virginia",
            "is_restricted": false,
            "is_ultra_restricted": false
        }
    },
    {
        "client_msg_id": "1d26f2e7-f73e-4cca-a9b9-2185ec1679c9",
        "type": "message",
        "text": "120151 ACPH (Bay) 6\/7",
        "user": "U04LYRG90QZ",
        "ts": "1684516063.506349",
        "blocks": [
            {
                "type": "rich_text",
                "block_id": "ckw",
                "elements": [
                    {
                        "type": "rich_text_section",
                        "elements": [
                            {
                                "type": "text",
                                "text": "120151 ACPH (Bay) 6\/7"
                            }
                        ]
                    }
                ]
            }
        ],
        "team": "T04LDH2CNBY",
        "user_team": "T04LDH2CNBY",
        "source_team": "T04LDH2CNBY",
        "user_profile": {
            "avatar_hash": "18034abdbce3",
            "image_72": "https:\/\/avatars.slack-edge.com\/2023-01-26\/4700726977909_18034abdbce385064283_72.jpg",
            "first_name": "Virginia",
            "real_name": "Virginia",
            "display_name": "Virginia",
            "team": "T04LDH2CNBY",
            "name": "virginia",
            "is_restricted": false,
            "is_ultra_restricted": false
        }
    },
    {
        "client_msg_id": "56fa5a82-0f5d-437f-a4ec-be5f6ed4dae2",
        "type": "message",
        "text": "120152 ACPH (Chavez) 5\/25",
        "user": "U04LYRG90QZ",
        "ts": "1684522168.465419",
        "blocks": [
            {
                "type": "rich_text",
                "block_id": "oMxI",
                "elements": [
                    {
                        "type": "rich_text_section",
                        "elements": [
                            {
                                "type": "text",
                                "text": "120152 ACPH (Chavez) 5\/25"
                            }
                        ]
                    }
                ]
            }
        ],
        "team": "T04LDH2CNBY",
        "user_team": "T04LDH2CNBY",
        "source_team": "T04LDH2CNBY",
        "user_profile": {
            "avatar_hash": "18034abdbce3",
            "image_72": "https:\/\/avatars.slack-edge.com\/2023-01-26\/4700726977909_18034abdbce385064283_72.jpg",
            "first_name": "Virginia",
            "real_name": "Virginia",
            "display_name": "Virginia",
            "team": "T04LDH2CNBY",
            "name": "virginia",
            "is_restricted": false,
            "is_ultra_restricted": false
        }
    },
    {
        "client_msg_id": "beb75572-70cd-4516-9343-8dbf21962bd9",
        "type": "message",
        "text": "120153 CFT 6\/13",
        "user": "U04LYRG90QZ",
        "ts": "1684523093.637429",
        "blocks": [
            {
                "type": "rich_text",
                "block_id": "CGBo",
                "elements": [
                    {
                        "type": "rich_text_section",
                        "elements": [
                            {
                                "type": "text",
                                "text": "120153 CFT 6\/13"
                            }
                        ]
                    }
                ]
            }
        ],
        "team": "T04LDH2CNBY",
        "user_team": "T04LDH2CNBY",
        "source_team": "T04LDH2CNBY",
        "user_profile": {
            "avatar_hash": "18034abdbce3",
            "image_72": "https:\/\/avatars.slack-edge.com\/2023-01-26\/4700726977909_18034abdbce385064283_72.jpg",
            "first_name": "Virginia",
            "real_name": "Virginia",
            "display_name": "Virginia",
            "team": "T04LDH2CNBY",
            "name": "virginia",
            "is_restricted": false,
            "is_ultra_restricted": false
        }
    },
    {
        "client_msg_id": "dfd9cfcb-4c29-4678-9f58-534c85eb93f9",
        "type": "message",
        "text": "120154 ACPH (Bay) 6\/21",
        "user": "U04LYRG90QZ",
        "ts": "1684524502.953529",
        "blocks": [
            {
                "type": "rich_text",
                "block_id": "i4Ktj",
                "elements": [
                    {
                        "type": "rich_text_section",
                        "elements": [
                            {
                                "type": "text",
                                "text": "120154 ACPH (Bay) 6\/21"
                            }
                        ]
                    }
                ]
            }
        ],
        "team": "T04LDH2CNBY",
        "user_team": "T04LDH2CNBY",
        "source_team": "T04LDH2CNBY",
        "user_profile": {
            "avatar_hash": "18034abdbce3",
            "image_72": "https:\/\/avatars.slack-edge.com\/2023-01-26\/4700726977909_18034abdbce385064283_72.jpg",
            "first_name": "Virginia",
            "real_name": "Virginia",
            "display_name": "Virginia",
            "team": "T04LDH2CNBY",
            "name": "virginia",
            "is_restricted": false,
            "is_ultra_restricted": false
        }
    },
    {
        "client_msg_id": "c3750e8d-8929-4604-9708-d75cc86e296d",
        "type": "message",
        "text": "120155 ACPH (Glankler) 7\/7\n120156 ACPH (Glankler) 7\/14\n120157 ACPH (Glankler) 7\/21\n120158 ACPH (Glankler) 8\/8\n120159 ACPH (Glankler) 8\/11",
        "user": "U04LYRG90QZ",
        "ts": "1684524791.078569",
        "blocks": [
            {
                "type": "rich_text",
                "block_id": "n8LA",
                "elements": [
                    {
                        "type": "rich_text_section",
                        "elements": [
                            {
                                "type": "text",
                                "text": "120155 ACPH (Glankler) 7\/7\n120156 ACPH (Glankler) 7\/14\n120157 ACPH (Glankler) 7\/21\n120158 ACPH (Glankler) 8\/8\n120159 ACPH (Glankler) 8\/11"
                            }
                        ]
                    }
                ]
            }
        ],
        "team": "T04LDH2CNBY",
        "user_team": "T04LDH2CNBY",
        "source_team": "T04LDH2CNBY",
        "user_profile": {
            "avatar_hash": "18034abdbce3",
            "image_72": "https:\/\/avatars.slack-edge.com\/2023-01-26\/4700726977909_18034abdbce385064283_72.jpg",
            "first_name": "Virginia",
            "real_name": "Virginia",
            "display_name": "Virginia",
            "team": "T04LDH2CNBY",
            "name": "virginia",
            "is_restricted": false,
            "is_ultra_restricted": false
        }
    }
]