[
    {
        "client_msg_id": "27f3efb8-ca27-4f35-885e-5d8e9532696c",
        "type": "message",
        "text": "121448 BH 9\/20",
        "user": "U04LYRG90QZ",
        "ts": "1695218645.654379",
        "blocks": [
            {
                "type": "rich_text",
                "block_id": "i3+bL",
                "elements": [
                    {
                        "type": "rich_text_section",
                        "elements": [
                            {
                                "type": "text",
                                "text": "121448 BH 9\/20"
                            }
                        ]
                    }
                ]
            }
        ],
        "team": "T04LDH2CNBY",
        "user_team": "T04LDH2CNBY",
        "source_team": "T04LDH2CNBY",
        "user_profile": {
            "avatar_hash": "18034abdbce3",
            "image_72": "https:\/\/avatars.slack-edge.com\/2023-01-26\/4700726977909_18034abdbce385064283_72.jpg",
            "first_name": "Virginia",
            "real_name": "Virginia",
            "display_name": "Virginia",
            "team": "T04LDH2CNBY",
            "name": "virginia",
            "is_restricted": false,
            "is_ultra_restricted": false
        }
    },
    {
        "client_msg_id": "2245a96d-8b4e-4951-ab0a-44f8c620d5c2",
        "type": "message",
        "text": "121449 CV 10\/18",
        "user": "U04LYRG90QZ",
        "ts": "1695225779.152629",
        "blocks": [
            {
                "type": "rich_text",
                "block_id": "7eRhW",
                "elements": [
                    {
                        "type": "rich_text_section",
                        "elements": [
                            {
                                "type": "text",
                                "text": "121449 CV 10\/18"
                            }
                        ]
                    }
                ]
            }
        ],
        "team": "T04LDH2CNBY",
        "user_team": "T04LDH2CNBY",
        "source_team": "T04LDH2CNBY",
        "user_profile": {
            "avatar_hash": "18034abdbce3",
            "image_72": "https:\/\/avatars.slack-edge.com\/2023-01-26\/4700726977909_18034abdbce385064283_72.jpg",
            "first_name": "Virginia",
            "real_name": "Virginia",
            "display_name": "Virginia",
            "team": "T04LDH2CNBY",
            "name": "virginia",
            "is_restricted": false,
            "is_ultra_restricted": false
        }
    },
    {
        "client_msg_id": "feb6f1ab-70d5-426a-9cfa-de56c78e0d8e",
        "type": "message",
        "text": "121450 ACPH (West O) 9\/20",
        "user": "U04LYRG90QZ",
        "ts": "1695226325.130119",
        "blocks": [
            {
                "type": "rich_text",
                "block_id": "f7\/Qo",
                "elements": [
                    {
                        "type": "rich_text_section",
                        "elements": [
                            {
                                "type": "text",
                                "text": "121450 ACPH (West O) 9\/20"
                            }
                        ]
                    }
                ]
            }
        ],
        "team": "T04LDH2CNBY",
        "user_team": "T04LDH2CNBY",
        "source_team": "T04LDH2CNBY",
        "user_profile": {
            "avatar_hash": "18034abdbce3",
            "image_72": "https:\/\/avatars.slack-edge.com\/2023-01-26\/4700726977909_18034abdbce385064283_72.jpg",
            "first_name": "Virginia",
            "real_name": "Virginia",
            "display_name": "Virginia",
            "team": "T04LDH2CNBY",
            "name": "virginia",
            "is_restricted": false,
            "is_ultra_restricted": false
        }
    },
    {
        "client_msg_id": "5edf004b-4507-49a9-b84f-e85720c49cd2",
        "type": "message",
        "text": "121451 NAPA 9\/20",
        "user": "U04LYRG90QZ",
        "ts": "1695227470.811049",
        "blocks": [
            {
                "type": "rich_text",
                "block_id": "2fGka",
                "elements": [
                    {
                        "type": "rich_text_section",
                        "elements": [
                            {
                                "type": "text",
                                "text": "121451 NAPA 9\/20"
                            }
                        ]
                    }
                ]
            }
        ],
        "team": "T04LDH2CNBY",
        "user_team": "T04LDH2CNBY",
        "source_team": "T04LDH2CNBY",
        "user_profile": {
            "avatar_hash": "18034abdbce3",
            "image_72": "https:\/\/avatars.slack-edge.com\/2023-01-26\/4700726977909_18034abdbce385064283_72.jpg",
            "first_name": "Virginia",
            "real_name": "Virginia",
            "display_name": "Virginia",
            "team": "T04LDH2CNBY",
            "name": "virginia",
            "is_restricted": false,
            "is_ultra_restricted": false
        }
    },
    {
        "client_msg_id": "a8b8bc18-4ac3-4dc5-96b0-081799c4300a",
        "type": "message",
        "text": "121452 ACPH (Bay) 9\/22",
        "user": "U04LYRG90QZ",
        "ts": "1695230818.412219",
        "blocks": [
            {
                "type": "rich_text",
                "block_id": "GUooh",
                "elements": [
                    {
                        "type": "rich_text_section",
                        "elements": [
                            {
                                "type": "text",
                                "text": "121452 ACPH (Bay) 9\/22"
                            }
                        ]
                    }
                ]
            }
        ],
        "team": "T04LDH2CNBY",
        "user_team": "T04LDH2CNBY",
        "source_team": "T04LDH2CNBY",
        "user_profile": {
            "avatar_hash": "18034abdbce3",
            "image_72": "https:\/\/avatars.slack-edge.com\/2023-01-26\/4700726977909_18034abdbce385064283_72.jpg",
            "first_name": "Virginia",
            "real_name": "Virginia",
            "display_name": "Virginia",
            "team": "T04LDH2CNBY",
            "name": "virginia",
            "is_restricted": false,
            "is_ultra_restricted": false
        }
    },
    {
        "client_msg_id": "ddd79197-baa7-47c4-a6f6-411d708dbd1e",
        "type": "message",
        "text": "121453 CV 10\/17",
        "user": "U04LYRG90QZ",
        "ts": "1695231457.846809",
        "blocks": [
            {
                "type": "rich_text",
                "block_id": "HLBut",
                "elements": [
                    {
                        "type": "rich_text_section",
                        "elements": [
                            {
                                "type": "text",
                                "text": "121453 CV 10\/17"
                            }
                        ]
                    }
                ]
            }
        ],
        "team": "T04LDH2CNBY",
        "user_team": "T04LDH2CNBY",
        "source_team": "T04LDH2CNBY",
        "user_profile": {
            "avatar_hash": "18034abdbce3",
            "image_72": "https:\/\/avatars.slack-edge.com\/2023-01-26\/4700726977909_18034abdbce385064283_72.jpg",
            "first_name": "Virginia",
            "real_name": "Virginia",
            "display_name": "Virginia",
            "team": "T04LDH2CNBY",
            "name": "virginia",
            "is_restricted": false,
            "is_ultra_restricted": false
        }
    },
    {
        "client_msg_id": "fa8c9682-1882-4714-a622-072755623638",
        "type": "message",
        "text": "121454 Avantpage 9\/25\n121455 Avantpage 9\/25\n121456 Avantpage 9\/26\n121457 Avantpage 9\/26",
        "user": "U04LYRG90QZ",
        "ts": "1695238607.953809",
        "blocks": [
            {
                "type": "rich_text",
                "block_id": "JArHT",
                "elements": [
                    {
                        "type": "rich_text_section",
                        "elements": [
                            {
                                "type": "text",
                                "text": "121454 Avantpage 9\/25\n121455 Avantpage 9\/25\n121456 Avantpage 9\/26\n121457 Avantpage 9\/26"
                            }
                        ]
                    }
                ]
            }
        ],
        "team": "T04LDH2CNBY",
        "user_team": "T04LDH2CNBY",
        "source_team": "T04LDH2CNBY",
        "user_profile": {
            "avatar_hash": "18034abdbce3",
            "image_72": "https:\/\/avatars.slack-edge.com\/2023-01-26\/4700726977909_18034abdbce385064283_72.jpg",
            "first_name": "Virginia",
            "real_name": "Virginia",
            "display_name": "Virginia",
            "team": "T04LDH2CNBY",
            "name": "virginia",
            "is_restricted": false,
            "is_ultra_restricted": false
        }
    },
    {
        "client_msg_id": "a2ad5432-753d-45c1-8536-91781a663279",
        "type": "message",
        "text": "121458 ACPH (West O) 9\/27",
        "user": "U04LYRG90QZ",
        "ts": "1695243705.699379",
        "blocks": [
            {
                "type": "rich_text",
                "block_id": "fRbJX",
                "elements": [
                    {
                        "type": "rich_text_section",
                        "elements": [
                            {
                                "type": "text",
                                "text": "121458 ACPH (West O) 9\/27"
                            }
                        ]
                    }
                ]
            }
        ],
        "team": "T04LDH2CNBY",
        "user_team": "T04LDH2CNBY",
        "source_team": "T04LDH2CNBY",
        "user_profile": {
            "avatar_hash": "18034abdbce3",
            "image_72": "https:\/\/avatars.slack-edge.com\/2023-01-26\/4700726977909_18034abdbce385064283_72.jpg",
            "first_name": "Virginia",
            "real_name": "Virginia",
            "display_name": "Virginia",
            "team": "T04LDH2CNBY",
            "name": "virginia",
            "is_restricted": false,
            "is_ultra_restricted": false
        }
    },
    {
        "client_msg_id": "1ef81949-e434-438f-af7e-c209482c8595",
        "type": "message",
        "text": "121459 ACPH (Glankler) 10\/16",
        "user": "U04LYRG90QZ",
        "ts": "1695246913.946569",
        "blocks": [
            {
                "type": "rich_text",
                "block_id": "\/beIk",
                "elements": [
                    {
                        "type": "rich_text_section",
                        "elements": [
                            {
                                "type": "text",
                                "text": "121459 ACPH (Glankler) 10\/16"
                            }
                        ]
                    }
                ]
            }
        ],
        "team": "T04LDH2CNBY",
        "user_team": "T04LDH2CNBY",
        "source_team": "T04LDH2CNBY",
        "user_profile": {
            "avatar_hash": "18034abdbce3",
            "image_72": "https:\/\/avatars.slack-edge.com\/2023-01-26\/4700726977909_18034abdbce385064283_72.jpg",
            "first_name": "Virginia",
            "real_name": "Virginia",
            "display_name": "Virginia",
            "team": "T04LDH2CNBY",
            "name": "virginia",
            "is_restricted": false,
            "is_ultra_restricted": false
        }
    },
    {
        "client_msg_id": "9dc4d7d9-1381-43d9-a776-fa57d8463a4d",
        "type": "message",
        "text": "121460 BH (ST) 9\/26\n121461 BH (OG) 9\/27\n121462 BH (JS) 9\/27\n121463 BH (BP) 9\/28",
        "user": "U04LYRG90QZ",
        "ts": "1695248073.397989",
        "blocks": [
            {
                "type": "rich_text",
                "block_id": "eCoR7",
                "elements": [
                    {
                        "type": "rich_text_section",
                        "elements": [
                            {
                                "type": "text",
                                "text": "121460 BH (ST) 9\/26\n121461 BH (OG) 9\/27\n121462 BH (JS) 9\/27\n121463 BH (BP) 9\/28"
                            }
                        ]
                    }
                ]
            }
        ],
        "team": "T04LDH2CNBY",
        "user_team": "T04LDH2CNBY",
        "source_team": "T04LDH2CNBY",
        "user_profile": {
            "avatar_hash": "18034abdbce3",
            "image_72": "https:\/\/avatars.slack-edge.com\/2023-01-26\/4700726977909_18034abdbce385064283_72.jpg",
            "first_name": "Virginia",
            "real_name": "Virginia",
            "display_name": "Virginia",
            "team": "T04LDH2CNBY",
            "name": "virginia",
            "is_restricted": false,
            "is_ultra_restricted": false
        }
    }
]