[
    {
        "client_msg_id": "5a080a3d-14fb-4184-8ced-f760c2744516",
        "type": "message",
        "text": "120848 BART 8\/4",
        "user": "U04LYRG90QZ",
        "ts": "1691157898.100309",
        "blocks": [
            {
                "type": "rich_text",
                "block_id": "oApqG",
                "elements": [
                    {
                        "type": "rich_text_section",
                        "elements": [
                            {
                                "type": "text",
                                "text": "120848 BART 8\/4"
                            }
                        ]
                    }
                ]
            }
        ],
        "team": "T04LDH2CNBY",
        "user_team": "T04LDH2CNBY",
        "source_team": "T04LDH2CNBY",
        "user_profile": {
            "avatar_hash": "18034abdbce3",
            "image_72": "https:\/\/avatars.slack-edge.com\/2023-01-26\/4700726977909_18034abdbce385064283_72.jpg",
            "first_name": "Virginia",
            "real_name": "Virginia",
            "display_name": "Virginia",
            "team": "T04LDH2CNBY",
            "name": "virginia",
            "is_restricted": false,
            "is_ultra_restricted": false
        }
    },
    {
        "client_msg_id": "3fd85a48-2866-483c-b14f-944510170930",
        "type": "message",
        "text": "120849 ACPH (Chavez) 9\/13",
        "user": "U04LYRG90QZ",
        "ts": "1691165243.587749",
        "blocks": [
            {
                "type": "rich_text",
                "block_id": "l9Pqc",
                "elements": [
                    {
                        "type": "rich_text_section",
                        "elements": [
                            {
                                "type": "text",
                                "text": "120849 ACPH (Chavez) 9\/13"
                            }
                        ]
                    }
                ]
            }
        ],
        "team": "T04LDH2CNBY",
        "user_team": "T04LDH2CNBY",
        "source_team": "T04LDH2CNBY",
        "user_profile": {
            "avatar_hash": "18034abdbce3",
            "image_72": "https:\/\/avatars.slack-edge.com\/2023-01-26\/4700726977909_18034abdbce385064283_72.jpg",
            "first_name": "Virginia",
            "real_name": "Virginia",
            "display_name": "Virginia",
            "team": "T04LDH2CNBY",
            "name": "virginia",
            "is_restricted": false,
            "is_ultra_restricted": false
        }
    },
    {
        "client_msg_id": "fc9bf3ef-2116-4849-a843-3b0cc2ffdf39",
        "type": "message",
        "text": "120850 BH (SA) 8\/8",
        "user": "U04LYRG90QZ",
        "ts": "1691166103.646879",
        "blocks": [
            {
                "type": "rich_text",
                "block_id": "EkjtD",
                "elements": [
                    {
                        "type": "rich_text_section",
                        "elements": [
                            {
                                "type": "text",
                                "text": "120850 BH (SA) 8\/8"
                            }
                        ]
                    }
                ]
            }
        ],
        "team": "T04LDH2CNBY",
        "user_team": "T04LDH2CNBY",
        "source_team": "T04LDH2CNBY",
        "user_profile": {
            "avatar_hash": "18034abdbce3",
            "image_72": "https:\/\/avatars.slack-edge.com\/2023-01-26\/4700726977909_18034abdbce385064283_72.jpg",
            "first_name": "Virginia",
            "real_name": "Virginia",
            "display_name": "Virginia",
            "team": "T04LDH2CNBY",
            "name": "virginia",
            "is_restricted": false,
            "is_ultra_restricted": false
        }
    },
    {
        "client_msg_id": "2c984589-998a-47d0-989e-93159ed94f87",
        "type": "message",
        "text": "120851 ACPH (Glankler) 8\/14\n120852 ACPH (Glankler) 8\/22\n120853 ACPH (Glankler) 8\/29",
        "user": "U04LYRG90QZ",
        "ts": "1691184507.480209",
        "blocks": [
            {
                "type": "rich_text",
                "block_id": "REhB",
                "elements": [
                    {
                        "type": "rich_text_section",
                        "elements": [
                            {
                                "type": "text",
                                "text": "120851 ACPH (Glankler) 8\/14\n120852 ACPH (Glankler) 8\/22\n120853 ACPH (Glankler) 8\/29"
                            }
                        ]
                    }
                ]
            }
        ],
        "team": "T04LDH2CNBY",
        "user_team": "T04LDH2CNBY",
        "source_team": "T04LDH2CNBY",
        "user_profile": {
            "avatar_hash": "18034abdbce3",
            "image_72": "https:\/\/avatars.slack-edge.com\/2023-01-26\/4700726977909_18034abdbce385064283_72.jpg",
            "first_name": "Virginia",
            "real_name": "Virginia",
            "display_name": "Virginia",
            "team": "T04LDH2CNBY",
            "name": "virginia",
            "is_restricted": false,
            "is_ultra_restricted": false
        }
    },
    {
        "client_msg_id": "c226bb44-5061-43af-81ac-0187ac1096ee",
        "type": "message",
        "text": "120854 BART 8\/7",
        "user": "U04LYRG90QZ",
        "ts": "1691184754.270269",
        "blocks": [
            {
                "type": "rich_text",
                "block_id": "VjOh9",
                "elements": [
                    {
                        "type": "rich_text_section",
                        "elements": [
                            {
                                "type": "text",
                                "text": "120854 BART 8\/7"
                            }
                        ]
                    }
                ]
            }
        ],
        "team": "T04LDH2CNBY",
        "user_team": "T04LDH2CNBY",
        "source_team": "T04LDH2CNBY",
        "user_profile": {
            "avatar_hash": "18034abdbce3",
            "image_72": "https:\/\/avatars.slack-edge.com\/2023-01-26\/4700726977909_18034abdbce385064283_72.jpg",
            "first_name": "Virginia",
            "real_name": "Virginia",
            "display_name": "Virginia",
            "team": "T04LDH2CNBY",
            "name": "virginia",
            "is_restricted": false,
            "is_ultra_restricted": false
        }
    },
    {
        "client_msg_id": "d4162fd5-59f8-4256-94ac-fa9fe3e5b45a",
        "type": "message",
        "text": "120855 ACPH (Chavez) 8\/24",
        "user": "U04LYRG90QZ",
        "ts": "1691187900.403559",
        "blocks": [
            {
                "type": "rich_text",
                "block_id": "2GONN",
                "elements": [
                    {
                        "type": "rich_text_section",
                        "elements": [
                            {
                                "type": "text",
                                "text": "120855 ACPH (Chavez) 8\/24"
                            }
                        ]
                    }
                ]
            }
        ],
        "team": "T04LDH2CNBY",
        "user_team": "T04LDH2CNBY",
        "source_team": "T04LDH2CNBY",
        "user_profile": {
            "avatar_hash": "18034abdbce3",
            "image_72": "https:\/\/avatars.slack-edge.com\/2023-01-26\/4700726977909_18034abdbce385064283_72.jpg",
            "first_name": "Virginia",
            "real_name": "Virginia",
            "display_name": "Virginia",
            "team": "T04LDH2CNBY",
            "name": "virginia",
            "is_restricted": false,
            "is_ultra_restricted": false
        }
    },
    {
        "client_msg_id": "47f0dd7e-48fc-46f3-9531-b13bb52049ee",
        "type": "message",
        "text": "120856 ACSS 8\/10",
        "user": "U04LYRG90QZ",
        "ts": "1691190261.894959",
        "blocks": [
            {
                "type": "rich_text",
                "block_id": "rZw",
                "elements": [
                    {
                        "type": "rich_text_section",
                        "elements": [
                            {
                                "type": "text",
                                "text": "120856 ACSS 8\/10"
                            }
                        ]
                    }
                ]
            }
        ],
        "team": "T04LDH2CNBY",
        "user_team": "T04LDH2CNBY",
        "source_team": "T04LDH2CNBY",
        "user_profile": {
            "avatar_hash": "18034abdbce3",
            "image_72": "https:\/\/avatars.slack-edge.com\/2023-01-26\/4700726977909_18034abdbce385064283_72.jpg",
            "first_name": "Virginia",
            "real_name": "Virginia",
            "display_name": "Virginia",
            "team": "T04LDH2CNBY",
            "name": "virginia",
            "is_restricted": false,
            "is_ultra_restricted": false
        }
    }
]