[
    {
        "client_msg_id": "b08cb784-c257-48bb-8992-06091603e2b2",
        "type": "message",
        "text": "121491 ACPH (Chavez) 10\/6\n121492 ACPH (Chavez) 10\/10\n121493 ACPH (Chavez) 10\/20\n121494 ACPH (Chavez) 10\/23\n121495 ACPH (Chavez) 11\/2",
        "user": "U04LYRG90QZ",
        "ts": "1695737685.917229",
        "blocks": [
            {
                "type": "rich_text",
                "block_id": "p77nK",
                "elements": [
                    {
                        "type": "rich_text_section",
                        "elements": [
                            {
                                "type": "text",
                                "text": "121491 ACPH (Chavez) 10\/6\n121492 ACPH (Chavez) 10\/10\n121493 ACPH (Chavez) 10\/20\n121494 ACPH (Chavez) 10\/23\n121495 ACPH (Chavez) 11\/2"
                            }
                        ]
                    }
                ]
            }
        ],
        "team": "T04LDH2CNBY",
        "user_team": "T04LDH2CNBY",
        "source_team": "T04LDH2CNBY",
        "user_profile": {
            "avatar_hash": "18034abdbce3",
            "image_72": "https:\/\/avatars.slack-edge.com\/2023-01-26\/4700726977909_18034abdbce385064283_72.jpg",
            "first_name": "Virginia",
            "real_name": "Virginia",
            "display_name": "Virginia",
            "team": "T04LDH2CNBY",
            "name": "virginia",
            "is_restricted": false,
            "is_ultra_restricted": false
        }
    },
    {
        "client_msg_id": "11d5794e-bfc3-4501-8af1-e839e885b04f",
        "type": "message",
        "text": "121496 NAPA 9\/27",
        "user": "U04LYRG90QZ",
        "ts": "1695745817.413089",
        "blocks": [
            {
                "type": "rich_text",
                "block_id": "kM0WD",
                "elements": [
                    {
                        "type": "rich_text_section",
                        "elements": [
                            {
                                "type": "text",
                                "text": "121496 NAPA 9\/27"
                            }
                        ]
                    }
                ]
            }
        ],
        "team": "T04LDH2CNBY",
        "user_team": "T04LDH2CNBY",
        "source_team": "T04LDH2CNBY",
        "user_profile": {
            "avatar_hash": "18034abdbce3",
            "image_72": "https:\/\/avatars.slack-edge.com\/2023-01-26\/4700726977909_18034abdbce385064283_72.jpg",
            "first_name": "Virginia",
            "real_name": "Virginia",
            "display_name": "Virginia",
            "team": "T04LDH2CNBY",
            "name": "virginia",
            "is_restricted": false,
            "is_ultra_restricted": false
        }
    },
    {
        "client_msg_id": "f180e91d-b38e-4ccc-aee3-44d13139d6da",
        "type": "message",
        "text": "121497 ACPH (Bay) 9\/27",
        "user": "U0576JVJF1Q",
        "ts": "1695747694.769809",
        "blocks": [
            {
                "type": "rich_text",
                "block_id": "XtWNr",
                "elements": [
                    {
                        "type": "rich_text_section",
                        "elements": [
                            {
                                "type": "text",
                                "text": "121497 ACPH (Bay) 9\/27"
                            }
                        ]
                    }
                ]
            }
        ],
        "team": "T04LDH2CNBY",
        "user_team": "T04LDH2CNBY",
        "source_team": "T04LDH2CNBY",
        "user_profile": {
            "avatar_hash": "g12be1dbd2bd",
            "image_72": "https:\/\/secure.gravatar.com\/avatar\/12be1dbd2bd270e15f2abc83ff193814.jpg?s=72&d=https%3A%2F%2Fa.slack-edge.com%2Fdf10d%2Fimg%2Favatars%2Fava_0010-72.png",
            "first_name": "Kai",
            "real_name": "Kai",
            "display_name": "Kai",
            "team": "T04LDH2CNBY",
            "name": "kai",
            "is_restricted": false,
            "is_ultra_restricted": false
        }
    },
    {
        "client_msg_id": "a37a9d1d-a77a-4e1b-9bc8-9696d721048f",
        "type": "message",
        "text": "121498 BH (CT) 9\/28",
        "user": "U04LYRG90QZ",
        "ts": "1695753072.400559",
        "blocks": [
            {
                "type": "rich_text",
                "block_id": "NA63U",
                "elements": [
                    {
                        "type": "rich_text_section",
                        "elements": [
                            {
                                "type": "text",
                                "text": "121498 BH (CT) 9\/28"
                            }
                        ]
                    }
                ]
            }
        ],
        "team": "T04LDH2CNBY",
        "user_team": "T04LDH2CNBY",
        "source_team": "T04LDH2CNBY",
        "user_profile": {
            "avatar_hash": "18034abdbce3",
            "image_72": "https:\/\/avatars.slack-edge.com\/2023-01-26\/4700726977909_18034abdbce385064283_72.jpg",
            "first_name": "Virginia",
            "real_name": "Virginia",
            "display_name": "Virginia",
            "team": "T04LDH2CNBY",
            "name": "virginia",
            "is_restricted": false,
            "is_ultra_restricted": false
        }
    },
    {
        "client_msg_id": "b8d10dc8-411a-419f-9dbc-d943fa621c20",
        "type": "message",
        "text": "121499 CV 10\/3",
        "user": "U04LYRG90QZ",
        "ts": "1695755663.796869",
        "blocks": [
            {
                "type": "rich_text",
                "block_id": "LBvvC",
                "elements": [
                    {
                        "type": "rich_text_section",
                        "elements": [
                            {
                                "type": "text",
                                "text": "121499 CV 10\/3"
                            }
                        ]
                    }
                ]
            }
        ],
        "team": "T04LDH2CNBY",
        "user_team": "T04LDH2CNBY",
        "source_team": "T04LDH2CNBY",
        "user_profile": {
            "avatar_hash": "18034abdbce3",
            "image_72": "https:\/\/avatars.slack-edge.com\/2023-01-26\/4700726977909_18034abdbce385064283_72.jpg",
            "first_name": "Virginia",
            "real_name": "Virginia",
            "display_name": "Virginia",
            "team": "T04LDH2CNBY",
            "name": "virginia",
            "is_restricted": false,
            "is_ultra_restricted": false
        }
    },
    {
        "client_msg_id": "6931ffa6-a06c-4a00-8f39-c235653c71c4",
        "type": "message",
        "text": "121500 ACPH (Bay) 10\/3",
        "user": "U04LYRG90QZ",
        "ts": "1695755943.408789",
        "blocks": [
            {
                "type": "rich_text",
                "block_id": "\/eC+q",
                "elements": [
                    {
                        "type": "rich_text_section",
                        "elements": [
                            {
                                "type": "text",
                                "text": "121500 ACPH (Bay) 10\/3"
                            }
                        ]
                    }
                ]
            }
        ],
        "team": "T04LDH2CNBY",
        "user_team": "T04LDH2CNBY",
        "source_team": "T04LDH2CNBY",
        "user_profile": {
            "avatar_hash": "18034abdbce3",
            "image_72": "https:\/\/avatars.slack-edge.com\/2023-01-26\/4700726977909_18034abdbce385064283_72.jpg",
            "first_name": "Virginia",
            "real_name": "Virginia",
            "display_name": "Virginia",
            "team": "T04LDH2CNBY",
            "name": "virginia",
            "is_restricted": false,
            "is_ultra_restricted": false
        }
    },
    {
        "client_msg_id": "9c22bf7b-083a-4aea-97e6-bc472ee8883a",
        "type": "message",
        "text": "121501 ACPH (Bay) 10\/10\n121502 ACPH (Bay) 10\/16\n121503 ACPH (Bay) 10\/30",
        "user": "U04LYRG90QZ",
        "ts": "1695756384.652389",
        "blocks": [
            {
                "type": "rich_text",
                "block_id": "d3CAw",
                "elements": [
                    {
                        "type": "rich_text_section",
                        "elements": [
                            {
                                "type": "text",
                                "text": "121501 ACPH (Bay) 10\/10\n121502 ACPH (Bay) 10\/16\n121503 ACPH (Bay) 10\/30"
                            }
                        ]
                    }
                ]
            }
        ],
        "team": "T04LDH2CNBY",
        "user_team": "T04LDH2CNBY",
        "source_team": "T04LDH2CNBY",
        "user_profile": {
            "avatar_hash": "18034abdbce3",
            "image_72": "https:\/\/avatars.slack-edge.com\/2023-01-26\/4700726977909_18034abdbce385064283_72.jpg",
            "first_name": "Virginia",
            "real_name": "Virginia",
            "display_name": "Virginia",
            "team": "T04LDH2CNBY",
            "name": "virginia",
            "is_restricted": false,
            "is_ultra_restricted": false
        }
    },
    {
        "client_msg_id": "414abaf9-7034-4194-8518-838a489c5f2f",
        "type": "message",
        "text": "121504 CV 10\/5",
        "user": "U04LYRG90QZ",
        "ts": "1695763347.851199",
        "blocks": [
            {
                "type": "rich_text",
                "block_id": "NQvJ\/",
                "elements": [
                    {
                        "type": "rich_text_section",
                        "elements": [
                            {
                                "type": "text",
                                "text": "121504 CV 10\/5"
                            }
                        ]
                    }
                ]
            }
        ],
        "team": "T04LDH2CNBY",
        "user_team": "T04LDH2CNBY",
        "source_team": "T04LDH2CNBY",
        "user_profile": {
            "avatar_hash": "18034abdbce3",
            "image_72": "https:\/\/avatars.slack-edge.com\/2023-01-26\/4700726977909_18034abdbce385064283_72.jpg",
            "first_name": "Virginia",
            "real_name": "Virginia",
            "display_name": "Virginia",
            "team": "T04LDH2CNBY",
            "name": "virginia",
            "is_restricted": false,
            "is_ultra_restricted": false
        }
    },
    {
        "client_msg_id": "96b0ec21-d776-48b9-801e-bf4bdc9aa736",
        "type": "message",
        "text": "121505 Napa 10\/3\n121506 Napa 10\/3\n121507 Napa 10\/3",
        "user": "U04LYRG90QZ",
        "ts": "1695764304.300149",
        "blocks": [
            {
                "type": "rich_text",
                "block_id": "HIaML",
                "elements": [
                    {
                        "type": "rich_text_section",
                        "elements": [
                            {
                                "type": "text",
                                "text": "121505 Napa 10\/3\n121506 Napa 10\/3\n121507 Napa 10\/3"
                            }
                        ]
                    }
                ]
            }
        ],
        "team": "T04LDH2CNBY",
        "user_team": "T04LDH2CNBY",
        "source_team": "T04LDH2CNBY",
        "user_profile": {
            "avatar_hash": "18034abdbce3",
            "image_72": "https:\/\/avatars.slack-edge.com\/2023-01-26\/4700726977909_18034abdbce385064283_72.jpg",
            "first_name": "Virginia",
            "real_name": "Virginia",
            "display_name": "Virginia",
            "team": "T04LDH2CNBY",
            "name": "virginia",
            "is_restricted": false,
            "is_ultra_restricted": false
        }
    },
    {
        "client_msg_id": "0826d342-1fcd-4aac-8730-f0ed9b97d316",
        "type": "message",
        "text": "121508 Napa 10\/4",
        "user": "U04LYRG90QZ",
        "ts": "1695764979.954889",
        "blocks": [
            {
                "type": "rich_text",
                "block_id": "kqq3m",
                "elements": [
                    {
                        "type": "rich_text_section",
                        "elements": [
                            {
                                "type": "text",
                                "text": "121508 Napa 10\/4"
                            }
                        ]
                    }
                ]
            }
        ],
        "team": "T04LDH2CNBY",
        "user_team": "T04LDH2CNBY",
        "source_team": "T04LDH2CNBY",
        "user_profile": {
            "avatar_hash": "18034abdbce3",
            "image_72": "https:\/\/avatars.slack-edge.com\/2023-01-26\/4700726977909_18034abdbce385064283_72.jpg",
            "first_name": "Virginia",
            "real_name": "Virginia",
            "display_name": "Virginia",
            "team": "T04LDH2CNBY",
            "name": "virginia",
            "is_restricted": false,
            "is_ultra_restricted": false
        }
    },
    {
        "client_msg_id": "a71639d7-cc74-4485-a05a-65f6122bf105",
        "type": "message",
        "text": "121509 Napa 10\/5",
        "user": "U04LYRG90QZ",
        "ts": "1695765378.154349",
        "blocks": [
            {
                "type": "rich_text",
                "block_id": "ZB38i",
                "elements": [
                    {
                        "type": "rich_text_section",
                        "elements": [
                            {
                                "type": "text",
                                "text": "121509 Napa 10\/5"
                            }
                        ]
                    }
                ]
            }
        ],
        "team": "T04LDH2CNBY",
        "user_team": "T04LDH2CNBY",
        "source_team": "T04LDH2CNBY",
        "user_profile": {
            "avatar_hash": "18034abdbce3",
            "image_72": "https:\/\/avatars.slack-edge.com\/2023-01-26\/4700726977909_18034abdbce385064283_72.jpg",
            "first_name": "Virginia",
            "real_name": "Virginia",
            "display_name": "Virginia",
            "team": "T04LDH2CNBY",
            "name": "virginia",
            "is_restricted": false,
            "is_ultra_restricted": false
        }
    },
    {
        "client_msg_id": "a75400ed-bfe7-4680-8c71-47330f7d1c54",
        "type": "message",
        "text": "121510 Napa 10\/5",
        "user": "U04LYRG90QZ",
        "ts": "1695765644.408709",
        "blocks": [
            {
                "type": "rich_text",
                "block_id": "nvfId",
                "elements": [
                    {
                        "type": "rich_text_section",
                        "elements": [
                            {
                                "type": "text",
                                "text": "121510 Napa 10\/5"
                            }
                        ]
                    }
                ]
            }
        ],
        "team": "T04LDH2CNBY",
        "user_team": "T04LDH2CNBY",
        "source_team": "T04LDH2CNBY",
        "user_profile": {
            "avatar_hash": "18034abdbce3",
            "image_72": "https:\/\/avatars.slack-edge.com\/2023-01-26\/4700726977909_18034abdbce385064283_72.jpg",
            "first_name": "Virginia",
            "real_name": "Virginia",
            "display_name": "Virginia",
            "team": "T04LDH2CNBY",
            "name": "virginia",
            "is_restricted": false,
            "is_ultra_restricted": false
        }
    },
    {
        "client_msg_id": "5d54a2eb-cfe4-4ecf-931f-3a34aa357b0e",
        "type": "message",
        "text": "121511 Napa 10\/11",
        "user": "U04LYRG90QZ",
        "ts": "1695768755.434909",
        "blocks": [
            {
                "type": "rich_text",
                "block_id": "YY6Cc",
                "elements": [
                    {
                        "type": "rich_text_section",
                        "elements": [
                            {
                                "type": "text",
                                "text": "121511 Napa 10\/11"
                            }
                        ]
                    }
                ]
            }
        ],
        "team": "T04LDH2CNBY",
        "user_team": "T04LDH2CNBY",
        "source_team": "T04LDH2CNBY",
        "user_profile": {
            "avatar_hash": "18034abdbce3",
            "image_72": "https:\/\/avatars.slack-edge.com\/2023-01-26\/4700726977909_18034abdbce385064283_72.jpg",
            "first_name": "Virginia",
            "real_name": "Virginia",
            "display_name": "Virginia",
            "team": "T04LDH2CNBY",
            "name": "virginia",
            "is_restricted": false,
            "is_ultra_restricted": false
        }
    },
    {
        "client_msg_id": "2b7a6b4f-206d-454d-b2f8-93c5a0cb1710",
        "type": "message",
        "text": "121512 Napa 10\/12",
        "user": "U04LYRG90QZ",
        "ts": "1695769011.074349",
        "blocks": [
            {
                "type": "rich_text",
                "block_id": "ag1+U",
                "elements": [
                    {
                        "type": "rich_text_section",
                        "elements": [
                            {
                                "type": "text",
                                "text": "121512 Napa 10\/12"
                            }
                        ]
                    }
                ]
            }
        ],
        "team": "T04LDH2CNBY",
        "user_team": "T04LDH2CNBY",
        "source_team": "T04LDH2CNBY",
        "user_profile": {
            "avatar_hash": "18034abdbce3",
            "image_72": "https:\/\/avatars.slack-edge.com\/2023-01-26\/4700726977909_18034abdbce385064283_72.jpg",
            "first_name": "Virginia",
            "real_name": "Virginia",
            "display_name": "Virginia",
            "team": "T04LDH2CNBY",
            "name": "virginia",
            "is_restricted": false,
            "is_ultra_restricted": false
        }
    },
    {
        "client_msg_id": "6e285866-5f9d-455a-9fb3-61c47a1c861b",
        "type": "message",
        "text": "121513 Napa 10\/19\n121514 Napa 10\/19",
        "user": "U04LYRG90QZ",
        "ts": "1695769675.218299",
        "blocks": [
            {
                "type": "rich_text",
                "block_id": "6BpE0",
                "elements": [
                    {
                        "type": "rich_text_section",
                        "elements": [
                            {
                                "type": "text",
                                "text": "121513 Napa 10\/19\n121514 Napa 10\/19"
                            }
                        ]
                    }
                ]
            }
        ],
        "team": "T04LDH2CNBY",
        "user_team": "T04LDH2CNBY",
        "source_team": "T04LDH2CNBY",
        "user_profile": {
            "avatar_hash": "18034abdbce3",
            "image_72": "https:\/\/avatars.slack-edge.com\/2023-01-26\/4700726977909_18034abdbce385064283_72.jpg",
            "first_name": "Virginia",
            "real_name": "Virginia",
            "display_name": "Virginia",
            "team": "T04LDH2CNBY",
            "name": "virginia",
            "is_restricted": false,
            "is_ultra_restricted": false
        }
    },
    {
        "client_msg_id": "a20d3388-b97b-4351-8b36-26457d98d0b2",
        "type": "message",
        "text": "121515 Napa 10\/26",
        "user": "U04LYRG90QZ",
        "ts": "1695769721.212919",
        "blocks": [
            {
                "type": "rich_text",
                "block_id": "fEHWQ",
                "elements": [
                    {
                        "type": "rich_text_section",
                        "elements": [
                            {
                                "type": "text",
                                "text": "121515 Napa 10\/26"
                            }
                        ]
                    }
                ]
            }
        ],
        "team": "T04LDH2CNBY",
        "user_team": "T04LDH2CNBY",
        "source_team": "T04LDH2CNBY",
        "user_profile": {
            "avatar_hash": "18034abdbce3",
            "image_72": "https:\/\/avatars.slack-edge.com\/2023-01-26\/4700726977909_18034abdbce385064283_72.jpg",
            "first_name": "Virginia",
            "real_name": "Virginia",
            "display_name": "Virginia",
            "team": "T04LDH2CNBY",
            "name": "virginia",
            "is_restricted": false,
            "is_ultra_restricted": false
        }
    },
    {
        "client_msg_id": "83ca6e72-c0b5-4bd5-8d7b-9bdfbed3a604",
        "type": "message",
        "text": "121516 CFT 10\/24",
        "user": "U0576JVJF1Q",
        "ts": "1695771964.268939",
        "blocks": [
            {
                "type": "rich_text",
                "block_id": "RsNzM",
                "elements": [
                    {
                        "type": "rich_text_section",
                        "elements": [
                            {
                                "type": "text",
                                "text": "121516 CFT 10\/24"
                            }
                        ]
                    }
                ]
            }
        ],
        "team": "T04LDH2CNBY",
        "user_team": "T04LDH2CNBY",
        "source_team": "T04LDH2CNBY",
        "user_profile": {
            "avatar_hash": "g12be1dbd2bd",
            "image_72": "https:\/\/secure.gravatar.com\/avatar\/12be1dbd2bd270e15f2abc83ff193814.jpg?s=72&d=https%3A%2F%2Fa.slack-edge.com%2Fdf10d%2Fimg%2Favatars%2Fava_0010-72.png",
            "first_name": "Kai",
            "real_name": "Kai",
            "display_name": "Kai",
            "team": "T04LDH2CNBY",
            "name": "kai",
            "is_restricted": false,
            "is_ultra_restricted": false
        }
    }
]