[
    {
        "client_msg_id": "eba636f6-20a5-4826-a3bb-ba528ecc1c21",
        "type": "message",
        "text": "121876 CV 10\/31",
        "user": "U04LYRG90QZ",
        "ts": "1698244826.812279",
        "blocks": [
            {
                "type": "rich_text",
                "block_id": "h3GzX",
                "elements": [
                    {
                        "type": "rich_text_section",
                        "elements": [
                            {
                                "type": "text",
                                "text": "121876 CV 10\/31"
                            }
                        ]
                    }
                ]
            }
        ],
        "team": "T04LDH2CNBY",
        "user_team": "T04LDH2CNBY",
        "source_team": "T04LDH2CNBY",
        "user_profile": {
            "avatar_hash": "18034abdbce3",
            "image_72": "https:\/\/avatars.slack-edge.com\/2023-01-26\/4700726977909_18034abdbce385064283_72.jpg",
            "first_name": "Virginia",
            "real_name": "Virginia",
            "display_name": "Virginia",
            "team": "T04LDH2CNBY",
            "name": "virginia",
            "is_restricted": false,
            "is_ultra_restricted": false
        }
    },
    {
        "client_msg_id": "3bcb7063-9bb2-4ed2-81b9-0fa46d475113",
        "type": "message",
        "text": "121877 Napa 10\/31",
        "user": "U04LYRG90QZ",
        "ts": "1698249567.530699",
        "blocks": [
            {
                "type": "rich_text",
                "block_id": "ZuYrE",
                "elements": [
                    {
                        "type": "rich_text_section",
                        "elements": [
                            {
                                "type": "text",
                                "text": "121877 Napa 10\/31"
                            }
                        ]
                    }
                ]
            }
        ],
        "team": "T04LDH2CNBY",
        "user_team": "T04LDH2CNBY",
        "source_team": "T04LDH2CNBY",
        "user_profile": {
            "avatar_hash": "18034abdbce3",
            "image_72": "https:\/\/avatars.slack-edge.com\/2023-01-26\/4700726977909_18034abdbce385064283_72.jpg",
            "first_name": "Virginia",
            "real_name": "Virginia",
            "display_name": "Virginia",
            "team": "T04LDH2CNBY",
            "name": "virginia",
            "is_restricted": false,
            "is_ultra_restricted": false
        }
    },
    {
        "client_msg_id": "ebe4fb19-5bd2-4c60-9168-d3fc06d17d06",
        "type": "message",
        "text": "121878 CFT 11\/8\n121879 CFT 11\/8",
        "user": "U04LYRG90QZ",
        "ts": "1698249976.139159",
        "blocks": [
            {
                "type": "rich_text",
                "block_id": "jS8ET",
                "elements": [
                    {
                        "type": "rich_text_section",
                        "elements": [
                            {
                                "type": "text",
                                "text": "121878 CFT 11\/8\n121879 CFT 11\/8"
                            }
                        ]
                    }
                ]
            }
        ],
        "team": "T04LDH2CNBY",
        "user_team": "T04LDH2CNBY",
        "source_team": "T04LDH2CNBY",
        "user_profile": {
            "avatar_hash": "18034abdbce3",
            "image_72": "https:\/\/avatars.slack-edge.com\/2023-01-26\/4700726977909_18034abdbce385064283_72.jpg",
            "first_name": "Virginia",
            "real_name": "Virginia",
            "display_name": "Virginia",
            "team": "T04LDH2CNBY",
            "name": "virginia",
            "is_restricted": false,
            "is_ultra_restricted": false
        }
    },
    {
        "client_msg_id": "68759f00-5122-4e62-8d48-e65e3a86f350",
        "type": "message",
        "text": "121880 ACSS 10\/30",
        "user": "U04LYRG90QZ",
        "ts": "1698253366.763569",
        "blocks": [
            {
                "type": "rich_text",
                "block_id": "TO4gt",
                "elements": [
                    {
                        "type": "rich_text_section",
                        "elements": [
                            {
                                "type": "text",
                                "text": "121880 ACSS 10\/30"
                            }
                        ]
                    }
                ]
            }
        ],
        "team": "T04LDH2CNBY",
        "user_team": "T04LDH2CNBY",
        "source_team": "T04LDH2CNBY",
        "user_profile": {
            "avatar_hash": "18034abdbce3",
            "image_72": "https:\/\/avatars.slack-edge.com\/2023-01-26\/4700726977909_18034abdbce385064283_72.jpg",
            "first_name": "Virginia",
            "real_name": "Virginia",
            "display_name": "Virginia",
            "team": "T04LDH2CNBY",
            "name": "virginia",
            "is_restricted": false,
            "is_ultra_restricted": false
        }
    },
    {
        "client_msg_id": "d1253e43-6b10-48b5-88b8-4ec662de2a27",
        "type": "message",
        "text": "121881 ACT 11\/1\n121882 ACT 11\/1\n121883 ACT 12\/13\n121884 ACT 12\/13",
        "user": "U04LYRG90QZ",
        "ts": "1698253651.370769",
        "blocks": [
            {
                "type": "rich_text",
                "block_id": "dcXTY",
                "elements": [
                    {
                        "type": "rich_text_section",
                        "elements": [
                            {
                                "type": "text",
                                "text": "121881 ACT 11\/1\n121882 ACT 11\/1\n121883 ACT 12\/13\n121884 ACT 12\/13"
                            }
                        ]
                    }
                ]
            }
        ],
        "team": "T04LDH2CNBY",
        "user_team": "T04LDH2CNBY",
        "source_team": "T04LDH2CNBY",
        "user_profile": {
            "avatar_hash": "18034abdbce3",
            "image_72": "https:\/\/avatars.slack-edge.com\/2023-01-26\/4700726977909_18034abdbce385064283_72.jpg",
            "first_name": "Virginia",
            "real_name": "Virginia",
            "display_name": "Virginia",
            "team": "T04LDH2CNBY",
            "name": "virginia",
            "is_restricted": false,
            "is_ultra_restricted": false
        }
    },
    {
        "client_msg_id": "da315eee-1fd3-4168-970e-dac21bdf7d53",
        "type": "message",
        "text": "121885 CFT 10\/25",
        "user": "U04LYRG90QZ",
        "ts": "1698255388.263549",
        "blocks": [
            {
                "type": "rich_text",
                "block_id": "+flCr",
                "elements": [
                    {
                        "type": "rich_text_section",
                        "elements": [
                            {
                                "type": "text",
                                "text": "121885 CFT 10\/25"
                            }
                        ]
                    }
                ]
            }
        ],
        "team": "T04LDH2CNBY",
        "user_team": "T04LDH2CNBY",
        "source_team": "T04LDH2CNBY",
        "user_profile": {
            "avatar_hash": "18034abdbce3",
            "image_72": "https:\/\/avatars.slack-edge.com\/2023-01-26\/4700726977909_18034abdbce385064283_72.jpg",
            "first_name": "Virginia",
            "real_name": "Virginia",
            "display_name": "Virginia",
            "team": "T04LDH2CNBY",
            "name": "virginia",
            "is_restricted": false,
            "is_ultra_restricted": false
        }
    },
    {
        "client_msg_id": "f6d961b5-1c61-4bbe-bfbf-620e2f2e4809",
        "type": "message",
        "text": "121886 Napa 11\/7",
        "user": "U04LYRG90QZ",
        "ts": "1698255756.816379",
        "blocks": [
            {
                "type": "rich_text",
                "block_id": "AVcin",
                "elements": [
                    {
                        "type": "rich_text_section",
                        "elements": [
                            {
                                "type": "text",
                                "text": "121886 Napa 11\/7"
                            }
                        ]
                    }
                ]
            }
        ],
        "team": "T04LDH2CNBY",
        "user_team": "T04LDH2CNBY",
        "source_team": "T04LDH2CNBY",
        "user_profile": {
            "avatar_hash": "18034abdbce3",
            "image_72": "https:\/\/avatars.slack-edge.com\/2023-01-26\/4700726977909_18034abdbce385064283_72.jpg",
            "first_name": "Virginia",
            "real_name": "Virginia",
            "display_name": "Virginia",
            "team": "T04LDH2CNBY",
            "name": "virginia",
            "is_restricted": false,
            "is_ultra_restricted": false
        }
    },
    {
        "client_msg_id": "2af39f9c-d0f5-4124-bba2-b9ed8bffe9db",
        "type": "message",
        "text": "Hi <@U04LYRG90QZ> I created the job number. But I didn't see them on the calendar...",
        "user": "U0576JVJF1Q",
        "ts": "1698258228.245959",
        "blocks": [
            {
                "type": "rich_text",
                "block_id": "k66cN",
                "elements": [
                    {
                        "type": "rich_text_section",
                        "elements": [
                            {
                                "type": "text",
                                "text": "Hi "
                            },
                            {
                                "type": "user",
                                "user_id": "U04LYRG90QZ"
                            },
                            {
                                "type": "text",
                                "text": " I created the job number. But I didn't see them on the calendar..."
                            }
                        ]
                    }
                ]
            }
        ],
        "team": "T04LDH2CNBY",
        "user_team": "T04LDH2CNBY",
        "source_team": "T04LDH2CNBY",
        "user_profile": {
            "avatar_hash": "g12be1dbd2bd",
            "image_72": "https:\/\/secure.gravatar.com\/avatar\/12be1dbd2bd270e15f2abc83ff193814.jpg?s=72&d=https%3A%2F%2Fa.slack-edge.com%2Fdf10d%2Fimg%2Favatars%2Fava_0010-72.png",
            "first_name": "Kai",
            "real_name": "Kai",
            "display_name": "Kai",
            "team": "T04LDH2CNBY",
            "name": "kai",
            "is_restricted": false,
            "is_ultra_restricted": false
        },
        "edited": {
            "user": "U0576JVJF1Q",
            "ts": "1698258252.000000"
        },
        "thread_ts": "1695940827.359459",
        "parent_user_id": "U0576JVJF1Q"
    },
    {
        "client_msg_id": "eb1c9284-25ae-493d-adc2-e91f3ba01986",
        "type": "message",
        "text": "let's see",
        "user": "U04LYRG90QZ",
        "ts": "1698259894.292819",
        "blocks": [
            {
                "type": "rich_text",
                "block_id": "WbuUR",
                "elements": [
                    {
                        "type": "rich_text_section",
                        "elements": [
                            {
                                "type": "text",
                                "text": "let's see"
                            }
                        ]
                    }
                ]
            }
        ],
        "team": "T04LDH2CNBY",
        "user_team": "T04LDH2CNBY",
        "source_team": "T04LDH2CNBY",
        "user_profile": {
            "avatar_hash": "18034abdbce3",
            "image_72": "https:\/\/avatars.slack-edge.com\/2023-01-26\/4700726977909_18034abdbce385064283_72.jpg",
            "first_name": "Virginia",
            "real_name": "Virginia",
            "display_name": "Virginia",
            "team": "T04LDH2CNBY",
            "name": "virginia",
            "is_restricted": false,
            "is_ultra_restricted": false
        },
        "thread_ts": "1695940827.359459",
        "parent_user_id": "U0576JVJF1Q"
    },
    {
        "client_msg_id": "775971f0-d775-40d5-8817-520d41951d0f",
        "type": "message",
        "text": "they are already created{",
        "user": "U04LYRG90QZ",
        "ts": "1698259934.454469",
        "blocks": [
            {
                "type": "rich_text",
                "block_id": "btbWn",
                "elements": [
                    {
                        "type": "rich_text_section",
                        "elements": [
                            {
                                "type": "text",
                                "text": "they are already created{"
                            }
                        ]
                    }
                ]
            }
        ],
        "team": "T04LDH2CNBY",
        "user_team": "T04LDH2CNBY",
        "source_team": "T04LDH2CNBY",
        "user_profile": {
            "avatar_hash": "18034abdbce3",
            "image_72": "https:\/\/avatars.slack-edge.com\/2023-01-26\/4700726977909_18034abdbce385064283_72.jpg",
            "first_name": "Virginia",
            "real_name": "Virginia",
            "display_name": "Virginia",
            "team": "T04LDH2CNBY",
            "name": "virginia",
            "is_restricted": false,
            "is_ultra_restricted": false
        },
        "thread_ts": "1695940827.359459",
        "parent_user_id": "U0576JVJF1Q"
    },
    {
        "client_msg_id": "49501411-386f-4b68-a8a6-8291d4e892b6",
        "type": "message",
        "text": "can u see them now?",
        "user": "U04LYRG90QZ",
        "ts": "1698259986.032079",
        "blocks": [
            {
                "type": "rich_text",
                "block_id": "dIglJ",
                "elements": [
                    {
                        "type": "rich_text_section",
                        "elements": [
                            {
                                "type": "text",
                                "text": "can u see them now?"
                            }
                        ]
                    }
                ]
            }
        ],
        "team": "T04LDH2CNBY",
        "user_team": "T04LDH2CNBY",
        "source_team": "T04LDH2CNBY",
        "user_profile": {
            "avatar_hash": "18034abdbce3",
            "image_72": "https:\/\/avatars.slack-edge.com\/2023-01-26\/4700726977909_18034abdbce385064283_72.jpg",
            "first_name": "Virginia",
            "real_name": "Virginia",
            "display_name": "Virginia",
            "team": "T04LDH2CNBY",
            "name": "virginia",
            "is_restricted": false,
            "is_ultra_restricted": false
        },
        "thread_ts": "1695940827.359459",
        "parent_user_id": "U0576JVJF1Q"
    },
    {
        "client_msg_id": "4F80FEDB-F862-4D5F-A07A-01E032A9DBFE",
        "type": "message",
        "text": "Yes! Thanks!",
        "user": "U0576JVJF1Q",
        "ts": "1698263254.900049",
        "blocks": [
            {
                "type": "rich_text",
                "block_id": "cJsGM",
                "elements": [
                    {
                        "type": "rich_text_section",
                        "elements": [
                            {
                                "type": "text",
                                "text": "Yes! Thanks"
                            },
                            {
                                "type": "text",
                                "text": "!"
                            }
                        ]
                    }
                ]
            }
        ],
        "team": "T04LDH2CNBY",
        "user_team": "T04LDH2CNBY",
        "source_team": "T04LDH2CNBY",
        "user_profile": {
            "avatar_hash": "g12be1dbd2bd",
            "image_72": "https:\/\/secure.gravatar.com\/avatar\/12be1dbd2bd270e15f2abc83ff193814.jpg?s=72&d=https%3A%2F%2Fa.slack-edge.com%2Fdf10d%2Fimg%2Favatars%2Fava_0010-72.png",
            "first_name": "Kai",
            "real_name": "Kai",
            "display_name": "Kai",
            "team": "T04LDH2CNBY",
            "name": "kai",
            "is_restricted": false,
            "is_ultra_restricted": false
        },
        "thread_ts": "1695940827.359459",
        "parent_user_id": "U0576JVJF1Q"
    },
    {
        "client_msg_id": "3ff7da9d-3e48-40c0-bc3b-be7893c06e19",
        "type": "message",
        "text": "oki",
        "user": "U04LYRG90QZ",
        "ts": "1698263318.989779",
        "blocks": [
            {
                "type": "rich_text",
                "block_id": "GzQRW",
                "elements": [
                    {
                        "type": "rich_text_section",
                        "elements": [
                            {
                                "type": "text",
                                "text": "oki"
                            }
                        ]
                    }
                ]
            }
        ],
        "team": "T04LDH2CNBY",
        "user_team": "T04LDH2CNBY",
        "source_team": "T04LDH2CNBY",
        "user_profile": {
            "avatar_hash": "18034abdbce3",
            "image_72": "https:\/\/avatars.slack-edge.com\/2023-01-26\/4700726977909_18034abdbce385064283_72.jpg",
            "first_name": "Virginia",
            "real_name": "Virginia",
            "display_name": "Virginia",
            "team": "T04LDH2CNBY",
            "name": "virginia",
            "is_restricted": false,
            "is_ultra_restricted": false
        },
        "thread_ts": "1695940827.359459",
        "parent_user_id": "U0576JVJF1Q"
    },
    {
        "client_msg_id": "d2d75f9c-5cfe-460b-8c33-57934e3477fb",
        "type": "message",
        "text": "121887 ACPH (Chavez) 11\/2\n121888 ACPH (Chavez) 11\/9\n121889 EBCLO11\/2",
        "user": "U04LYRG90QZ",
        "ts": "1698264631.792549",
        "blocks": [
            {
                "type": "rich_text",
                "block_id": "J4C1g",
                "elements": [
                    {
                        "type": "rich_text_section",
                        "elements": [
                            {
                                "type": "text",
                                "text": "121887 ACPH (Chavez) 11\/2\n121888 ACPH (Chavez) 11\/9\n121889 EBCLO11\/2"
                            }
                        ]
                    }
                ]
            }
        ],
        "team": "T04LDH2CNBY",
        "user_team": "T04LDH2CNBY",
        "source_team": "T04LDH2CNBY",
        "user_profile": {
            "avatar_hash": "18034abdbce3",
            "image_72": "https:\/\/avatars.slack-edge.com\/2023-01-26\/4700726977909_18034abdbce385064283_72.jpg",
            "first_name": "Virginia",
            "real_name": "Virginia",
            "display_name": "Virginia",
            "team": "T04LDH2CNBY",
            "name": "virginia",
            "is_restricted": false,
            "is_ultra_restricted": false
        },
        "edited": {
            "user": "U04LYRG90QZ",
            "ts": "1698271932.000000"
        }
    },
    {
        "client_msg_id": "7db1683f-cec2-4777-86aa-958c5febbbb9",
        "type": "message",
        "text": "121890 ACPH (Chavez) 11\/20",
        "user": "U04LYRG90QZ",
        "ts": "1698265061.663379",
        "blocks": [
            {
                "type": "rich_text",
                "block_id": "G5+yc",
                "elements": [
                    {
                        "type": "rich_text_section",
                        "elements": [
                            {
                                "type": "text",
                                "text": "121890 ACPH (Chavez) 11\/20"
                            }
                        ]
                    }
                ]
            }
        ],
        "team": "T04LDH2CNBY",
        "user_team": "T04LDH2CNBY",
        "source_team": "T04LDH2CNBY",
        "user_profile": {
            "avatar_hash": "18034abdbce3",
            "image_72": "https:\/\/avatars.slack-edge.com\/2023-01-26\/4700726977909_18034abdbce385064283_72.jpg",
            "first_name": "Virginia",
            "real_name": "Virginia",
            "display_name": "Virginia",
            "team": "T04LDH2CNBY",
            "name": "virginia",
            "is_restricted": false,
            "is_ultra_restricted": false
        }
    },
    {
        "client_msg_id": "e269cc84-0288-40b6-959f-e4768168ca1d",
        "type": "message",
        "text": "121891 ACPH (Chavez) 11\/20\n121892 ACPH (Chavez) 11\/29\n121893 ACPH (Chavez) 11\/28",
        "user": "U04LYRG90QZ",
        "ts": "1698265100.428259",
        "blocks": [
            {
                "type": "rich_text",
                "block_id": "\/TC09",
                "elements": [
                    {
                        "type": "rich_text_section",
                        "elements": [
                            {
                                "type": "text",
                                "text": "121891 ACPH (Chavez) 11\/20\n121892 ACPH (Chavez) 11\/29\n121893 ACPH (Chavez) 11\/28"
                            }
                        ]
                    }
                ]
            }
        ],
        "team": "T04LDH2CNBY",
        "user_team": "T04LDH2CNBY",
        "source_team": "T04LDH2CNBY",
        "user_profile": {
            "avatar_hash": "18034abdbce3",
            "image_72": "https:\/\/avatars.slack-edge.com\/2023-01-26\/4700726977909_18034abdbce385064283_72.jpg",
            "first_name": "Virginia",
            "real_name": "Virginia",
            "display_name": "Virginia",
            "team": "T04LDH2CNBY",
            "name": "virginia",
            "is_restricted": false,
            "is_ultra_restricted": false
        }
    },
    {
        "client_msg_id": "26b6b19c-d772-4fe2-af0f-9e39d836371f",
        "type": "message",
        "text": "121894 ACPH (Chavez) 11\/28\n121895 ACPH (Chavez) 12\/5\n121896 ACPH (Chavez) 12\/12\n121897 ACPH (Chavez) 12\/19",
        "user": "U04LYRG90QZ",
        "ts": "1698265183.038449",
        "blocks": [
            {
                "type": "rich_text",
                "block_id": "ynbLF",
                "elements": [
                    {
                        "type": "rich_text_section",
                        "elements": [
                            {
                                "type": "text",
                                "text": "121894 ACPH (Chavez) 11\/28\n121895 ACPH (Chavez) 12\/5\n121896 ACPH (Chavez) 12\/12\n121897 ACPH (Chavez) 12\/19"
                            }
                        ]
                    }
                ]
            }
        ],
        "team": "T04LDH2CNBY",
        "user_team": "T04LDH2CNBY",
        "source_team": "T04LDH2CNBY",
        "user_profile": {
            "avatar_hash": "18034abdbce3",
            "image_72": "https:\/\/avatars.slack-edge.com\/2023-01-26\/4700726977909_18034abdbce385064283_72.jpg",
            "first_name": "Virginia",
            "real_name": "Virginia",
            "display_name": "Virginia",
            "team": "T04LDH2CNBY",
            "name": "virginia",
            "is_restricted": false,
            "is_ultra_restricted": false
        }
    },
    {
        "client_msg_id": "8711f0eb-2014-489e-a07c-e1d7bc9a1a98",
        "type": "message",
        "text": "121898 ACPH (Chavez) 12\/18",
        "user": "U04LYRG90QZ",
        "ts": "1698265199.325949",
        "blocks": [
            {
                "type": "rich_text",
                "block_id": "O7ckf",
                "elements": [
                    {
                        "type": "rich_text_section",
                        "elements": [
                            {
                                "type": "text",
                                "text": "121898 ACPH (Chavez) 12\/18"
                            }
                        ]
                    }
                ]
            }
        ],
        "team": "T04LDH2CNBY",
        "user_team": "T04LDH2CNBY",
        "source_team": "T04LDH2CNBY",
        "user_profile": {
            "avatar_hash": "18034abdbce3",
            "image_72": "https:\/\/avatars.slack-edge.com\/2023-01-26\/4700726977909_18034abdbce385064283_72.jpg",
            "first_name": "Virginia",
            "real_name": "Virginia",
            "display_name": "Virginia",
            "team": "T04LDH2CNBY",
            "name": "virginia",
            "is_restricted": false,
            "is_ultra_restricted": false
        }
    },
    {
        "client_msg_id": "67e219fd-6ce4-49b0-92f5-d13ac7bf6c99",
        "type": "message",
        "text": "121899 ACPH (Glankler) 12\/19",
        "user": "U0576JVJF1Q",
        "ts": "1698267262.151079",
        "blocks": [
            {
                "type": "rich_text",
                "block_id": "rYYBe",
                "elements": [
                    {
                        "type": "rich_text_section",
                        "elements": [
                            {
                                "type": "text",
                                "text": "121899 ACPH (Glankler) 12\/19"
                            }
                        ]
                    }
                ]
            }
        ],
        "team": "T04LDH2CNBY",
        "user_team": "T04LDH2CNBY",
        "source_team": "T04LDH2CNBY",
        "user_profile": {
            "avatar_hash": "g12be1dbd2bd",
            "image_72": "https:\/\/secure.gravatar.com\/avatar\/12be1dbd2bd270e15f2abc83ff193814.jpg?s=72&d=https%3A%2F%2Fa.slack-edge.com%2Fdf10d%2Fimg%2Favatars%2Fava_0010-72.png",
            "first_name": "Kai",
            "real_name": "Kai",
            "display_name": "Kai",
            "team": "T04LDH2CNBY",
            "name": "kai",
            "is_restricted": false,
            "is_ultra_restricted": false
        }
    },
    {
        "client_msg_id": "0649da7b-12d7-4bd3-b4a8-77191b012964",
        "type": "message",
        "text": "121900 CV 11\/3",
        "user": "U04LYRG90QZ",
        "ts": "1698272318.429699",
        "blocks": [
            {
                "type": "rich_text",
                "block_id": "G9WRO",
                "elements": [
                    {
                        "type": "rich_text_section",
                        "elements": [
                            {
                                "type": "text",
                                "text": "121900 CV 11\/3"
                            }
                        ]
                    }
                ]
            }
        ],
        "team": "T04LDH2CNBY",
        "user_team": "T04LDH2CNBY",
        "source_team": "T04LDH2CNBY",
        "user_profile": {
            "avatar_hash": "18034abdbce3",
            "image_72": "https:\/\/avatars.slack-edge.com\/2023-01-26\/4700726977909_18034abdbce385064283_72.jpg",
            "first_name": "Virginia",
            "real_name": "Virginia",
            "display_name": "Virginia",
            "team": "T04LDH2CNBY",
            "name": "virginia",
            "is_restricted": false,
            "is_ultra_restricted": false
        }
    },
    {
        "client_msg_id": "abb7b77a-ff54-4d26-86f9-3e7283de8843",
        "type": "message",
        "text": "121901 ACPH (Glankler) 10\/26",
        "user": "U04LYRG90QZ",
        "ts": "1698276148.240839",
        "blocks": [
            {
                "type": "rich_text",
                "block_id": "Mis8N",
                "elements": [
                    {
                        "type": "rich_text_section",
                        "elements": [
                            {
                                "type": "text",
                                "text": "121901 ACPH (Glankler) 10\/26"
                            }
                        ]
                    }
                ]
            }
        ],
        "team": "T04LDH2CNBY",
        "user_team": "T04LDH2CNBY",
        "source_team": "T04LDH2CNBY",
        "user_profile": {
            "avatar_hash": "18034abdbce3",
            "image_72": "https:\/\/avatars.slack-edge.com\/2023-01-26\/4700726977909_18034abdbce385064283_72.jpg",
            "first_name": "Virginia",
            "real_name": "Virginia",
            "display_name": "Virginia",
            "team": "T04LDH2CNBY",
            "name": "virginia",
            "is_restricted": false,
            "is_ultra_restricted": false
        }
    },
    {
        "client_msg_id": "0ebc06e9-57b0-4a75-8eef-327f0b070540",
        "type": "message",
        "text": "121902 CFT 10\/27",
        "user": "U04LYRG90QZ",
        "ts": "1698276474.780019",
        "blocks": [
            {
                "type": "rich_text",
                "block_id": "ZSIBf",
                "elements": [
                    {
                        "type": "rich_text_section",
                        "elements": [
                            {
                                "type": "text",
                                "text": "121902 CFT 10\/27"
                            }
                        ]
                    }
                ]
            }
        ],
        "team": "T04LDH2CNBY",
        "user_team": "T04LDH2CNBY",
        "source_team": "T04LDH2CNBY",
        "user_profile": {
            "avatar_hash": "18034abdbce3",
            "image_72": "https:\/\/avatars.slack-edge.com\/2023-01-26\/4700726977909_18034abdbce385064283_72.jpg",
            "first_name": "Virginia",
            "real_name": "Virginia",
            "display_name": "Virginia",
            "team": "T04LDH2CNBY",
            "name": "virginia",
            "is_restricted": false,
            "is_ultra_restricted": false
        }
    }
]