[
    {
        "client_msg_id": "82998f74-caad-4f23-8878-a33c22edd9b2",
        "type": "message",
        "text": "Morning Team :hugging_face:",
        "user": "U04LL2M6F99",
        "ts": "1677164146.996049",
        "blocks": [
            {
                "type": "rich_text",
                "block_id": "rh\/b",
                "elements": [
                    {
                        "type": "rich_text_section",
                        "elements": [
                            {
                                "type": "text",
                                "text": "Morning Team "
                            },
                            {
                                "type": "emoji",
                                "name": "hugging_face",
                                "unicode": "1f917"
                            }
                        ]
                    }
                ]
            }
        ],
        "team": "T04LDH2CNBY",
        "user_team": "T04LDH2CNBY",
        "source_team": "T04LDH2CNBY",
        "user_profile": {
            "avatar_hash": "075a5725a539",
            "image_72": "https:\/\/avatars.slack-edge.com\/2023-02-16\/4793680204375_075a5725a53946ba72a8_72.png",
            "first_name": "Kristine",
            "real_name": "Kristine Noel",
            "display_name": "Kristine Noel",
            "team": "T04LDH2CNBY",
            "name": "kristine",
            "is_restricted": false,
            "is_ultra_restricted": false
        }
    },
    {
        "client_msg_id": "c8bab546-5ee7-4a02-8a32-039519efe5d9",
        "type": "message",
        "text": "Hello team!!!",
        "user": "U04LYRG90QZ",
        "ts": "1677168141.190589",
        "blocks": [
            {
                "type": "rich_text",
                "block_id": "UXl",
                "elements": [
                    {
                        "type": "rich_text_section",
                        "elements": [
                            {
                                "type": "text",
                                "text": "Hello team!!!"
                            }
                        ]
                    }
                ]
            }
        ],
        "team": "T04LDH2CNBY",
        "user_team": "T04LDH2CNBY",
        "source_team": "T04LDH2CNBY",
        "user_profile": {
            "avatar_hash": "18034abdbce3",
            "image_72": "https:\/\/avatars.slack-edge.com\/2023-01-26\/4700726977909_18034abdbce385064283_72.jpg",
            "first_name": "Virginia",
            "real_name": "Virginia",
            "display_name": "Virginia",
            "team": "T04LDH2CNBY",
            "name": "virginia",
            "is_restricted": false,
            "is_ultra_restricted": false
        }
    },
    {
        "client_msg_id": "e826fc43-fce9-43aa-8de7-4722f1ec931c",
        "type": "message",
        "text": "<!here> Hi All! Given Kelly is out today, and we have many other priorities to take care of, I'd like to cancel our office meeting today so we can focus on the priorities. If you would like to discuss anything specific, you can reach out to me directly. Thank you!",
        "user": "U04LNKU8YF6",
        "ts": "1677169536.135469",
        "blocks": [
            {
                "type": "rich_text",
                "block_id": "XrEC7",
                "elements": [
                    {
                        "type": "rich_text_section",
                        "elements": [
                            {
                                "type": "broadcast",
                                "range": "here"
                            },
                            {
                                "type": "text",
                                "text": " Hi All! Given Kelly is out today, and we have many other priorities to take care of, I'd like to cancel our office meeting today so we can focus on the priorities. If you would like to discuss anything specific, you can reach out to me directly. Thank you!"
                            }
                        ]
                    }
                ]
            }
        ],
        "team": "T04LDH2CNBY",
        "user_team": "T04LDH2CNBY",
        "source_team": "T04LDH2CNBY",
        "user_profile": {
            "avatar_hash": "212b82b4d92e",
            "image_72": "https:\/\/avatars.slack-edge.com\/2023-01-25\/4700546482018_212b82b4d92ed2471a10_72.jpg",
            "first_name": "Caroline",
            "real_name": "Caroline Lee",
            "display_name": "Caroline Lee",
            "team": "T04LDH2CNBY",
            "name": "caroline",
            "is_restricted": false,
            "is_ultra_restricted": false
        },
        "reactions": [
            {
                "name": "heart",
                "users": [
                    "U04LL2M6F99",
                    "U04LYRG90QZ"
                ],
                "count": 2
            },
            {
                "name": "+1",
                "users": [
                    "U04LNK3DU84",
                    "U04LH7FMHGD"
                ],
                "count": 2
            }
        ]
    },
    {
        "client_msg_id": "4411c664-3e5a-4df2-b2c7-97f1cc930a26",
        "type": "message",
        "text": "Thank you Caroline!",
        "user": "U04LYRG90QZ",
        "ts": "1677170134.441499",
        "blocks": [
            {
                "type": "rich_text",
                "block_id": "xIom",
                "elements": [
                    {
                        "type": "rich_text_section",
                        "elements": [
                            {
                                "type": "text",
                                "text": "Thank you Caroline!"
                            }
                        ]
                    }
                ]
            }
        ],
        "team": "T04LDH2CNBY",
        "user_team": "T04LDH2CNBY",
        "source_team": "T04LDH2CNBY",
        "user_profile": {
            "avatar_hash": "18034abdbce3",
            "image_72": "https:\/\/avatars.slack-edge.com\/2023-01-26\/4700726977909_18034abdbce385064283_72.jpg",
            "first_name": "Virginia",
            "real_name": "Virginia",
            "display_name": "Virginia",
            "team": "T04LDH2CNBY",
            "name": "virginia",
            "is_restricted": false,
            "is_ultra_restricted": false
        }
    },
    {
        "client_msg_id": "1be10636-db1a-4be5-a8ed-abc2098dec0a",
        "type": "message",
        "text": "In....dealing with internet issues, will keep you posted",
        "user": "U04LNK3DU84",
        "ts": "1677170273.803469",
        "blocks": [
            {
                "type": "rich_text",
                "block_id": "TjM",
                "elements": [
                    {
                        "type": "rich_text_section",
                        "elements": [
                            {
                                "type": "text",
                                "text": "In....dealing with internet issues, will keep you posted"
                            }
                        ]
                    }
                ]
            }
        ],
        "team": "T04LDH2CNBY",
        "user_team": "T04LDH2CNBY",
        "source_team": "T04LDH2CNBY",
        "user_profile": {
            "avatar_hash": "2ecdfc20bb56",
            "image_72": "https:\/\/avatars.slack-edge.com\/2023-01-25\/4702661419268_2ecdfc20bb56f2adcfd3_72.jpg",
            "first_name": "Eduardo",
            "real_name": "Eduardo Puyol-Martinez",
            "display_name": "Eduardo",
            "team": "T04LDH2CNBY",
            "name": "eduardo",
            "is_restricted": false,
            "is_ultra_restricted": false
        }
    },
    {
        "client_msg_id": "71d6e0af-a0ad-419f-b38f-deee4d1346d2",
        "type": "message",
        "text": "Called Xfinity and they need to send a tech to my house, I have an appointment at 1pm tomorrow,  in the meantime, I will be connected with my phone and I might go to the office after  I try some troubleshooting myself, I will keep you posted",
        "user": "U04LNK3DU84",
        "ts": "1677173801.716919",
        "blocks": [
            {
                "type": "rich_text",
                "block_id": "ihOo",
                "elements": [
                    {
                        "type": "rich_text_section",
                        "elements": [
                            {
                                "type": "text",
                                "text": "Called Xfinity and they need to send a tech to my house, I have an appointment at 1pm tomorrow,  in the meantime, I will be connected with my phone and I might go to the office after  I try some troubleshooting myself, I will keep you posted"
                            }
                        ]
                    }
                ]
            }
        ],
        "team": "T04LDH2CNBY",
        "user_team": "T04LDH2CNBY",
        "source_team": "T04LDH2CNBY",
        "user_profile": {
            "avatar_hash": "2ecdfc20bb56",
            "image_72": "https:\/\/avatars.slack-edge.com\/2023-01-25\/4702661419268_2ecdfc20bb56f2adcfd3_72.jpg",
            "first_name": "Eduardo",
            "real_name": "Eduardo Puyol-Martinez",
            "display_name": "Eduardo",
            "team": "T04LDH2CNBY",
            "name": "eduardo",
            "is_restricted": false,
            "is_ultra_restricted": false
        },
        "reactions": [
            {
                "name": "face_with_peeking_eye",
                "users": [
                    "U04LYRG90QZ"
                ],
                "count": 1
            }
        ]
    },
    {
        "client_msg_id": "B549BCF0-401D-4DAF-956C-7B5624F7B1A9",
        "type": "message",
        "text": "In",
        "user": "U04LL2BJ5GB",
        "ts": "1677175455.467029",
        "blocks": [
            {
                "type": "rich_text",
                "block_id": "ChAO",
                "elements": [
                    {
                        "type": "rich_text_section",
                        "elements": [
                            {
                                "type": "text",
                                "text": "In"
                            }
                        ]
                    }
                ]
            }
        ],
        "team": "T04LDH2CNBY",
        "user_team": "T04LDH2CNBY",
        "source_team": "T04LDH2CNBY",
        "user_profile": {
            "avatar_hash": "a0aaab73c433",
            "image_72": "https:\/\/avatars.slack-edge.com\/2023-06-02\/5369485068164_a0aaab73c43394143d32_72.png",
            "first_name": "Nestor",
            "real_name": "Nestor Guzman",
            "display_name": "Nestor Guzman",
            "team": "T04LDH2CNBY",
            "name": "nestor",
            "is_restricted": false,
            "is_ultra_restricted": false
        },
        "thread_ts": "1677175455.467029",
        "reply_count": 1,
        "reply_users_count": 1,
        "latest_reply": "1677202206.450479",
        "reply_users": [
            "U04LL2BJ5GB"
        ],
        "replies": [
            {
                "user": "U04LL2BJ5GB",
                "ts": "1677202206.450479"
            }
        ],
        "is_locked": false,
        "subscribed": false
    },
    {
        "client_msg_id": "4d9bb175-5883-4962-91a4-4192fac5c214",
        "type": "message",
        "text": "BRB in some mins.",
        "user": "U04LYRG90QZ",
        "ts": "1677181432.599459",
        "blocks": [
            {
                "type": "rich_text",
                "block_id": "s7R32",
                "elements": [
                    {
                        "type": "rich_text_section",
                        "elements": [
                            {
                                "type": "text",
                                "text": "BRB in some mins."
                            }
                        ]
                    }
                ]
            }
        ],
        "team": "T04LDH2CNBY",
        "user_team": "T04LDH2CNBY",
        "source_team": "T04LDH2CNBY",
        "user_profile": {
            "avatar_hash": "18034abdbce3",
            "image_72": "https:\/\/avatars.slack-edge.com\/2023-01-26\/4700726977909_18034abdbce385064283_72.jpg",
            "first_name": "Virginia",
            "real_name": "Virginia",
            "display_name": "Virginia",
            "team": "T04LDH2CNBY",
            "name": "virginia",
            "is_restricted": false,
            "is_ultra_restricted": false
        }
    },
    {
        "client_msg_id": "3a0964a8-e116-4b63-86bf-980060476cd3",
        "type": "message",
        "text": "back",
        "user": "U04LYRG90QZ",
        "ts": "1677181851.803649",
        "blocks": [
            {
                "type": "rich_text",
                "block_id": "ofWFd",
                "elements": [
                    {
                        "type": "rich_text_section",
                        "elements": [
                            {
                                "type": "text",
                                "text": "back"
                            }
                        ]
                    }
                ]
            }
        ],
        "team": "T04LDH2CNBY",
        "user_team": "T04LDH2CNBY",
        "source_team": "T04LDH2CNBY",
        "user_profile": {
            "avatar_hash": "18034abdbce3",
            "image_72": "https:\/\/avatars.slack-edge.com\/2023-01-26\/4700726977909_18034abdbce385064283_72.jpg",
            "first_name": "Virginia",
            "real_name": "Virginia",
            "display_name": "Virginia",
            "team": "T04LDH2CNBY",
            "name": "virginia",
            "is_restricted": false,
            "is_ultra_restricted": false
        }
    },
    {
        "client_msg_id": "13368830-8e7f-4e0f-b527-7e5221dd91d2",
        "type": "message",
        "text": "BRB",
        "user": "U04LYRG90QZ",
        "ts": "1677184841.718169",
        "blocks": [
            {
                "type": "rich_text",
                "block_id": "5x=M",
                "elements": [
                    {
                        "type": "rich_text_section",
                        "elements": [
                            {
                                "type": "text",
                                "text": "BRB"
                            }
                        ]
                    }
                ]
            }
        ],
        "team": "T04LDH2CNBY",
        "user_team": "T04LDH2CNBY",
        "source_team": "T04LDH2CNBY",
        "user_profile": {
            "avatar_hash": "18034abdbce3",
            "image_72": "https:\/\/avatars.slack-edge.com\/2023-01-26\/4700726977909_18034abdbce385064283_72.jpg",
            "first_name": "Virginia",
            "real_name": "Virginia",
            "display_name": "Virginia",
            "team": "T04LDH2CNBY",
            "name": "virginia",
            "is_restricted": false,
            "is_ultra_restricted": false
        }
    },
    {
        "client_msg_id": "0eb4bab7-c17c-4f10-99e5-7d318aa51255",
        "type": "message",
        "text": "back",
        "user": "U04LYRG90QZ",
        "ts": "1677185597.811879",
        "blocks": [
            {
                "type": "rich_text",
                "block_id": "gF0I+",
                "elements": [
                    {
                        "type": "rich_text_section",
                        "elements": [
                            {
                                "type": "text",
                                "text": "back"
                            }
                        ]
                    }
                ]
            }
        ],
        "team": "T04LDH2CNBY",
        "user_team": "T04LDH2CNBY",
        "source_team": "T04LDH2CNBY",
        "user_profile": {
            "avatar_hash": "18034abdbce3",
            "image_72": "https:\/\/avatars.slack-edge.com\/2023-01-26\/4700726977909_18034abdbce385064283_72.jpg",
            "first_name": "Virginia",
            "real_name": "Virginia",
            "display_name": "Virginia",
            "team": "T04LDH2CNBY",
            "name": "virginia",
            "is_restricted": false,
            "is_ultra_restricted": false
        }
    },
    {
        "client_msg_id": "7a40f8c2-689d-493f-b6fd-9255088bd7a6",
        "type": "message",
        "text": "hello <!channel> quick update, I just signed the New York contract, so it's now official, we are starting March 1st...we will reach out and organize a kickoff meeting as well....get familiar with the <https:\/\/docs.google.com\/document\/d\/1c3ZYfvpQPpkhMaaw3myOEjl5IKekCbtI?rtpof=true&amp;authuser=eduardo%40accentonlanguages.com&amp;usp=drive_fs|contract HERE> and the <https:\/\/drive.google.com\/open?id=1c41Qt-pBpZ0l3SoRxUqNmv-HTFbQ8dYo&amp;authuser=eduardo%40accentonlanguages.com&amp;usp=drive_fs|NYC RATES> here",
        "user": "U04LNK3DU84",
        "ts": "1677195168.188649",
        "blocks": [
            {
                "type": "rich_text",
                "block_id": "Ec=Hl",
                "elements": [
                    {
                        "type": "rich_text_section",
                        "elements": [
                            {
                                "type": "text",
                                "text": "hello "
                            },
                            {
                                "type": "broadcast",
                                "range": "channel"
                            },
                            {
                                "type": "text",
                                "text": " quick update, I just signed the New York contract, so it's now official, we are starting March 1st...we will reach out and organize a kickoff meeting as well....get familiar with the "
                            },
                            {
                                "type": "link",
                                "url": "https:\/\/docs.google.com\/document\/d\/1c3ZYfvpQPpkhMaaw3myOEjl5IKekCbtI?rtpof=true&authuser=eduardo%40accentonlanguages.com&usp=drive_fs",
                                "text": "contract HERE"
                            },
                            {
                                "type": "text",
                                "text": " and the "
                            },
                            {
                                "type": "link",
                                "url": "https:\/\/drive.google.com\/open?id=1c41Qt-pBpZ0l3SoRxUqNmv-HTFbQ8dYo&authuser=eduardo%40accentonlanguages.com&usp=drive_fs",
                                "text": "NYC RATES"
                            },
                            {
                                "type": "text",
                                "text": " here"
                            }
                        ]
                    }
                ]
            }
        ],
        "team": "T04LDH2CNBY",
        "user_team": "T04LDH2CNBY",
        "source_team": "T04LDH2CNBY",
        "user_profile": {
            "avatar_hash": "2ecdfc20bb56",
            "image_72": "https:\/\/avatars.slack-edge.com\/2023-01-25\/4702661419268_2ecdfc20bb56f2adcfd3_72.jpg",
            "first_name": "Eduardo",
            "real_name": "Eduardo Puyol-Martinez",
            "display_name": "Eduardo",
            "team": "T04LDH2CNBY",
            "name": "eduardo",
            "is_restricted": false,
            "is_ultra_restricted": false
        },
        "reactions": [
            {
                "name": "white_check_mark",
                "users": [
                    "U04LYRG90QZ"
                ],
                "count": 1
            },
            {
                "name": "+1",
                "users": [
                    "U04LNKU8YF6"
                ],
                "count": 1
            }
        ]
    },
    {
        "client_msg_id": "b0b67860-9e1e-4e4e-9809-f7b256028756",
        "type": "message",
        "text": "Leaving team....",
        "user": "U04LYRG90QZ",
        "ts": "1677200512.918819",
        "blocks": [
            {
                "type": "rich_text",
                "block_id": "cT+NX",
                "elements": [
                    {
                        "type": "rich_text_section",
                        "elements": [
                            {
                                "type": "text",
                                "text": "Leaving team...."
                            }
                        ]
                    }
                ]
            }
        ],
        "team": "T04LDH2CNBY",
        "user_team": "T04LDH2CNBY",
        "source_team": "T04LDH2CNBY",
        "user_profile": {
            "avatar_hash": "18034abdbce3",
            "image_72": "https:\/\/avatars.slack-edge.com\/2023-01-26\/4700726977909_18034abdbce385064283_72.jpg",
            "first_name": "Virginia",
            "real_name": "Virginia",
            "display_name": "Virginia",
            "team": "T04LDH2CNBY",
            "name": "virginia",
            "is_restricted": false,
            "is_ultra_restricted": false
        }
    },
    {
        "client_msg_id": "5669d529-65fb-4d2a-8839-ad40677c50a9",
        "type": "message",
        "text": "out",
        "user": "U04LL2BJ5GB",
        "ts": "1677202206.450479",
        "blocks": [
            {
                "type": "rich_text",
                "block_id": "SuW",
                "elements": [
                    {
                        "type": "rich_text_section",
                        "elements": [
                            {
                                "type": "text",
                                "text": "out"
                            }
                        ]
                    }
                ]
            }
        ],
        "team": "T04LDH2CNBY",
        "user_team": "T04LDH2CNBY",
        "source_team": "T04LDH2CNBY",
        "user_profile": {
            "avatar_hash": "a0aaab73c433",
            "image_72": "https:\/\/avatars.slack-edge.com\/2023-06-02\/5369485068164_a0aaab73c43394143d32_72.png",
            "first_name": "Nestor",
            "real_name": "Nestor Guzman",
            "display_name": "Nestor Guzman",
            "team": "T04LDH2CNBY",
            "name": "nestor",
            "is_restricted": false,
            "is_ultra_restricted": false
        },
        "thread_ts": "1677175455.467029",
        "parent_user_id": "U04LL2BJ5GB"
    },
    {
        "client_msg_id": "f44ae0c6-c089-45b3-9b35-feeb47b927f1",
        "type": "message",
        "text": "just finished a meeting with Kristine about Interpreter Intelligence, I'm back to finish a few tasks, particularly the test II-QBO with Daniel",
        "user": "U04LNK3DU84",
        "ts": "1677202846.643099",
        "blocks": [
            {
                "type": "rich_text",
                "block_id": "5sEK",
                "elements": [
                    {
                        "type": "rich_text_section",
                        "elements": [
                            {
                                "type": "text",
                                "text": "just finished a meeting with Kristine about Interpreter Intelligence, I'm back to finish a few tasks, particularly the test II-QBO with Daniel"
                            }
                        ]
                    }
                ]
            }
        ],
        "team": "T04LDH2CNBY",
        "user_team": "T04LDH2CNBY",
        "source_team": "T04LDH2CNBY",
        "user_profile": {
            "avatar_hash": "2ecdfc20bb56",
            "image_72": "https:\/\/avatars.slack-edge.com\/2023-01-25\/4702661419268_2ecdfc20bb56f2adcfd3_72.jpg",
            "first_name": "Eduardo",
            "real_name": "Eduardo Puyol-Martinez",
            "display_name": "Eduardo",
            "team": "T04LDH2CNBY",
            "name": "eduardo",
            "is_restricted": false,
            "is_ultra_restricted": false
        }
    },
    {
        "client_msg_id": "1d555d44-acce-48d3-8560-ca9c698acc42",
        "type": "message",
        "text": "(taking a quick break and then will be back to finish the tasks)",
        "user": "U04LNK3DU84",
        "ts": "1677203253.373559",
        "blocks": [
            {
                "type": "rich_text",
                "block_id": "j1F",
                "elements": [
                    {
                        "type": "rich_text_section",
                        "elements": [
                            {
                                "type": "text",
                                "text": "(taking a quick break and then will be back to finish the tasks)"
                            }
                        ]
                    }
                ]
            }
        ],
        "team": "T04LDH2CNBY",
        "user_team": "T04LDH2CNBY",
        "source_team": "T04LDH2CNBY",
        "user_profile": {
            "avatar_hash": "2ecdfc20bb56",
            "image_72": "https:\/\/avatars.slack-edge.com\/2023-01-25\/4702661419268_2ecdfc20bb56f2adcfd3_72.jpg",
            "first_name": "Eduardo",
            "real_name": "Eduardo Puyol-Martinez",
            "display_name": "Eduardo",
            "team": "T04LDH2CNBY",
            "name": "eduardo",
            "is_restricted": false,
            "is_ultra_restricted": false
        }
    },
    {
        "client_msg_id": "8C8540BD-F506-4A43-92C2-BD6C640987E8",
        "type": "message",
        "text": "Clocking out team. See you tomorrow <@U04LNK3DU84> thanks for your time ",
        "user": "U04LL2M6F99",
        "ts": "1677205687.437899",
        "blocks": [
            {
                "type": "rich_text",
                "block_id": "PHCLG",
                "elements": [
                    {
                        "type": "rich_text_section",
                        "elements": [
                            {
                                "type": "text",
                                "text": "Clocking out team. See you tomorrow "
                            },
                            {
                                "type": "user",
                                "user_id": "U04LNK3DU84"
                            },
                            {
                                "type": "text",
                                "text": " thanks for your time "
                            }
                        ]
                    }
                ]
            }
        ],
        "team": "T04LDH2CNBY",
        "user_team": "T04LDH2CNBY",
        "source_team": "T04LDH2CNBY",
        "user_profile": {
            "avatar_hash": "075a5725a539",
            "image_72": "https:\/\/avatars.slack-edge.com\/2023-02-16\/4793680204375_075a5725a53946ba72a8_72.png",
            "first_name": "Kristine",
            "real_name": "Kristine Noel",
            "display_name": "Kristine Noel",
            "team": "T04LDH2CNBY",
            "name": "kristine",
            "is_restricted": false,
            "is_ultra_restricted": false
        },
        "reactions": [
            {
                "name": "+1",
                "users": [
                    "U04LNK3DU84"
                ],
                "count": 1
            }
        ]
    },
    {
        "client_msg_id": "4984c8f2-6e5b-4b2d-a177-70e73c54c265",
        "type": "message",
        "text": "out, I have an Xfinity tech coming to my home to fix the Internet, I might be unavailable at times tomorrow",
        "user": "U04LNK3DU84",
        "ts": "1677206643.095659",
        "blocks": [
            {
                "type": "rich_text",
                "block_id": "ZbC",
                "elements": [
                    {
                        "type": "rich_text_section",
                        "elements": [
                            {
                                "type": "text",
                                "text": "out, I have an Xfinity tech coming to my home to fix the Internet, I might be unavailable at times tomorrow"
                            }
                        ]
                    }
                ]
            }
        ],
        "team": "T04LDH2CNBY",
        "user_team": "T04LDH2CNBY",
        "source_team": "T04LDH2CNBY",
        "user_profile": {
            "avatar_hash": "2ecdfc20bb56",
            "image_72": "https:\/\/avatars.slack-edge.com\/2023-01-25\/4702661419268_2ecdfc20bb56f2adcfd3_72.jpg",
            "first_name": "Eduardo",
            "real_name": "Eduardo Puyol-Martinez",
            "display_name": "Eduardo",
            "team": "T04LDH2CNBY",
            "name": "eduardo",
            "is_restricted": false,
            "is_ultra_restricted": false
        }
    }
]