[
    {
        "client_msg_id": "1C3E7380-5CD1-4EED-A4B9-AF62E140ED23",
        "type": "message",
        "text": "Good morning team ",
        "user": "U04LL2M6F99",
        "ts": "1677768407.460019",
        "blocks": [
            {
                "type": "rich_text",
                "block_id": "FcNFx",
                "elements": [
                    {
                        "type": "rich_text_section",
                        "elements": [
                            {
                                "type": "text",
                                "text": "Good morning team "
                            }
                        ]
                    }
                ]
            }
        ],
        "team": "T04LDH2CNBY",
        "user_team": "T04LDH2CNBY",
        "source_team": "T04LDH2CNBY",
        "user_profile": {
            "avatar_hash": "075a5725a539",
            "image_72": "https:\/\/avatars.slack-edge.com\/2023-02-16\/4793680204375_075a5725a53946ba72a8_72.png",
            "first_name": "Kristine",
            "real_name": "Kristine Noel",
            "display_name": "Kristine Noel",
            "team": "T04LDH2CNBY",
            "name": "kristine",
            "is_restricted": false,
            "is_ultra_restricted": false
        }
    },
    {
        "client_msg_id": "fbabfef7-9ec7-402f-9ada-b8843efc5dd4",
        "type": "message",
        "text": "Good morning",
        "user": "U04LDKWRDB8",
        "ts": "1677777024.295939",
        "blocks": [
            {
                "type": "rich_text",
                "block_id": "yR6",
                "elements": [
                    {
                        "type": "rich_text_section",
                        "elements": [
                            {
                                "type": "text",
                                "text": "Good morning"
                            }
                        ]
                    }
                ]
            }
        ],
        "team": "T04LDH2CNBY",
        "user_team": "T04LDH2CNBY",
        "source_team": "T04LDH2CNBY",
        "user_profile": {
            "avatar_hash": "a437520525b3",
            "image_72": "https:\/\/avatars.slack-edge.com\/2023-01-31\/4728630296242_a437520525b309207ab3_72.png",
            "first_name": "Kelly",
            "real_name": "Kelly Moody",
            "display_name": "Kelly Moody",
            "team": "T04LDH2CNBY",
            "name": "kelly",
            "is_restricted": false,
            "is_ultra_restricted": false
        }
    },
    {
        "client_msg_id": "0AEA0FB7-6C19-4455-966B-D31FD736C60D",
        "type": "message",
        "text": "In ",
        "user": "U04LL2BJ5GB",
        "ts": "1677780471.974439",
        "blocks": [
            {
                "type": "rich_text",
                "block_id": "3tiZg",
                "elements": [
                    {
                        "type": "rich_text_section",
                        "elements": [
                            {
                                "type": "text",
                                "text": "In "
                            }
                        ]
                    }
                ]
            }
        ],
        "team": "T04LDH2CNBY",
        "user_team": "T04LDH2CNBY",
        "source_team": "T04LDH2CNBY",
        "user_profile": {
            "avatar_hash": "a0aaab73c433",
            "image_72": "https:\/\/avatars.slack-edge.com\/2023-06-02\/5369485068164_a0aaab73c43394143d32_72.png",
            "first_name": "Nestor",
            "real_name": "Nestor Guzman",
            "display_name": "Nestor Guzman",
            "team": "T04LDH2CNBY",
            "name": "nestor",
            "is_restricted": false,
            "is_ultra_restricted": false
        },
        "thread_ts": "1677780471.974439",
        "reply_count": 1,
        "reply_users_count": 1,
        "latest_reply": "1677806958.739069",
        "reply_users": [
            "U04LL2BJ5GB"
        ],
        "replies": [
            {
                "user": "U04LL2BJ5GB",
                "ts": "1677806958.739069"
            }
        ],
        "is_locked": false,
        "subscribed": false
    },
    {
        "client_msg_id": "707E4B52-7142-4945-B64F-09289B6D3974",
        "type": "message",
        "text": "Was having connection issues. Catching up now",
        "user": "U04LH7FMHGD",
        "ts": "1677780507.977489",
        "blocks": [
            {
                "type": "rich_text",
                "block_id": "dhi",
                "elements": [
                    {
                        "type": "rich_text_section",
                        "elements": [
                            {
                                "type": "text",
                                "text": "Was having connection issues"
                            },
                            {
                                "type": "text",
                                "text": "."
                            },
                            {
                                "type": "text",
                                "text": " Catching up now"
                            }
                        ]
                    }
                ]
            }
        ],
        "team": "T04LDH2CNBY",
        "user_team": "T04LDH2CNBY",
        "source_team": "T04LDH2CNBY",
        "user_profile": {
            "avatar_hash": "g265bf305f0f",
            "image_72": "https:\/\/secure.gravatar.com\/avatar\/265bf305f0fb80067245ba0e6117995c.jpg?s=72&d=https%3A%2F%2Fa.slack-edge.com%2Fdf10d%2Fimg%2Favatars%2Fava_0019-72.png",
            "first_name": "Baoze",
            "real_name": "Baoze Zhang",
            "display_name": "Baoze Zhang",
            "team": "T04LDH2CNBY",
            "name": "baoze",
            "is_restricted": false,
            "is_ultra_restricted": false
        }
    },
    {
        "client_msg_id": "d01e453d-fb7a-4a6a-9f0d-6660d0ec58af",
        "type": "message",
        "text": "Hello <@U04LDKWRDB8> <@U04LH7FMHGD> <@U04LL2BJ5GB> <@U04LL2M6F99> just a reminder we have office meeting at 2pm, will be very quick will be only mentioning the highlighted items in the agenda....thank you!",
        "user": "U04LNK3DU84",
        "ts": "1677793891.373829",
        "blocks": [
            {
                "type": "rich_text",
                "block_id": "KRNup",
                "elements": [
                    {
                        "type": "rich_text_section",
                        "elements": [
                            {
                                "type": "text",
                                "text": "Hello "
                            },
                            {
                                "type": "user",
                                "user_id": "U04LDKWRDB8"
                            },
                            {
                                "type": "text",
                                "text": " "
                            },
                            {
                                "type": "user",
                                "user_id": "U04LH7FMHGD"
                            },
                            {
                                "type": "text",
                                "text": " "
                            },
                            {
                                "type": "user",
                                "user_id": "U04LL2BJ5GB"
                            },
                            {
                                "type": "text",
                                "text": " "
                            },
                            {
                                "type": "user",
                                "user_id": "U04LL2M6F99"
                            },
                            {
                                "type": "text",
                                "text": " just a reminder we have office meeting at 2pm, will be very quick will be only mentioning the highlighted items in the agenda....thank you!"
                            }
                        ]
                    }
                ]
            }
        ],
        "team": "T04LDH2CNBY",
        "user_team": "T04LDH2CNBY",
        "source_team": "T04LDH2CNBY",
        "user_profile": {
            "avatar_hash": "2ecdfc20bb56",
            "image_72": "https:\/\/avatars.slack-edge.com\/2023-01-25\/4702661419268_2ecdfc20bb56f2adcfd3_72.jpg",
            "first_name": "Eduardo",
            "real_name": "Eduardo Puyol-Martinez",
            "display_name": "Eduardo",
            "team": "T04LDH2CNBY",
            "name": "eduardo",
            "is_restricted": false,
            "is_ultra_restricted": false
        },
        "reactions": [
            {
                "name": "white_check_mark",
                "users": [
                    "U04LH7FMHGD"
                ],
                "count": 1
            },
            {
                "name": "+1",
                "users": [
                    "U04LL2BJ5GB",
                    "U04LL2M6F99"
                ],
                "count": 2
            }
        ]
    },
    {
        "client_msg_id": "458c9e65-a9e4-4d20-8fb0-e2301809f11e",
        "type": "message",
        "text": "taking a break I will be back later to do some testing with II, thank you!",
        "user": "U04LNK3DU84",
        "ts": "1677802941.658739",
        "blocks": [
            {
                "type": "rich_text",
                "block_id": "i7u",
                "elements": [
                    {
                        "type": "rich_text_section",
                        "elements": [
                            {
                                "type": "text",
                                "text": "taking a break I will be back later to do some testing with II, thank you!"
                            }
                        ]
                    }
                ]
            }
        ],
        "team": "T04LDH2CNBY",
        "user_team": "T04LDH2CNBY",
        "source_team": "T04LDH2CNBY",
        "user_profile": {
            "avatar_hash": "2ecdfc20bb56",
            "image_72": "https:\/\/avatars.slack-edge.com\/2023-01-25\/4702661419268_2ecdfc20bb56f2adcfd3_72.jpg",
            "first_name": "Eduardo",
            "real_name": "Eduardo Puyol-Martinez",
            "display_name": "Eduardo",
            "team": "T04LDH2CNBY",
            "name": "eduardo",
            "is_restricted": false,
            "is_ultra_restricted": false
        }
    },
    {
        "client_msg_id": "894501EE-9704-448A-A185-F13B61FCA7C6",
        "type": "message",
        "text": "Out ",
        "user": "U04LL2BJ5GB",
        "ts": "1677806958.739069",
        "blocks": [
            {
                "type": "rich_text",
                "block_id": "RFh",
                "elements": [
                    {
                        "type": "rich_text_section",
                        "elements": [
                            {
                                "type": "text",
                                "text": "Out "
                            }
                        ]
                    }
                ]
            }
        ],
        "team": "T04LDH2CNBY",
        "user_team": "T04LDH2CNBY",
        "source_team": "T04LDH2CNBY",
        "user_profile": {
            "avatar_hash": "a0aaab73c433",
            "image_72": "https:\/\/avatars.slack-edge.com\/2023-06-02\/5369485068164_a0aaab73c43394143d32_72.png",
            "first_name": "Nestor",
            "real_name": "Nestor Guzman",
            "display_name": "Nestor Guzman",
            "team": "T04LDH2CNBY",
            "name": "nestor",
            "is_restricted": false,
            "is_ultra_restricted": false
        },
        "thread_ts": "1677780471.974439",
        "parent_user_id": "U04LL2BJ5GB"
    }
]