[
    {
        "client_msg_id": "39907e03-3d8e-4c5f-995c-519b0109a59c",
        "type": "message",
        "text": "morning!",
        "user": "U04LYRG90QZ",
        "ts": "1690811878.279279",
        "blocks": [
            {
                "type": "rich_text",
                "block_id": "y1Io",
                "elements": [
                    {
                        "type": "rich_text_section",
                        "elements": [
                            {
                                "type": "text",
                                "text": "morning!"
                            }
                        ]
                    }
                ]
            }
        ],
        "team": "T04LDH2CNBY",
        "user_team": "T04LDH2CNBY",
        "source_team": "T04LDH2CNBY",
        "user_profile": {
            "avatar_hash": "18034abdbce3",
            "image_72": "https:\/\/avatars.slack-edge.com\/2023-01-26\/4700726977909_18034abdbce385064283_72.jpg",
            "first_name": "Virginia",
            "real_name": "Virginia",
            "display_name": "Virginia",
            "team": "T04LDH2CNBY",
            "name": "virginia",
            "is_restricted": false,
            "is_ultra_restricted": false
        }
    },
    {
        "client_msg_id": "19c4d5f9-a860-4127-bfb8-364c5b2fde7e",
        "type": "message",
        "text": "Good Morning",
        "user": "U04LL2M6F99",
        "ts": "1690811917.071069",
        "blocks": [
            {
                "type": "rich_text",
                "block_id": "vYg3g",
                "elements": [
                    {
                        "type": "rich_text_section",
                        "elements": [
                            {
                                "type": "text",
                                "text": "Good Morning"
                            }
                        ]
                    }
                ]
            }
        ],
        "team": "T04LDH2CNBY",
        "user_team": "T04LDH2CNBY",
        "source_team": "T04LDH2CNBY",
        "user_profile": {
            "avatar_hash": "075a5725a539",
            "image_72": "https:\/\/avatars.slack-edge.com\/2023-02-16\/4793680204375_075a5725a53946ba72a8_72.png",
            "first_name": "Kristine",
            "real_name": "Kristine Noel",
            "display_name": "Kristine Noel",
            "team": "T04LDH2CNBY",
            "name": "kristine",
            "is_restricted": false,
            "is_ultra_restricted": false
        }
    },
    {
        "client_msg_id": "1c3db46b-3ec2-4760-9ad3-a63c3746b9ae",
        "type": "message",
        "text": "Good morning!",
        "user": "U0583NMRYNL",
        "ts": "1690812636.538479",
        "blocks": [
            {
                "type": "rich_text",
                "block_id": "yfnnf",
                "elements": [
                    {
                        "type": "rich_text_section",
                        "elements": [
                            {
                                "type": "text",
                                "text": "Good morning!"
                            }
                        ]
                    }
                ]
            }
        ],
        "team": "T04LDH2CNBY",
        "user_team": "T04LDH2CNBY",
        "source_team": "T04LDH2CNBY",
        "user_profile": {
            "avatar_hash": "5e6f62d55b08",
            "image_72": "https:\/\/avatars.slack-edge.com\/2023-06-16\/5432096346342_5e6f62d55b081b9b60e7_72.jpg",
            "first_name": "Hanna",
            "real_name": "Hanna Jacobson",
            "display_name": "Hanna Jacobson",
            "team": "T04LDH2CNBY",
            "name": "hanna",
            "is_restricted": false,
            "is_ultra_restricted": false
        }
    },
    {
        "client_msg_id": "5c8ec293-ec6e-4b93-8a76-384f130baa57",
        "type": "message",
        "text": "lunch",
        "user": "U04LYRG90QZ",
        "ts": "1690818875.732229",
        "blocks": [
            {
                "type": "rich_text",
                "block_id": "N3\/=L",
                "elements": [
                    {
                        "type": "rich_text_section",
                        "elements": [
                            {
                                "type": "text",
                                "text": "lunch"
                            }
                        ]
                    }
                ]
            }
        ],
        "team": "T04LDH2CNBY",
        "user_team": "T04LDH2CNBY",
        "source_team": "T04LDH2CNBY",
        "user_profile": {
            "avatar_hash": "18034abdbce3",
            "image_72": "https:\/\/avatars.slack-edge.com\/2023-01-26\/4700726977909_18034abdbce385064283_72.jpg",
            "first_name": "Virginia",
            "real_name": "Virginia",
            "display_name": "Virginia",
            "team": "T04LDH2CNBY",
            "name": "virginia",
            "is_restricted": false,
            "is_ultra_restricted": false
        }
    },
    {
        "client_msg_id": "97096d97-95c7-4f71-944f-fab5e047d558",
        "type": "message",
        "text": "good morning",
        "user": "U04LNK3DU84",
        "ts": "1690820245.563999",
        "blocks": [
            {
                "type": "rich_text",
                "block_id": "ZZK3",
                "elements": [
                    {
                        "type": "rich_text_section",
                        "elements": [
                            {
                                "type": "text",
                                "text": "good morning"
                            }
                        ]
                    }
                ]
            }
        ],
        "team": "T04LDH2CNBY",
        "user_team": "T04LDH2CNBY",
        "source_team": "T04LDH2CNBY",
        "user_profile": {
            "avatar_hash": "2ecdfc20bb56",
            "image_72": "https:\/\/avatars.slack-edge.com\/2023-01-25\/4702661419268_2ecdfc20bb56f2adcfd3_72.jpg",
            "first_name": "Eduardo",
            "real_name": "Eduardo Puyol-Martinez",
            "display_name": "Eduardo",
            "team": "T04LDH2CNBY",
            "name": "eduardo",
            "is_restricted": false,
            "is_ultra_restricted": false
        }
    },
    {
        "client_msg_id": "93c5ab63-dd88-4062-87ed-8409ece7921d",
        "type": "message",
        "text": "back",
        "user": "U04LYRG90QZ",
        "ts": "1690820335.795189",
        "blocks": [
            {
                "type": "rich_text",
                "block_id": "jxB",
                "elements": [
                    {
                        "type": "rich_text_section",
                        "elements": [
                            {
                                "type": "text",
                                "text": "back"
                            }
                        ]
                    }
                ]
            }
        ],
        "team": "T04LDH2CNBY",
        "user_team": "T04LDH2CNBY",
        "source_team": "T04LDH2CNBY",
        "user_profile": {
            "avatar_hash": "18034abdbce3",
            "image_72": "https:\/\/avatars.slack-edge.com\/2023-01-26\/4700726977909_18034abdbce385064283_72.jpg",
            "first_name": "Virginia",
            "real_name": "Virginia",
            "display_name": "Virginia",
            "team": "T04LDH2CNBY",
            "name": "virginia",
            "is_restricted": false,
            "is_ultra_restricted": false
        }
    },
    {
        "client_msg_id": "C78A9D78-1F58-4CD0-88DE-A12DD77063C8",
        "type": "message",
        "text": "In ",
        "user": "U04LL2BJ5GB",
        "ts": "1690822802.451639",
        "blocks": [
            {
                "type": "rich_text",
                "block_id": "5gyps",
                "elements": [
                    {
                        "type": "rich_text_section",
                        "elements": [
                            {
                                "type": "text",
                                "text": "In "
                            }
                        ]
                    }
                ]
            }
        ],
        "team": "T04LDH2CNBY",
        "user_team": "T04LDH2CNBY",
        "source_team": "T04LDH2CNBY",
        "user_profile": {
            "avatar_hash": "a0aaab73c433",
            "image_72": "https:\/\/avatars.slack-edge.com\/2023-06-02\/5369485068164_a0aaab73c43394143d32_72.png",
            "first_name": "Nestor",
            "real_name": "Nestor Guzman",
            "display_name": "Nestor Guzman",
            "team": "T04LDH2CNBY",
            "name": "nestor",
            "is_restricted": false,
            "is_ultra_restricted": false
        },
        "thread_ts": "1690822802.451639",
        "reply_count": 1,
        "reply_users_count": 1,
        "latest_reply": "1690851342.946169",
        "reply_users": [
            "U04LL2BJ5GB"
        ],
        "replies": [
            {
                "user": "U04LL2BJ5GB",
                "ts": "1690851342.946169"
            }
        ],
        "is_locked": false,
        "subscribed": false
    },
    {
        "type": "message",
        "text": "Morning! Sharing some venue photos here. It’s been busy but very fulfilling. Interpreters we met so far are great, delegations are coming in (we did a couple bilats this morning with the Vietnamese and Peru delegations). More to come this afternoon and in the next 3 days. <@U0576JVJF1Q> is rocking it! ",
        "files": [
            {
                "id": "F05KDFDPLKY",
                "created": 1690827452,
                "timestamp": 1690827452,
                "name": "IMG_7461.jpg",
                "title": "IMG_7461",
                "mimetype": "image\/jpeg",
                "filetype": "jpg",
                "pretty_type": "JPEG",
                "user": "U04LNKU8YF6",
                "user_team": "T04LDH2CNBY",
                "editable": false,
                "size": 1457584,
                "mode": "hosted",
                "is_external": false,
                "external_type": "",
                "is_public": true,
                "public_url_shared": false,
                "display_as_bot": false,
                "username": "",
                "url_private": "https:\/\/files.slack.com\/files-pri\/T04LDH2CNBY-F05KDFDPLKY\/img_7461.jpg?t=xoxe-4693580430406-6172009281334-6191283381473-91f87957d7d1493b6bfd4aa78cb61a3d",
                "url_private_download": "https:\/\/files.slack.com\/files-pri\/T04LDH2CNBY-F05KDFDPLKY\/download\/img_7461.jpg?t=xoxe-4693580430406-6172009281334-6191283381473-91f87957d7d1493b6bfd4aa78cb61a3d",
                "media_display_type": "unknown",
                "thumb_64": "https:\/\/files.slack.com\/files-tmb\/T04LDH2CNBY-F05KDFDPLKY-3a8707aae2\/img_7461_64.jpg?t=xoxe-4693580430406-6172009281334-6191283381473-91f87957d7d1493b6bfd4aa78cb61a3d",
                "thumb_80": "https:\/\/files.slack.com\/files-tmb\/T04LDH2CNBY-F05KDFDPLKY-3a8707aae2\/img_7461_80.jpg?t=xoxe-4693580430406-6172009281334-6191283381473-91f87957d7d1493b6bfd4aa78cb61a3d",
                "thumb_360": "https:\/\/files.slack.com\/files-tmb\/T04LDH2CNBY-F05KDFDPLKY-3a8707aae2\/img_7461_360.jpg?t=xoxe-4693580430406-6172009281334-6191283381473-91f87957d7d1493b6bfd4aa78cb61a3d",
                "thumb_360_w": 270,
                "thumb_360_h": 360,
                "thumb_480": "https:\/\/files.slack.com\/files-tmb\/T04LDH2CNBY-F05KDFDPLKY-3a8707aae2\/img_7461_480.jpg?t=xoxe-4693580430406-6172009281334-6191283381473-91f87957d7d1493b6bfd4aa78cb61a3d",
                "thumb_480_w": 360,
                "thumb_480_h": 480,
                "thumb_160": "https:\/\/files.slack.com\/files-tmb\/T04LDH2CNBY-F05KDFDPLKY-3a8707aae2\/img_7461_160.jpg?t=xoxe-4693580430406-6172009281334-6191283381473-91f87957d7d1493b6bfd4aa78cb61a3d",
                "thumb_720": "https:\/\/files.slack.com\/files-tmb\/T04LDH2CNBY-F05KDFDPLKY-3a8707aae2\/img_7461_720.jpg?t=xoxe-4693580430406-6172009281334-6191283381473-91f87957d7d1493b6bfd4aa78cb61a3d",
                "thumb_720_w": 540,
                "thumb_720_h": 720,
                "thumb_800": "https:\/\/files.slack.com\/files-tmb\/T04LDH2CNBY-F05KDFDPLKY-3a8707aae2\/img_7461_800.jpg?t=xoxe-4693580430406-6172009281334-6191283381473-91f87957d7d1493b6bfd4aa78cb61a3d",
                "thumb_800_w": 800,
                "thumb_800_h": 1067,
                "thumb_960": "https:\/\/files.slack.com\/files-tmb\/T04LDH2CNBY-F05KDFDPLKY-3a8707aae2\/img_7461_960.jpg?t=xoxe-4693580430406-6172009281334-6191283381473-91f87957d7d1493b6bfd4aa78cb61a3d",
                "thumb_960_w": 720,
                "thumb_960_h": 960,
                "thumb_1024": "https:\/\/files.slack.com\/files-tmb\/T04LDH2CNBY-F05KDFDPLKY-3a8707aae2\/img_7461_1024.jpg?t=xoxe-4693580430406-6172009281334-6191283381473-91f87957d7d1493b6bfd4aa78cb61a3d",
                "thumb_1024_w": 768,
                "thumb_1024_h": 1024,
                "original_w": 3024,
                "original_h": 4032,
                "thumb_tiny": "AwAwACScEj5ZRx2YUoQqR3HrVCG7kj4Pzr6GtG3uYpuAcN\/dNAFHaFYvj5STkfjU8caZyFBPrSzrtB2DjnimIwIA6c00InoxSJgA\/WnZFHMFjKdVC5XOfrUeSKmaOQjGPpSx27MTvHGKQwju5FXB+Ye9SpIrfMDjJpotGA79OnvQIZAgGwfpSAlE4XjBNL9oH901CUkH8FGx\/wC4aLhYugZ9aGjDDBJ\/A01xtAKkqSQPalyw9G\/SgY3yWH3ZnHseaQCXdguDx\/dp+8D7wK\/UU7G7kHt2oAiVLjH+sApdlx\/z1H5U\/Eg\/jB+q0fvf7w\/75oA\/\/9k=",
                "permalink": "https:\/\/accent-on-languages.slack.com\/files\/U04LNKU8YF6\/F05KDFDPLKY\/img_7461.jpg",
                "permalink_public": "https:\/\/slack-files.com\/T04LDH2CNBY-F05KDFDPLKY-1046e557c5",
                "is_starred": false,
                "has_rich_preview": false,
                "file_access": "visible"
            },
            {
                "id": "F05L9RU4KH6",
                "created": 1690827452,
                "timestamp": 1690827452,
                "name": "IMG_7462.jpg",
                "title": "IMG_7462",
                "mimetype": "image\/jpeg",
                "filetype": "jpg",
                "pretty_type": "JPEG",
                "user": "U04LNKU8YF6",
                "user_team": "T04LDH2CNBY",
                "editable": false,
                "size": 1198237,
                "mode": "hosted",
                "is_external": false,
                "external_type": "",
                "is_public": true,
                "public_url_shared": false,
                "display_as_bot": false,
                "username": "",
                "url_private": "https:\/\/files.slack.com\/files-pri\/T04LDH2CNBY-F05L9RU4KH6\/img_7462.jpg?t=xoxe-4693580430406-6172009281334-6191283381473-91f87957d7d1493b6bfd4aa78cb61a3d",
                "url_private_download": "https:\/\/files.slack.com\/files-pri\/T04LDH2CNBY-F05L9RU4KH6\/download\/img_7462.jpg?t=xoxe-4693580430406-6172009281334-6191283381473-91f87957d7d1493b6bfd4aa78cb61a3d",
                "media_display_type": "unknown",
                "thumb_64": "https:\/\/files.slack.com\/files-tmb\/T04LDH2CNBY-F05L9RU4KH6-ccf004f2bc\/img_7462_64.jpg?t=xoxe-4693580430406-6172009281334-6191283381473-91f87957d7d1493b6bfd4aa78cb61a3d",
                "thumb_80": "https:\/\/files.slack.com\/files-tmb\/T04LDH2CNBY-F05L9RU4KH6-ccf004f2bc\/img_7462_80.jpg?t=xoxe-4693580430406-6172009281334-6191283381473-91f87957d7d1493b6bfd4aa78cb61a3d",
                "thumb_360": "https:\/\/files.slack.com\/files-tmb\/T04LDH2CNBY-F05L9RU4KH6-ccf004f2bc\/img_7462_360.jpg?t=xoxe-4693580430406-6172009281334-6191283381473-91f87957d7d1493b6bfd4aa78cb61a3d",
                "thumb_360_w": 270,
                "thumb_360_h": 360,
                "thumb_480": "https:\/\/files.slack.com\/files-tmb\/T04LDH2CNBY-F05L9RU4KH6-ccf004f2bc\/img_7462_480.jpg?t=xoxe-4693580430406-6172009281334-6191283381473-91f87957d7d1493b6bfd4aa78cb61a3d",
                "thumb_480_w": 360,
                "thumb_480_h": 480,
                "thumb_160": "https:\/\/files.slack.com\/files-tmb\/T04LDH2CNBY-F05L9RU4KH6-ccf004f2bc\/img_7462_160.jpg?t=xoxe-4693580430406-6172009281334-6191283381473-91f87957d7d1493b6bfd4aa78cb61a3d",
                "thumb_720": "https:\/\/files.slack.com\/files-tmb\/T04LDH2CNBY-F05L9RU4KH6-ccf004f2bc\/img_7462_720.jpg?t=xoxe-4693580430406-6172009281334-6191283381473-91f87957d7d1493b6bfd4aa78cb61a3d",
                "thumb_720_w": 540,
                "thumb_720_h": 720,
                "thumb_800": "https:\/\/files.slack.com\/files-tmb\/T04LDH2CNBY-F05L9RU4KH6-ccf004f2bc\/img_7462_800.jpg?t=xoxe-4693580430406-6172009281334-6191283381473-91f87957d7d1493b6bfd4aa78cb61a3d",
                "thumb_800_w": 800,
                "thumb_800_h": 1067,
                "thumb_960": "https:\/\/files.slack.com\/files-tmb\/T04LDH2CNBY-F05L9RU4KH6-ccf004f2bc\/img_7462_960.jpg?t=xoxe-4693580430406-6172009281334-6191283381473-91f87957d7d1493b6bfd4aa78cb61a3d",
                "thumb_960_w": 720,
                "thumb_960_h": 960,
                "thumb_1024": "https:\/\/files.slack.com\/files-tmb\/T04LDH2CNBY-F05L9RU4KH6-ccf004f2bc\/img_7462_1024.jpg?t=xoxe-4693580430406-6172009281334-6191283381473-91f87957d7d1493b6bfd4aa78cb61a3d",
                "thumb_1024_w": 768,
                "thumb_1024_h": 1024,
                "original_w": 3024,
                "original_h": 4032,
                "thumb_tiny": "AwAwACTPY8YqW2TncRkEECoFBYgCr6J8qgA9DwPpQBIvKKcE+g\/vH1pSBGcv8ztkcf0p0WSuAMtj7x6CghY25yWPUnqeKBDPLkkwxfbx0AzR5D\/89T\/3yKcHkIGFGMdzS75P7q\/99UwKQkQc+WmT6cVMJlOMhgPaqRzu4qRGP40hmlG25V2sMDAwtKNqsvQcj+VUBnqDil3EfWlcLF5XUIBuFL5ieorPDepo3e9MLDNmV54NHl8cdaeKkAzQBEiMXA9asfZj3b8qkhQZBPapGb0pBciFqO7Gl+yr\/eNP3nNJvNFguf\/Z",
                "permalink": "https:\/\/accent-on-languages.slack.com\/files\/U04LNKU8YF6\/F05L9RU4KH6\/img_7462.jpg",
                "permalink_public": "https:\/\/slack-files.com\/T04LDH2CNBY-F05L9RU4KH6-2a6f7210e8",
                "is_starred": false,
                "has_rich_preview": false,
                "file_access": "visible"
            },
            {
                "id": "F05KNJ9L7HS",
                "created": 1690827453,
                "timestamp": 1690827453,
                "name": "IMG_7463.jpg",
                "title": "IMG_7463",
                "mimetype": "image\/jpeg",
                "filetype": "jpg",
                "pretty_type": "JPEG",
                "user": "U04LNKU8YF6",
                "user_team": "T04LDH2CNBY",
                "editable": false,
                "size": 1191648,
                "mode": "hosted",
                "is_external": false,
                "external_type": "",
                "is_public": true,
                "public_url_shared": false,
                "display_as_bot": false,
                "username": "",
                "url_private": "https:\/\/files.slack.com\/files-pri\/T04LDH2CNBY-F05KNJ9L7HS\/img_7463.jpg?t=xoxe-4693580430406-6172009281334-6191283381473-91f87957d7d1493b6bfd4aa78cb61a3d",
                "url_private_download": "https:\/\/files.slack.com\/files-pri\/T04LDH2CNBY-F05KNJ9L7HS\/download\/img_7463.jpg?t=xoxe-4693580430406-6172009281334-6191283381473-91f87957d7d1493b6bfd4aa78cb61a3d",
                "media_display_type": "unknown",
                "thumb_64": "https:\/\/files.slack.com\/files-tmb\/T04LDH2CNBY-F05KNJ9L7HS-5efb254479\/img_7463_64.jpg?t=xoxe-4693580430406-6172009281334-6191283381473-91f87957d7d1493b6bfd4aa78cb61a3d",
                "thumb_80": "https:\/\/files.slack.com\/files-tmb\/T04LDH2CNBY-F05KNJ9L7HS-5efb254479\/img_7463_80.jpg?t=xoxe-4693580430406-6172009281334-6191283381473-91f87957d7d1493b6bfd4aa78cb61a3d",
                "thumb_360": "https:\/\/files.slack.com\/files-tmb\/T04LDH2CNBY-F05KNJ9L7HS-5efb254479\/img_7463_360.jpg?t=xoxe-4693580430406-6172009281334-6191283381473-91f87957d7d1493b6bfd4aa78cb61a3d",
                "thumb_360_w": 270,
                "thumb_360_h": 360,
                "thumb_480": "https:\/\/files.slack.com\/files-tmb\/T04LDH2CNBY-F05KNJ9L7HS-5efb254479\/img_7463_480.jpg?t=xoxe-4693580430406-6172009281334-6191283381473-91f87957d7d1493b6bfd4aa78cb61a3d",
                "thumb_480_w": 360,
                "thumb_480_h": 480,
                "thumb_160": "https:\/\/files.slack.com\/files-tmb\/T04LDH2CNBY-F05KNJ9L7HS-5efb254479\/img_7463_160.jpg?t=xoxe-4693580430406-6172009281334-6191283381473-91f87957d7d1493b6bfd4aa78cb61a3d",
                "thumb_720": "https:\/\/files.slack.com\/files-tmb\/T04LDH2CNBY-F05KNJ9L7HS-5efb254479\/img_7463_720.jpg?t=xoxe-4693580430406-6172009281334-6191283381473-91f87957d7d1493b6bfd4aa78cb61a3d",
                "thumb_720_w": 540,
                "thumb_720_h": 720,
                "thumb_800": "https:\/\/files.slack.com\/files-tmb\/T04LDH2CNBY-F05KNJ9L7HS-5efb254479\/img_7463_800.jpg?t=xoxe-4693580430406-6172009281334-6191283381473-91f87957d7d1493b6bfd4aa78cb61a3d",
                "thumb_800_w": 800,
                "thumb_800_h": 1067,
                "thumb_960": "https:\/\/files.slack.com\/files-tmb\/T04LDH2CNBY-F05KNJ9L7HS-5efb254479\/img_7463_960.jpg?t=xoxe-4693580430406-6172009281334-6191283381473-91f87957d7d1493b6bfd4aa78cb61a3d",
                "thumb_960_w": 720,
                "thumb_960_h": 960,
                "thumb_1024": "https:\/\/files.slack.com\/files-tmb\/T04LDH2CNBY-F05KNJ9L7HS-5efb254479\/img_7463_1024.jpg?t=xoxe-4693580430406-6172009281334-6191283381473-91f87957d7d1493b6bfd4aa78cb61a3d",
                "thumb_1024_w": 768,
                "thumb_1024_h": 1024,
                "original_w": 3024,
                "original_h": 4032,
                "thumb_tiny": "AwAwACRhHFHalGMdaQmkMUEgUM3GD0pOtPSLI3Mec9PSkFhgRiM5I9qXy3\/vn86sBaNtMRXI55pMe2akA8wjPqfbjmkhU+ao9yPqMUWAQnyhzw1S2\/zQhvUmq7oGmk9N1T2QGZAO2P60ktSm9CcD1xRgeop+KMVRJn5\/linIcMGJ5FMoFIYOAXbjqamscJ5u7ocVCRUkRxmhAy2GjIznFLmP+9+tVuPXFHHqfzpiP\/\/Z",
                "permalink": "https:\/\/accent-on-languages.slack.com\/files\/U04LNKU8YF6\/F05KNJ9L7HS\/img_7463.jpg",
                "permalink_public": "https:\/\/slack-files.com\/T04LDH2CNBY-F05KNJ9L7HS-63551eb7b9",
                "is_starred": false,
                "has_rich_preview": false,
                "file_access": "visible"
            }
        ],
        "upload": false,
        "user": "U04LNKU8YF6",
        "ts": "1690827556.476749",
        "blocks": [
            {
                "type": "rich_text",
                "block_id": "\/Yf=Q",
                "elements": [
                    {
                        "type": "rich_text_section",
                        "elements": [
                            {
                                "type": "text",
                                "text": "Morning! Sharing some venue photos "
                            },
                            {
                                "type": "text",
                                "text": "here"
                            },
                            {
                                "type": "text",
                                "text": ". "
                            },
                            {
                                "type": "text",
                                "text": "It’s"
                            },
                            {
                                "type": "text",
                                "text": " been busy but very fulfilling. Interpreters we met so far are great, delegations are coming "
                            },
                            {
                                "type": "text",
                                "text": "in"
                            },
                            {
                                "type": "text",
                                "text": " (we did a couple "
                            },
                            {
                                "type": "text",
                                "text": "b"
                            },
                            {
                                "type": "text",
                                "text": "ilats this morning with the Vietnamese and Peru delegations). More to come this afternoon and in the next 3 days. "
                            },
                            {
                                "type": "user",
                                "user_id": "U0576JVJF1Q"
                            },
                            {
                                "type": "text",
                                "text": " is rocking it! "
                            }
                        ]
                    }
                ]
            }
        ],
        "client_msg_id": "4D0D2037-338B-42CF-97C0-B3B7D5858729",
        "reactions": [
            {
                "name": "raised_hands",
                "users": [
                    "U04LL2M6F99",
                    "U04LH7FMHGD",
                    "U04LL2BJ5GB"
                ],
                "count": 3
            },
            {
                "name": "heart",
                "users": [
                    "U04LL2M6F99",
                    "U0583NMRYNL",
                    "U04LYRG90QZ"
                ],
                "count": 3
            },
            {
                "name": "tada",
                "users": [
                    "U04LL2M6F99"
                ],
                "count": 1
            },
            {
                "name": "+1",
                "users": [
                    "U04LNK3DU84"
                ],
                "count": 1
            },
            {
                "name": "white_check_mark",
                "users": [
                    "U04LYRG90QZ"
                ],
                "count": 1
            }
        ]
    },
    {
        "client_msg_id": "83e381cf-6078-4f24-821b-07f9d665a91d",
        "type": "message",
        "text": "BRB",
        "user": "U04LYRG90QZ",
        "ts": "1690833553.102639",
        "blocks": [
            {
                "type": "rich_text",
                "block_id": "4D1O",
                "elements": [
                    {
                        "type": "rich_text_section",
                        "elements": [
                            {
                                "type": "text",
                                "text": "BRB"
                            }
                        ]
                    }
                ]
            }
        ],
        "team": "T04LDH2CNBY",
        "user_team": "T04LDH2CNBY",
        "source_team": "T04LDH2CNBY",
        "user_profile": {
            "avatar_hash": "18034abdbce3",
            "image_72": "https:\/\/avatars.slack-edge.com\/2023-01-26\/4700726977909_18034abdbce385064283_72.jpg",
            "first_name": "Virginia",
            "real_name": "Virginia",
            "display_name": "Virginia",
            "team": "T04LDH2CNBY",
            "name": "virginia",
            "is_restricted": false,
            "is_ultra_restricted": false
        }
    },
    {
        "client_msg_id": "12a8bf70-0656-438b-bea1-8e540f70b458",
        "type": "message",
        "text": "back",
        "user": "U04LYRG90QZ",
        "ts": "1690834896.658289",
        "blocks": [
            {
                "type": "rich_text",
                "block_id": "qhjj",
                "elements": [
                    {
                        "type": "rich_text_section",
                        "elements": [
                            {
                                "type": "text",
                                "text": "back"
                            }
                        ]
                    }
                ]
            }
        ],
        "team": "T04LDH2CNBY",
        "user_team": "T04LDH2CNBY",
        "source_team": "T04LDH2CNBY",
        "user_profile": {
            "avatar_hash": "18034abdbce3",
            "image_72": "https:\/\/avatars.slack-edge.com\/2023-01-26\/4700726977909_18034abdbce385064283_72.jpg",
            "first_name": "Virginia",
            "real_name": "Virginia",
            "display_name": "Virginia",
            "team": "T04LDH2CNBY",
            "name": "virginia",
            "is_restricted": false,
            "is_ultra_restricted": false
        }
    },
    {
        "client_msg_id": "8160a3d6-13cb-489c-8c9a-c00650cca18c",
        "type": "message",
        "text": "leaving... see you..",
        "user": "U04LYRG90QZ",
        "ts": "1690848661.655359",
        "blocks": [
            {
                "type": "rich_text",
                "block_id": "jqX",
                "elements": [
                    {
                        "type": "rich_text_section",
                        "elements": [
                            {
                                "type": "text",
                                "text": "leaving... see you.."
                            }
                        ]
                    }
                ]
            }
        ],
        "team": "T04LDH2CNBY",
        "user_team": "T04LDH2CNBY",
        "source_team": "T04LDH2CNBY",
        "user_profile": {
            "avatar_hash": "18034abdbce3",
            "image_72": "https:\/\/avatars.slack-edge.com\/2023-01-26\/4700726977909_18034abdbce385064283_72.jpg",
            "first_name": "Virginia",
            "real_name": "Virginia",
            "display_name": "Virginia",
            "team": "T04LDH2CNBY",
            "name": "virginia",
            "is_restricted": false,
            "is_ultra_restricted": false
        }
    },
    {
        "client_msg_id": "00EC87DA-6B4D-411F-8B04-FFF12E2B01FF",
        "type": "message",
        "text": "Out ",
        "user": "U04LL2BJ5GB",
        "ts": "1690851342.946169",
        "blocks": [
            {
                "type": "rich_text",
                "block_id": "NvQoi",
                "elements": [
                    {
                        "type": "rich_text_section",
                        "elements": [
                            {
                                "type": "text",
                                "text": "Out "
                            }
                        ]
                    }
                ]
            }
        ],
        "team": "T04LDH2CNBY",
        "user_team": "T04LDH2CNBY",
        "source_team": "T04LDH2CNBY",
        "user_profile": {
            "avatar_hash": "a0aaab73c433",
            "image_72": "https:\/\/avatars.slack-edge.com\/2023-06-02\/5369485068164_a0aaab73c43394143d32_72.png",
            "first_name": "Nestor",
            "real_name": "Nestor Guzman",
            "display_name": "Nestor Guzman",
            "team": "T04LDH2CNBY",
            "name": "nestor",
            "is_restricted": false,
            "is_ultra_restricted": false
        },
        "thread_ts": "1690822802.451639",
        "parent_user_id": "U04LL2BJ5GB"
    }
]