[
    {
        "client_msg_id": "fb1e16ae-9cdc-4c31-91f1-0464da1970af",
        "type": "message",
        "text": "Good Morning",
        "user": "U04LL2M6F99",
        "ts": "1692194590.445549",
        "blocks": [
            {
                "type": "rich_text",
                "block_id": "31i9",
                "elements": [
                    {
                        "type": "rich_text_section",
                        "elements": [
                            {
                                "type": "text",
                                "text": "Good Morning"
                            }
                        ]
                    }
                ]
            }
        ],
        "team": "T04LDH2CNBY",
        "user_team": "T04LDH2CNBY",
        "source_team": "T04LDH2CNBY",
        "user_profile": {
            "avatar_hash": "075a5725a539",
            "image_72": "https:\/\/avatars.slack-edge.com\/2023-02-16\/4793680204375_075a5725a53946ba72a8_72.png",
            "first_name": "Kristine",
            "real_name": "Kristine Noel",
            "display_name": "Kristine Noel",
            "team": "T04LDH2CNBY",
            "name": "kristine",
            "is_restricted": false,
            "is_ultra_restricted": false
        }
    },
    {
        "client_msg_id": "3fbf0220-04b5-4075-9784-51203c88b55b",
        "type": "message",
        "text": "morning!!",
        "user": "U04LYRG90QZ",
        "ts": "1692194601.884519",
        "blocks": [
            {
                "type": "rich_text",
                "block_id": "lBHdc",
                "elements": [
                    {
                        "type": "rich_text_section",
                        "elements": [
                            {
                                "type": "text",
                                "text": "morning!!"
                            }
                        ]
                    }
                ]
            }
        ],
        "team": "T04LDH2CNBY",
        "user_team": "T04LDH2CNBY",
        "source_team": "T04LDH2CNBY",
        "user_profile": {
            "avatar_hash": "18034abdbce3",
            "image_72": "https:\/\/avatars.slack-edge.com\/2023-01-26\/4700726977909_18034abdbce385064283_72.jpg",
            "first_name": "Virginia",
            "real_name": "Virginia",
            "display_name": "Virginia",
            "team": "T04LDH2CNBY",
            "name": "virginia",
            "is_restricted": false,
            "is_ultra_restricted": false
        }
    },
    {
        "client_msg_id": "f530a6ef-63d4-4c81-a42d-10e0ed26d3fd",
        "type": "message",
        "text": "lunch",
        "user": "U04LYRG90QZ",
        "ts": "1692199855.091519",
        "blocks": [
            {
                "type": "rich_text",
                "block_id": "l6nXC",
                "elements": [
                    {
                        "type": "rich_text_section",
                        "elements": [
                            {
                                "type": "text",
                                "text": "lunch"
                            }
                        ]
                    }
                ]
            }
        ],
        "team": "T04LDH2CNBY",
        "user_team": "T04LDH2CNBY",
        "source_team": "T04LDH2CNBY",
        "user_profile": {
            "avatar_hash": "18034abdbce3",
            "image_72": "https:\/\/avatars.slack-edge.com\/2023-01-26\/4700726977909_18034abdbce385064283_72.jpg",
            "first_name": "Virginia",
            "real_name": "Virginia",
            "display_name": "Virginia",
            "team": "T04LDH2CNBY",
            "name": "virginia",
            "is_restricted": false,
            "is_ultra_restricted": false
        }
    },
    {
        "client_msg_id": "80b1a021-08de-43de-8f2a-fcc0df2cc3cb",
        "type": "message",
        "text": "Good morning!!",
        "user": "U0583NMRYNL",
        "ts": "1692200706.271229",
        "blocks": [
            {
                "type": "rich_text",
                "block_id": "iAl",
                "elements": [
                    {
                        "type": "rich_text_section",
                        "elements": [
                            {
                                "type": "text",
                                "text": "Good morning!!"
                            }
                        ]
                    }
                ]
            }
        ],
        "team": "T04LDH2CNBY",
        "user_team": "T04LDH2CNBY",
        "source_team": "T04LDH2CNBY",
        "user_profile": {
            "avatar_hash": "5e6f62d55b08",
            "image_72": "https:\/\/avatars.slack-edge.com\/2023-06-16\/5432096346342_5e6f62d55b081b9b60e7_72.jpg",
            "first_name": "Hanna",
            "real_name": "Hanna Jacobson",
            "display_name": "Hanna Jacobson",
            "team": "T04LDH2CNBY",
            "name": "hanna",
            "is_restricted": false,
            "is_ultra_restricted": false
        }
    },
    {
        "client_msg_id": "300075eb-8aa6-4917-a611-2e765f55b137",
        "type": "message",
        "text": "back",
        "user": "U04LYRG90QZ",
        "ts": "1692200885.863079",
        "blocks": [
            {
                "type": "rich_text",
                "block_id": "ovPW",
                "elements": [
                    {
                        "type": "rich_text_section",
                        "elements": [
                            {
                                "type": "text",
                                "text": "back"
                            }
                        ]
                    }
                ]
            }
        ],
        "team": "T04LDH2CNBY",
        "user_team": "T04LDH2CNBY",
        "source_team": "T04LDH2CNBY",
        "user_profile": {
            "avatar_hash": "18034abdbce3",
            "image_72": "https:\/\/avatars.slack-edge.com\/2023-01-26\/4700726977909_18034abdbce385064283_72.jpg",
            "first_name": "Virginia",
            "real_name": "Virginia",
            "display_name": "Virginia",
            "team": "T04LDH2CNBY",
            "name": "virginia",
            "is_restricted": false,
            "is_ultra_restricted": false
        }
    },
    {
        "client_msg_id": "0e61b696-7e1d-4be5-be68-c14dabe9d9ac",
        "type": "message",
        "text": "good morning, in",
        "user": "U04LNK3DU84",
        "ts": "1692200889.965199",
        "blocks": [
            {
                "type": "rich_text",
                "block_id": "42uj",
                "elements": [
                    {
                        "type": "rich_text_section",
                        "elements": [
                            {
                                "type": "text",
                                "text": "good morning, in"
                            }
                        ]
                    }
                ]
            }
        ],
        "team": "T04LDH2CNBY",
        "user_team": "T04LDH2CNBY",
        "source_team": "T04LDH2CNBY",
        "user_profile": {
            "avatar_hash": "2ecdfc20bb56",
            "image_72": "https:\/\/avatars.slack-edge.com\/2023-01-25\/4702661419268_2ecdfc20bb56f2adcfd3_72.jpg",
            "first_name": "Eduardo",
            "real_name": "Eduardo Puyol-Martinez",
            "display_name": "Eduardo",
            "team": "T04LDH2CNBY",
            "name": "eduardo",
            "is_restricted": false,
            "is_ultra_restricted": false
        }
    },
    {
        "client_msg_id": "f11be05f-a851-4964-bb44-2e3158e2fdcb",
        "type": "message",
        "text": "Good morning!",
        "user": "U0576JVJF1Q",
        "ts": "1692201193.437529",
        "blocks": [
            {
                "type": "rich_text",
                "block_id": "z5fT5",
                "elements": [
                    {
                        "type": "rich_text_section",
                        "elements": [
                            {
                                "type": "text",
                                "text": "Good morning!"
                            }
                        ]
                    }
                ]
            }
        ],
        "team": "T04LDH2CNBY",
        "user_team": "T04LDH2CNBY",
        "source_team": "T04LDH2CNBY",
        "user_profile": {
            "avatar_hash": "g12be1dbd2bd",
            "image_72": "https:\/\/secure.gravatar.com\/avatar\/12be1dbd2bd270e15f2abc83ff193814.jpg?s=72&d=https%3A%2F%2Fa.slack-edge.com%2Fdf10d%2Fimg%2Favatars%2Fava_0010-72.png",
            "first_name": "Kai",
            "real_name": "Kai",
            "display_name": "Kai",
            "team": "T04LDH2CNBY",
            "name": "kai",
            "is_restricted": false,
            "is_ultra_restricted": false
        }
    },
    {
        "client_msg_id": "a5ac8304-93e3-4b44-a3ee-20a9e0952748",
        "type": "message",
        "text": "in",
        "user": "U04LL2BJ5GB",
        "ts": "1692204574.854019",
        "blocks": [
            {
                "type": "rich_text",
                "block_id": "+qL4s",
                "elements": [
                    {
                        "type": "rich_text_section",
                        "elements": [
                            {
                                "type": "text",
                                "text": "in"
                            }
                        ]
                    }
                ]
            }
        ],
        "team": "T04LDH2CNBY",
        "user_team": "T04LDH2CNBY",
        "source_team": "T04LDH2CNBY",
        "user_profile": {
            "avatar_hash": "a0aaab73c433",
            "image_72": "https:\/\/avatars.slack-edge.com\/2023-06-02\/5369485068164_a0aaab73c43394143d32_72.png",
            "first_name": "Nestor",
            "real_name": "Nestor Guzman",
            "display_name": "Nestor Guzman",
            "team": "T04LDH2CNBY",
            "name": "nestor",
            "is_restricted": false,
            "is_ultra_restricted": false
        },
        "thread_ts": "1692204574.854019",
        "reply_count": 1,
        "reply_users_count": 1,
        "latest_reply": "1692234264.687119",
        "reply_users": [
            "U04LL2BJ5GB"
        ],
        "replies": [
            {
                "user": "U04LL2BJ5GB",
                "ts": "1692234264.687119"
            }
        ],
        "is_locked": false,
        "subscribed": false
    },
    {
        "client_msg_id": "37219e14-b10b-493f-98a7-c2f39dc77eb1",
        "type": "message",
        "text": "Hello <!channel> just a quick mention, Virginia had a good question today, for the New Zealand interpreter, instead of a W9 we have to ask for a W8-BEN form.....<https:\/\/www.irs.gov\/forms-pubs\/about-form-w-8-ben> , this is more common for translators who are outside the US, but with video interpreting being more prominent, I can see more W8s coming in the future for interpreting....you can share the IRS link if any linguist has questions about the W8 , thank you!",
        "user": "U04LNK3DU84",
        "ts": "1692216450.109479",
        "blocks": [
            {
                "type": "rich_text",
                "block_id": "lS65",
                "elements": [
                    {
                        "type": "rich_text_section",
                        "elements": [
                            {
                                "type": "text",
                                "text": "Hello "
                            },
                            {
                                "type": "broadcast",
                                "range": "channel"
                            },
                            {
                                "type": "text",
                                "text": " just a quick mention, Virginia had a good question today, for the New Zealand interpreter, instead of a W9 we have to ask for a W8-BEN form....."
                            },
                            {
                                "type": "link",
                                "url": "https:\/\/www.irs.gov\/forms-pubs\/about-form-w-8-ben"
                            },
                            {
                                "type": "text",
                                "text": " , this is more common for translators who are outside the US, but with video interpreting being more prominent, I can see more W8s coming in the future for interpreting....you can share the IRS link if any linguist has questions about the W8 , thank you!"
                            }
                        ]
                    }
                ]
            }
        ],
        "team": "T04LDH2CNBY",
        "user_team": "T04LDH2CNBY",
        "source_team": "T04LDH2CNBY",
        "user_profile": {
            "avatar_hash": "2ecdfc20bb56",
            "image_72": "https:\/\/avatars.slack-edge.com\/2023-01-25\/4702661419268_2ecdfc20bb56f2adcfd3_72.jpg",
            "first_name": "Eduardo",
            "real_name": "Eduardo Puyol-Martinez",
            "display_name": "Eduardo",
            "team": "T04LDH2CNBY",
            "name": "eduardo",
            "is_restricted": false,
            "is_ultra_restricted": false
        },
        "attachments": [
            {
                "from_url": "https:\/\/www.irs.gov\/forms-pubs\/about-form-w-8-ben",
                "service_icon": "https:\/\/www.irs.gov\/themes\/custom\/pup_base\/favicon.ico",
                "thumb_url": "https:\/\/www.irs.gov\/pub\/image\/logo_small.jpg",
                "thumb_width": 200,
                "thumb_height": 200,
                "id": 1,
                "original_url": "https:\/\/www.irs.gov\/forms-pubs\/about-form-w-8-ben",
                "fallback": "About Form W-8 BEN, Certificate of Foreign Status of Beneficial Owner for United States Tax Withholding and Reporting (Individuals) | Internal Revenue Service",
                "text": "Give Form W-8 BEN to the withholding agent or payer if you are a foreign person and you are the beneficial owner of an amount subject to withholding.\n\nSubmit Form W-8 BEN when requested by the withholding agent or payer whether or not you are claiming a reduced rate of, or exemption from, withholding.",
                "title": "About Form W-8 BEN, Certificate of Foreign Status of Beneficial Owner for United States Tax Withholding and Reporting (Individuals) | Internal Revenue Service",
                "title_link": "https:\/\/www.irs.gov\/forms-pubs\/about-form-w-8-ben",
                "service_name": "irs.gov"
            }
        ],
        "reactions": [
            {
                "name": "white_check_mark",
                "users": [
                    "U04LYRG90QZ",
                    "U0576JVJF1Q"
                ],
                "count": 2
            }
        ]
    },
    {
        "client_msg_id": "f190711d-1ddc-41e9-819a-bee6a05ab04b",
        "type": "message",
        "text": "brb",
        "user": "U04LYRG90QZ",
        "ts": "1692217942.481109",
        "blocks": [
            {
                "type": "rich_text",
                "block_id": "\/9W",
                "elements": [
                    {
                        "type": "rich_text_section",
                        "elements": [
                            {
                                "type": "text",
                                "text": "brb"
                            }
                        ]
                    }
                ]
            }
        ],
        "team": "T04LDH2CNBY",
        "user_team": "T04LDH2CNBY",
        "source_team": "T04LDH2CNBY",
        "user_profile": {
            "avatar_hash": "18034abdbce3",
            "image_72": "https:\/\/avatars.slack-edge.com\/2023-01-26\/4700726977909_18034abdbce385064283_72.jpg",
            "first_name": "Virginia",
            "real_name": "Virginia",
            "display_name": "Virginia",
            "team": "T04LDH2CNBY",
            "name": "virginia",
            "is_restricted": false,
            "is_ultra_restricted": false
        }
    },
    {
        "client_msg_id": "7d2458c7-a1f3-4308-a6a0-482605fe1ef9",
        "type": "message",
        "text": "back",
        "user": "U04LYRG90QZ",
        "ts": "1692219414.764909",
        "blocks": [
            {
                "type": "rich_text",
                "block_id": "bcn0k",
                "elements": [
                    {
                        "type": "rich_text_section",
                        "elements": [
                            {
                                "type": "text",
                                "text": "back"
                            }
                        ]
                    }
                ]
            }
        ],
        "team": "T04LDH2CNBY",
        "user_team": "T04LDH2CNBY",
        "source_team": "T04LDH2CNBY",
        "user_profile": {
            "avatar_hash": "18034abdbce3",
            "image_72": "https:\/\/avatars.slack-edge.com\/2023-01-26\/4700726977909_18034abdbce385064283_72.jpg",
            "first_name": "Virginia",
            "real_name": "Virginia",
            "display_name": "Virginia",
            "team": "T04LDH2CNBY",
            "name": "virginia",
            "is_restricted": false,
            "is_ultra_restricted": false
        }
    },
    {
        "client_msg_id": "0011d656-d84e-4a12-ae26-ea241bd338c1",
        "type": "message",
        "text": "Hi <!here> Please do not forget to update the Meeting agenda for tomorrow's meeting. Thank you!",
        "user": "U04LL2M6F99",
        "ts": "1692219752.510769",
        "blocks": [
            {
                "type": "rich_text",
                "block_id": "T2j",
                "elements": [
                    {
                        "type": "rich_text_section",
                        "elements": [
                            {
                                "type": "text",
                                "text": "Hi "
                            },
                            {
                                "type": "broadcast",
                                "range": "here"
                            },
                            {
                                "type": "text",
                                "text": " Please do not forget to update the Meeting agenda for tomorrow's meeting. Thank you!"
                            }
                        ]
                    }
                ]
            }
        ],
        "team": "T04LDH2CNBY",
        "user_team": "T04LDH2CNBY",
        "source_team": "T04LDH2CNBY",
        "user_profile": {
            "avatar_hash": "075a5725a539",
            "image_72": "https:\/\/avatars.slack-edge.com\/2023-02-16\/4793680204375_075a5725a53946ba72a8_72.png",
            "first_name": "Kristine",
            "real_name": "Kristine Noel",
            "display_name": "Kristine Noel",
            "team": "T04LDH2CNBY",
            "name": "kristine",
            "is_restricted": false,
            "is_ultra_restricted": false
        },
        "reactions": [
            {
                "name": "eyes",
                "users": [
                    "U04LYRG90QZ",
                    "U0576JVJF1Q"
                ],
                "count": 2
            },
            {
                "name": "+1",
                "users": [
                    "U0583NMRYNL"
                ],
                "count": 1
            }
        ]
    },
    {
        "client_msg_id": "183c0795-fe52-437c-9505-7070cbaafccd",
        "type": "message",
        "text": "i'm leaving...  byeee",
        "user": "U04LYRG90QZ",
        "ts": "1692227914.719199",
        "blocks": [
            {
                "type": "rich_text",
                "block_id": "Lz0j",
                "elements": [
                    {
                        "type": "rich_text_section",
                        "elements": [
                            {
                                "type": "text",
                                "text": "i'm leaving...  byeee"
                            }
                        ]
                    }
                ]
            }
        ],
        "team": "T04LDH2CNBY",
        "user_team": "T04LDH2CNBY",
        "source_team": "T04LDH2CNBY",
        "user_profile": {
            "avatar_hash": "18034abdbce3",
            "image_72": "https:\/\/avatars.slack-edge.com\/2023-01-26\/4700726977909_18034abdbce385064283_72.jpg",
            "first_name": "Virginia",
            "real_name": "Virginia",
            "display_name": "Virginia",
            "team": "T04LDH2CNBY",
            "name": "virginia",
            "is_restricted": false,
            "is_ultra_restricted": false
        }
    },
    {
        "client_msg_id": "6431c18b-ad2c-45cf-b3a0-28737177ffe3",
        "type": "message",
        "text": "out",
        "user": "U04LL2BJ5GB",
        "ts": "1692234264.687119",
        "blocks": [
            {
                "type": "rich_text",
                "block_id": "Yiyj",
                "elements": [
                    {
                        "type": "rich_text_section",
                        "elements": [
                            {
                                "type": "text",
                                "text": "out"
                            }
                        ]
                    }
                ]
            }
        ],
        "team": "T04LDH2CNBY",
        "user_team": "T04LDH2CNBY",
        "source_team": "T04LDH2CNBY",
        "user_profile": {
            "avatar_hash": "a0aaab73c433",
            "image_72": "https:\/\/avatars.slack-edge.com\/2023-06-02\/5369485068164_a0aaab73c43394143d32_72.png",
            "first_name": "Nestor",
            "real_name": "Nestor Guzman",
            "display_name": "Nestor Guzman",
            "team": "T04LDH2CNBY",
            "name": "nestor",
            "is_restricted": false,
            "is_ultra_restricted": false
        },
        "thread_ts": "1692204574.854019",
        "parent_user_id": "U04LL2BJ5GB"
    },
    {
        "client_msg_id": "4c8537a4-cd11-4a5e-a094-8672383bd74f",
        "type": "message",
        "text": "out",
        "user": "U04LNK3DU84",
        "ts": "1692237745.129489",
        "blocks": [
            {
                "type": "rich_text",
                "block_id": "uCNak",
                "elements": [
                    {
                        "type": "rich_text_section",
                        "elements": [
                            {
                                "type": "text",
                                "text": "out"
                            }
                        ]
                    }
                ]
            }
        ],
        "team": "T04LDH2CNBY",
        "user_team": "T04LDH2CNBY",
        "source_team": "T04LDH2CNBY",
        "user_profile": {
            "avatar_hash": "2ecdfc20bb56",
            "image_72": "https:\/\/avatars.slack-edge.com\/2023-01-25\/4702661419268_2ecdfc20bb56f2adcfd3_72.jpg",
            "first_name": "Eduardo",
            "real_name": "Eduardo Puyol-Martinez",
            "display_name": "Eduardo",
            "team": "T04LDH2CNBY",
            "name": "eduardo",
            "is_restricted": false,
            "is_ultra_restricted": false
        }
    }
]