[
    {
        "client_msg_id": "6f82cf02-fee7-4f1d-b13f-fa1111a18f2a",
        "type": "message",
        "text": "Good Morning",
        "user": "U04LL2M6F99",
        "ts": "1675866493.476609",
        "blocks": [
            {
                "type": "rich_text",
                "block_id": "w3k",
                "elements": [
                    {
                        "type": "rich_text_section",
                        "elements": [
                            {
                                "type": "text",
                                "text": "Good Morning"
                            }
                        ]
                    }
                ]
            }
        ],
        "team": "T04LDH2CNBY",
        "user_team": "T04LDH2CNBY",
        "source_team": "T04LDH2CNBY",
        "user_profile": {
            "avatar_hash": "075a5725a539",
            "image_72": "https:\/\/avatars.slack-edge.com\/2023-02-16\/4793680204375_075a5725a53946ba72a8_72.png",
            "first_name": "Kristine",
            "real_name": "Kristine Noel",
            "display_name": "Kristine Noel",
            "team": "T04LDH2CNBY",
            "name": "kristine",
            "is_restricted": false,
            "is_ultra_restricted": false
        }
    },
    {
        "client_msg_id": "b6f8fdc1-854b-4833-845f-4063bb356e2c",
        "type": "message",
        "text": "Morning team! no powercut.... at least for now.. if I disappear you know there's a powercut",
        "user": "U04LYRG90QZ",
        "ts": "1675868414.128849",
        "blocks": [
            {
                "type": "rich_text",
                "block_id": "Ieb",
                "elements": [
                    {
                        "type": "rich_text_section",
                        "elements": [
                            {
                                "type": "text",
                                "text": "Morning team! no powercut.... at least for now.. if I disappear you know there's a powercut"
                            }
                        ]
                    }
                ]
            }
        ],
        "team": "T04LDH2CNBY",
        "user_team": "T04LDH2CNBY",
        "source_team": "T04LDH2CNBY",
        "user_profile": {
            "avatar_hash": "18034abdbce3",
            "image_72": "https:\/\/avatars.slack-edge.com\/2023-01-26\/4700726977909_18034abdbce385064283_72.jpg",
            "first_name": "Virginia",
            "real_name": "Virginia",
            "display_name": "Virginia",
            "team": "T04LDH2CNBY",
            "name": "virginia",
            "is_restricted": false,
            "is_ultra_restricted": false
        }
    },
    {
        "client_msg_id": "f08d5c36-cdf1-4eb0-8dc8-a9768b77511a",
        "type": "message",
        "text": "in",
        "user": "U04LDKWRDB8",
        "ts": "1675876536.323689",
        "blocks": [
            {
                "type": "rich_text",
                "block_id": "KPk6",
                "elements": [
                    {
                        "type": "rich_text_section",
                        "elements": [
                            {
                                "type": "text",
                                "text": "in"
                            }
                        ]
                    }
                ]
            }
        ],
        "team": "T04LDH2CNBY",
        "user_team": "T04LDH2CNBY",
        "source_team": "T04LDH2CNBY",
        "user_profile": {
            "avatar_hash": "a437520525b3",
            "image_72": "https:\/\/avatars.slack-edge.com\/2023-01-31\/4728630296242_a437520525b309207ab3_72.png",
            "first_name": "Kelly",
            "real_name": "Kelly Moody",
            "display_name": "Kelly Moody",
            "team": "T04LDH2CNBY",
            "name": "kelly",
            "is_restricted": false,
            "is_ultra_restricted": false
        }
    },
    {
        "client_msg_id": "D602913B-2BDF-454B-9D37-30066F14C9B7",
        "type": "message",
        "text": "In ",
        "user": "U04LL2BJ5GB",
        "ts": "1675879305.946759",
        "blocks": [
            {
                "type": "rich_text",
                "block_id": "A4BIM",
                "elements": [
                    {
                        "type": "rich_text_section",
                        "elements": [
                            {
                                "type": "text",
                                "text": "In "
                            }
                        ]
                    }
                ]
            }
        ],
        "team": "T04LDH2CNBY",
        "user_team": "T04LDH2CNBY",
        "source_team": "T04LDH2CNBY",
        "user_profile": {
            "avatar_hash": "a0aaab73c433",
            "image_72": "https:\/\/avatars.slack-edge.com\/2023-06-02\/5369485068164_a0aaab73c43394143d32_72.png",
            "first_name": "Nestor",
            "real_name": "Nestor Guzman",
            "display_name": "Nestor Guzman",
            "team": "T04LDH2CNBY",
            "name": "nestor",
            "is_restricted": false,
            "is_ultra_restricted": false
        },
        "thread_ts": "1675879305.946759",
        "reply_count": 1,
        "reply_users_count": 1,
        "latest_reply": "1675905336.693029",
        "reply_users": [
            "U04LL2BJ5GB"
        ],
        "replies": [
            {
                "user": "U04LL2BJ5GB",
                "ts": "1675905336.693029"
            }
        ],
        "is_locked": false,
        "subscribed": false
    },
    {
        "client_msg_id": "a0a38e9b-c01a-4d2e-a0e0-2cc6139941ed",
        "type": "message",
        "text": "In",
        "user": "U04LNK3DU84",
        "ts": "1675880281.051639",
        "blocks": [
            {
                "type": "rich_text",
                "block_id": "nl0HH",
                "elements": [
                    {
                        "type": "rich_text_section",
                        "elements": [
                            {
                                "type": "text",
                                "text": "In"
                            }
                        ]
                    }
                ]
            }
        ],
        "team": "T04LDH2CNBY",
        "user_team": "T04LDH2CNBY",
        "source_team": "T04LDH2CNBY",
        "user_profile": {
            "avatar_hash": "2ecdfc20bb56",
            "image_72": "https:\/\/avatars.slack-edge.com\/2023-01-25\/4702661419268_2ecdfc20bb56f2adcfd3_72.jpg",
            "first_name": "Eduardo",
            "real_name": "Eduardo Puyol-Martinez",
            "display_name": "Eduardo",
            "team": "T04LDH2CNBY",
            "name": "eduardo",
            "is_restricted": false,
            "is_ultra_restricted": false
        }
    },
    {
        "client_msg_id": "ead39180-cb9c-4ef5-9b5a-1c6cca96b2e0",
        "type": "message",
        "text": "Back in 30",
        "user": "U04LDKWRDB8",
        "ts": "1675887548.221929",
        "blocks": [
            {
                "type": "rich_text",
                "block_id": "SksD",
                "elements": [
                    {
                        "type": "rich_text_section",
                        "elements": [
                            {
                                "type": "text",
                                "text": "Back in 30"
                            }
                        ]
                    }
                ]
            }
        ],
        "team": "T04LDH2CNBY",
        "user_team": "T04LDH2CNBY",
        "source_team": "T04LDH2CNBY",
        "user_profile": {
            "avatar_hash": "a437520525b3",
            "image_72": "https:\/\/avatars.slack-edge.com\/2023-01-31\/4728630296242_a437520525b309207ab3_72.png",
            "first_name": "Kelly",
            "real_name": "Kelly Moody",
            "display_name": "Kelly Moody",
            "team": "T04LDH2CNBY",
            "name": "kelly",
            "is_restricted": false,
            "is_ultra_restricted": false
        }
    },
    {
        "client_msg_id": "c7435088-b353-4646-bb02-3517327fdccd",
        "type": "message",
        "text": "I just wanted to share a little story - when Spanish interpreter Joseph Mutti finished a job today at Bay MTU the supervisor called him over and said she needed to talk to him privately in another room. When she opened the door to the room the whole staff was there to surprise him with a birthday cake and they all celebrated his bday with him. This put a big smile on my face.",
        "user": "U04LDKWRDB8",
        "ts": "1675890769.369689",
        "blocks": [
            {
                "type": "rich_text",
                "block_id": "33ey",
                "elements": [
                    {
                        "type": "rich_text_section",
                        "elements": [
                            {
                                "type": "text",
                                "text": "I just wanted to share a little story - when Spanish interpreter Joseph Mutti finished a job today at Bay MTU the supervisor called him over and said she needed to talk to him privately in another room. When she opened the door to the room the whole staff was there to surprise him with a birthday cake and they all celebrated his bday with him. This put a big smile on my face."
                            }
                        ]
                    }
                ]
            }
        ],
        "team": "T04LDH2CNBY",
        "user_team": "T04LDH2CNBY",
        "source_team": "T04LDH2CNBY",
        "user_profile": {
            "avatar_hash": "a437520525b3",
            "image_72": "https:\/\/avatars.slack-edge.com\/2023-01-31\/4728630296242_a437520525b309207ab3_72.png",
            "first_name": "Kelly",
            "real_name": "Kelly Moody",
            "display_name": "Kelly Moody",
            "team": "T04LDH2CNBY",
            "name": "kelly",
            "is_restricted": false,
            "is_ultra_restricted": false
        },
        "thread_ts": "1675890769.369689",
        "reply_count": 2,
        "reply_users_count": 2,
        "latest_reply": "1675893543.777789",
        "reply_users": [
            "U04LL2BJ5GB",
            "U04LH7FMHGD"
        ],
        "replies": [
            {
                "user": "U04LL2BJ5GB",
                "ts": "1675892251.031109"
            },
            {
                "user": "U04LH7FMHGD",
                "ts": "1675893543.777789"
            }
        ],
        "is_locked": false,
        "subscribed": false,
        "reactions": [
            {
                "name": "birthday",
                "users": [
                    "U04LNK3DU84",
                    "U04LYRG90QZ"
                ],
                "count": 2
            },
            {
                "name": "heart",
                "users": [
                    "U04LL2BJ5GB"
                ],
                "count": 1
            },
            {
                "name": "raised_hands",
                "users": [
                    "U04LH7FMHGD"
                ],
                "count": 1
            }
        ]
    },
    {
        "client_msg_id": "b6a9c6c2-6910-40a7-b08c-6b597d044473",
        "type": "message",
        "text": "That's awesome!!!! Congrats to him!!",
        "user": "U04LYRG90QZ",
        "ts": "1675891134.396149",
        "blocks": [
            {
                "type": "rich_text",
                "block_id": "F8N",
                "elements": [
                    {
                        "type": "rich_text_section",
                        "elements": [
                            {
                                "type": "text",
                                "text": "That's awesome!!!! Congrats to him!!"
                            }
                        ]
                    }
                ]
            }
        ],
        "team": "T04LDH2CNBY",
        "user_team": "T04LDH2CNBY",
        "source_team": "T04LDH2CNBY",
        "user_profile": {
            "avatar_hash": "18034abdbce3",
            "image_72": "https:\/\/avatars.slack-edge.com\/2023-01-26\/4700726977909_18034abdbce385064283_72.jpg",
            "first_name": "Virginia",
            "real_name": "Virginia",
            "display_name": "Virginia",
            "team": "T04LDH2CNBY",
            "name": "virginia",
            "is_restricted": false,
            "is_ultra_restricted": false
        }
    },
    {
        "client_msg_id": "9832c6ff-5498-46ee-98a2-ae5ab4acdcbc",
        "type": "message",
        "text": "Well deserved! Love Joseph",
        "user": "U04LL2BJ5GB",
        "ts": "1675892251.031109",
        "blocks": [
            {
                "type": "rich_text",
                "block_id": "q7cJ9",
                "elements": [
                    {
                        "type": "rich_text_section",
                        "elements": [
                            {
                                "type": "text",
                                "text": "Well deserved! Love Joseph"
                            }
                        ]
                    }
                ]
            }
        ],
        "team": "T04LDH2CNBY",
        "user_team": "T04LDH2CNBY",
        "source_team": "T04LDH2CNBY",
        "user_profile": {
            "avatar_hash": "a0aaab73c433",
            "image_72": "https:\/\/avatars.slack-edge.com\/2023-06-02\/5369485068164_a0aaab73c43394143d32_72.png",
            "first_name": "Nestor",
            "real_name": "Nestor Guzman",
            "display_name": "Nestor Guzman",
            "team": "T04LDH2CNBY",
            "name": "nestor",
            "is_restricted": false,
            "is_ultra_restricted": false
        },
        "thread_ts": "1675890769.369689",
        "parent_user_id": "U04LDKWRDB8",
        "reactions": [
            {
                "name": "heart",
                "users": [
                    "U04LDKWRDB8"
                ],
                "count": 1
            }
        ]
    },
    {
        "client_msg_id": "b26fdf5e-a54e-4901-b9f7-7a26340de394",
        "type": "message",
        "text": "Happy birthday to Joseph! Send him my best wishes!",
        "user": "U04LH7FMHGD",
        "ts": "1675893543.777789",
        "blocks": [
            {
                "type": "rich_text",
                "block_id": "hgqw8",
                "elements": [
                    {
                        "type": "rich_text_section",
                        "elements": [
                            {
                                "type": "text",
                                "text": "Happy birthday to Joseph! Send him my best wishes!"
                            }
                        ]
                    }
                ]
            }
        ],
        "team": "T04LDH2CNBY",
        "user_team": "T04LDH2CNBY",
        "source_team": "T04LDH2CNBY",
        "user_profile": {
            "avatar_hash": "g265bf305f0f",
            "image_72": "https:\/\/secure.gravatar.com\/avatar\/265bf305f0fb80067245ba0e6117995c.jpg?s=72&d=https%3A%2F%2Fa.slack-edge.com%2Fdf10d%2Fimg%2Favatars%2Fava_0019-72.png",
            "first_name": "Baoze",
            "real_name": "Baoze Zhang",
            "display_name": "Baoze Zhang",
            "team": "T04LDH2CNBY",
            "name": "baoze",
            "is_restricted": false,
            "is_ultra_restricted": false
        },
        "thread_ts": "1675890769.369689",
        "parent_user_id": "U04LDKWRDB8",
        "reactions": [
            {
                "name": "+1",
                "users": [
                    "U04LDKWRDB8"
                ],
                "count": 1
            }
        ]
    },
    {
        "client_msg_id": "52c73eb1-33b1-4ca8-bad9-b2ba0933bed9",
        "type": "message",
        "text": "BRB ..",
        "user": "U04LYRG90QZ",
        "ts": "1675896760.038609",
        "blocks": [
            {
                "type": "rich_text",
                "block_id": "Y=G",
                "elements": [
                    {
                        "type": "rich_text_section",
                        "elements": [
                            {
                                "type": "text",
                                "text": "BRB .."
                            }
                        ]
                    }
                ]
            }
        ],
        "team": "T04LDH2CNBY",
        "user_team": "T04LDH2CNBY",
        "source_team": "T04LDH2CNBY",
        "user_profile": {
            "avatar_hash": "18034abdbce3",
            "image_72": "https:\/\/avatars.slack-edge.com\/2023-01-26\/4700726977909_18034abdbce385064283_72.jpg",
            "first_name": "Virginia",
            "real_name": "Virginia",
            "display_name": "Virginia",
            "team": "T04LDH2CNBY",
            "name": "virginia",
            "is_restricted": false,
            "is_ultra_restricted": false
        }
    },
    {
        "client_msg_id": "fca79f16-80cd-4b09-8d1e-9a2ae1ff061b",
        "type": "message",
        "text": "back",
        "user": "U04LYRG90QZ",
        "ts": "1675897973.562089",
        "blocks": [
            {
                "type": "rich_text",
                "block_id": "lHN88",
                "elements": [
                    {
                        "type": "rich_text_section",
                        "elements": [
                            {
                                "type": "text",
                                "text": "back"
                            }
                        ]
                    }
                ]
            }
        ],
        "team": "T04LDH2CNBY",
        "user_team": "T04LDH2CNBY",
        "source_team": "T04LDH2CNBY",
        "user_profile": {
            "avatar_hash": "18034abdbce3",
            "image_72": "https:\/\/avatars.slack-edge.com\/2023-01-26\/4700726977909_18034abdbce385064283_72.jpg",
            "first_name": "Virginia",
            "real_name": "Virginia",
            "display_name": "Virginia",
            "team": "T04LDH2CNBY",
            "name": "virginia",
            "is_restricted": false,
            "is_ultra_restricted": false
        }
    },
    {
        "client_msg_id": "0b4452cc-0760-4513-877a-02902a8d7a55",
        "type": "message",
        "text": "I'm leaving team.. see you all tomorrow..",
        "user": "U04LYRG90QZ",
        "ts": "1675901697.211639",
        "blocks": [
            {
                "type": "rich_text",
                "block_id": "vg0",
                "elements": [
                    {
                        "type": "rich_text_section",
                        "elements": [
                            {
                                "type": "text",
                                "text": "I'm leaving team.. see you all tomorrow.."
                            }
                        ]
                    }
                ]
            }
        ],
        "team": "T04LDH2CNBY",
        "user_team": "T04LDH2CNBY",
        "source_team": "T04LDH2CNBY",
        "user_profile": {
            "avatar_hash": "18034abdbce3",
            "image_72": "https:\/\/avatars.slack-edge.com\/2023-01-26\/4700726977909_18034abdbce385064283_72.jpg",
            "first_name": "Virginia",
            "real_name": "Virginia",
            "display_name": "Virginia",
            "team": "T04LDH2CNBY",
            "name": "virginia",
            "is_restricted": false,
            "is_ultra_restricted": false
        },
        "edited": {
            "user": "U04LYRG90QZ",
            "ts": "1675901703.000000"
        }
    },
    {
        "client_msg_id": "88be8b02-dd0b-40c7-92cb-89023b7b46e5",
        "type": "message",
        "text": "Out",
        "user": "U04LL2BJ5GB",
        "ts": "1675905336.693029",
        "blocks": [
            {
                "type": "rich_text",
                "block_id": "5aj",
                "elements": [
                    {
                        "type": "rich_text_section",
                        "elements": [
                            {
                                "type": "text",
                                "text": "Out"
                            }
                        ]
                    }
                ]
            }
        ],
        "team": "T04LDH2CNBY",
        "user_team": "T04LDH2CNBY",
        "source_team": "T04LDH2CNBY",
        "user_profile": {
            "avatar_hash": "a0aaab73c433",
            "image_72": "https:\/\/avatars.slack-edge.com\/2023-06-02\/5369485068164_a0aaab73c43394143d32_72.png",
            "first_name": "Nestor",
            "real_name": "Nestor Guzman",
            "display_name": "Nestor Guzman",
            "team": "T04LDH2CNBY",
            "name": "nestor",
            "is_restricted": false,
            "is_ultra_restricted": false
        },
        "thread_ts": "1675879305.946759",
        "parent_user_id": "U04LL2BJ5GB"
    },
    {
        "client_msg_id": "98e29737-9bf1-407f-82c2-00807fc4373b",
        "type": "message",
        "text": "out",
        "user": "U04LNK3DU84",
        "ts": "1675911687.934839",
        "blocks": [
            {
                "type": "rich_text",
                "block_id": "phcq+",
                "elements": [
                    {
                        "type": "rich_text_section",
                        "elements": [
                            {
                                "type": "text",
                                "text": "out"
                            }
                        ]
                    }
                ]
            }
        ],
        "team": "T04LDH2CNBY",
        "user_team": "T04LDH2CNBY",
        "source_team": "T04LDH2CNBY",
        "user_profile": {
            "avatar_hash": "2ecdfc20bb56",
            "image_72": "https:\/\/avatars.slack-edge.com\/2023-01-25\/4702661419268_2ecdfc20bb56f2adcfd3_72.jpg",
            "first_name": "Eduardo",
            "real_name": "Eduardo Puyol-Martinez",
            "display_name": "Eduardo",
            "team": "T04LDH2CNBY",
            "name": "eduardo",
            "is_restricted": false,
            "is_ultra_restricted": false
        }
    },
    {
        "client_msg_id": "f0d72724-d72c-4724-ac99-eb35caebca5a",
        "type": "message",
        "text": "Hi <@U04LNK3DU84> <@U04LH7FMHGD> <@U04LDKWRDB8> just to provide some clarification in case you are wondering (<@U04LL2BJ5GB> and I already chatted about this earlier):\n\nAfter you sign up with Human Interest, your previous Primark account balance will be rolled over automatically on 3\/16\/23 during the blackout period. You don't need to reach out to Primark at all to request for any rollover.\n\nI promise everything will be much easier and more intuitive once we move over to HI. Let me know if I can help answer any other questions, thanks!",
        "user": "U04LNKU8YF6",
        "ts": "1675914900.972389",
        "blocks": [
            {
                "type": "rich_text",
                "block_id": "Sp0\/h",
                "elements": [
                    {
                        "type": "rich_text_section",
                        "elements": [
                            {
                                "type": "text",
                                "text": "Hi "
                            },
                            {
                                "type": "user",
                                "user_id": "U04LNK3DU84"
                            },
                            {
                                "type": "text",
                                "text": " "
                            },
                            {
                                "type": "user",
                                "user_id": "U04LH7FMHGD"
                            },
                            {
                                "type": "text",
                                "text": " "
                            },
                            {
                                "type": "user",
                                "user_id": "U04LDKWRDB8"
                            },
                            {
                                "type": "text",
                                "text": " just to provide some clarification in case you are wondering ("
                            },
                            {
                                "type": "user",
                                "user_id": "U04LL2BJ5GB"
                            },
                            {
                                "type": "text",
                                "text": " and I already chatted about this earlier):\n\nAfter you sign up with Human Interest, your previous Primark account balance will be rolled over automatically on 3\/16\/23 during the blackout period. You don't need to reach out to Primark at all to request for any rollover.\n\nI promise everything will be much easier and more intuitive once we move over to HI. Let me know if I can help answer any other questions, thanks!"
                            }
                        ]
                    }
                ]
            }
        ],
        "team": "T04LDH2CNBY",
        "user_team": "T04LDH2CNBY",
        "source_team": "T04LDH2CNBY",
        "user_profile": {
            "avatar_hash": "212b82b4d92e",
            "image_72": "https:\/\/avatars.slack-edge.com\/2023-01-25\/4700546482018_212b82b4d92ed2471a10_72.jpg",
            "first_name": "Caroline",
            "real_name": "Caroline Lee",
            "display_name": "Caroline Lee",
            "team": "T04LDH2CNBY",
            "name": "caroline",
            "is_restricted": false,
            "is_ultra_restricted": false
        },
        "reactions": [
            {
                "name": "+1",
                "users": [
                    "U04LNK3DU84"
                ],
                "count": 1
            }
        ]
    },
    {
        "type": "message",
        "text": "sounds good, indeed, the HI portfolio tool is great...\nI assume that means we can ignore the message below in our HI profile? thank you!",
        "files": [
            {
                "id": "F04P5JP645P",
                "created": 1675924604,
                "timestamp": 1675924604,
                "name": "image.png",
                "title": "image.png",
                "mimetype": "image\/png",
                "filetype": "png",
                "pretty_type": "PNG",
                "user": "U04LNK3DU84",
                "user_team": "T04LDH2CNBY",
                "editable": false,
                "size": 27184,
                "mode": "hosted",
                "is_external": false,
                "external_type": "",
                "is_public": true,
                "public_url_shared": false,
                "display_as_bot": false,
                "username": "",
                "url_private": "https:\/\/files.slack.com\/files-pri\/T04LDH2CNBY-F04P5JP645P\/image.png?t=xoxe-4693580430406-6172009281334-6191283381473-91f87957d7d1493b6bfd4aa78cb61a3d",
                "url_private_download": "https:\/\/files.slack.com\/files-pri\/T04LDH2CNBY-F04P5JP645P\/download\/image.png?t=xoxe-4693580430406-6172009281334-6191283381473-91f87957d7d1493b6bfd4aa78cb61a3d",
                "media_display_type": "unknown",
                "thumb_64": "https:\/\/files.slack.com\/files-tmb\/T04LDH2CNBY-F04P5JP645P-cad393d8f6\/image_64.png?t=xoxe-4693580430406-6172009281334-6191283381473-91f87957d7d1493b6bfd4aa78cb61a3d",
                "thumb_80": "https:\/\/files.slack.com\/files-tmb\/T04LDH2CNBY-F04P5JP645P-cad393d8f6\/image_80.png?t=xoxe-4693580430406-6172009281334-6191283381473-91f87957d7d1493b6bfd4aa78cb61a3d",
                "thumb_360": "https:\/\/files.slack.com\/files-tmb\/T04LDH2CNBY-F04P5JP645P-cad393d8f6\/image_360.png?t=xoxe-4693580430406-6172009281334-6191283381473-91f87957d7d1493b6bfd4aa78cb61a3d",
                "thumb_360_w": 360,
                "thumb_360_h": 44,
                "thumb_480": "https:\/\/files.slack.com\/files-tmb\/T04LDH2CNBY-F04P5JP645P-cad393d8f6\/image_480.png?t=xoxe-4693580430406-6172009281334-6191283381473-91f87957d7d1493b6bfd4aa78cb61a3d",
                "thumb_480_w": 480,
                "thumb_480_h": 59,
                "thumb_160": "https:\/\/files.slack.com\/files-tmb\/T04LDH2CNBY-F04P5JP645P-cad393d8f6\/image_160.png?t=xoxe-4693580430406-6172009281334-6191283381473-91f87957d7d1493b6bfd4aa78cb61a3d",
                "thumb_720": "https:\/\/files.slack.com\/files-tmb\/T04LDH2CNBY-F04P5JP645P-cad393d8f6\/image_720.png?t=xoxe-4693580430406-6172009281334-6191283381473-91f87957d7d1493b6bfd4aa78cb61a3d",
                "thumb_720_w": 720,
                "thumb_720_h": 89,
                "thumb_800": "https:\/\/files.slack.com\/files-tmb\/T04LDH2CNBY-F04P5JP645P-cad393d8f6\/image_800.png?t=xoxe-4693580430406-6172009281334-6191283381473-91f87957d7d1493b6bfd4aa78cb61a3d",
                "thumb_800_w": 800,
                "thumb_800_h": 99,
                "thumb_960": "https:\/\/files.slack.com\/files-tmb\/T04LDH2CNBY-F04P5JP645P-cad393d8f6\/image_960.png?t=xoxe-4693580430406-6172009281334-6191283381473-91f87957d7d1493b6bfd4aa78cb61a3d",
                "thumb_960_w": 960,
                "thumb_960_h": 118,
                "thumb_1024": "https:\/\/files.slack.com\/files-tmb\/T04LDH2CNBY-F04P5JP645P-cad393d8f6\/image_1024.png?t=xoxe-4693580430406-6172009281334-6191283381473-91f87957d7d1493b6bfd4aa78cb61a3d",
                "thumb_1024_w": 1024,
                "thumb_1024_h": 126,
                "original_w": 1151,
                "original_h": 142,
                "thumb_tiny": "AwAFADC6AcHLZ549qMH1P507tTaZIoXjqfzpQMd6B0paAEwfWoBLJvxlcZx0qxVUf6z8aAP\/2Q==",
                "permalink": "https:\/\/accent-on-languages.slack.com\/files\/U04LNK3DU84\/F04P5JP645P\/image.png",
                "permalink_public": "https:\/\/slack-files.com\/T04LDH2CNBY-F04P5JP645P-fe88e26327",
                "is_starred": false,
                "has_rich_preview": false,
                "file_access": "visible"
            }
        ],
        "upload": false,
        "user": "U04LNK3DU84",
        "display_as_bot": false,
        "ts": "1675924702.737759",
        "blocks": [
            {
                "type": "rich_text",
                "block_id": "K7FGV",
                "elements": [
                    {
                        "type": "rich_text_section",
                        "elements": [
                            {
                                "type": "text",
                                "text": "sounds good, indeed, the HI portfolio tool is great...\nI assume that means we can ignore the message below in our HI profile? thank you!"
                            }
                        ]
                    }
                ]
            }
        ],
        "client_msg_id": "248fe704-fce7-453a-868b-357e65d963b2",
        "thread_ts": "1675924702.737759",
        "reply_count": 1,
        "reply_users_count": 1,
        "latest_reply": "1675958404.875989",
        "reply_users": [
            "U04LNKU8YF6"
        ],
        "replies": [
            {
                "user": "U04LNKU8YF6",
                "ts": "1675958404.875989"
            }
        ],
        "is_locked": false,
        "subscribed": true,
        "last_read": "1675958404.875989"
    }
]