[
    {
        "client_msg_id": "ffa16571-f4d7-488e-a2b6-7f09b635addd",
        "type": "message",
        "text": "Hi team! I'm connecting now, I will need to be out about 1 hour from 7AM till 8AM PST. Sorry about that..",
        "user": "U04LYRG90QZ",
        "ts": "1675432780.488079",
        "blocks": [
            {
                "type": "rich_text",
                "block_id": "NQDH",
                "elements": [
                    {
                        "type": "rich_text_section",
                        "elements": [
                            {
                                "type": "text",
                                "text": "Hi team! I'm connecting now, I will need to be out about 1 hour from 7AM till 8AM PST. Sorry about that.."
                            }
                        ]
                    }
                ]
            }
        ],
        "team": "T04LDH2CNBY",
        "user_team": "T04LDH2CNBY",
        "source_team": "T04LDH2CNBY",
        "user_profile": {
            "avatar_hash": "18034abdbce3",
            "image_72": "https:\/\/avatars.slack-edge.com\/2023-01-26\/4700726977909_18034abdbce385064283_72.jpg",
            "first_name": "Virginia",
            "real_name": "Virginia",
            "display_name": "Virginia",
            "team": "T04LDH2CNBY",
            "name": "virginia",
            "is_restricted": false,
            "is_ultra_restricted": false
        }
    },
    {
        "client_msg_id": "1aced016-d545-4476-83bf-ea77b447bbb4",
        "type": "message",
        "text": "Good Morning",
        "user": "U04LL2M6F99",
        "ts": "1675435825.149029",
        "blocks": [
            {
                "type": "rich_text",
                "block_id": "kG3Cv",
                "elements": [
                    {
                        "type": "rich_text_section",
                        "elements": [
                            {
                                "type": "text",
                                "text": "Good Morning"
                            }
                        ]
                    }
                ]
            }
        ],
        "team": "T04LDH2CNBY",
        "user_team": "T04LDH2CNBY",
        "source_team": "T04LDH2CNBY",
        "user_profile": {
            "avatar_hash": "075a5725a539",
            "image_72": "https:\/\/avatars.slack-edge.com\/2023-02-16\/4793680204375_075a5725a53946ba72a8_72.png",
            "first_name": "Kristine",
            "real_name": "Kristine Noel",
            "display_name": "Kristine Noel",
            "team": "T04LDH2CNBY",
            "name": "kristine",
            "is_restricted": false,
            "is_ultra_restricted": false
        }
    },
    {
        "client_msg_id": "e9736d83-83f2-410b-ad6b-a453d131cee1",
        "type": "message",
        "text": "I'm back",
        "user": "U04LYRG90QZ",
        "ts": "1675439832.695949",
        "blocks": [
            {
                "type": "rich_text",
                "block_id": "lXX0y",
                "elements": [
                    {
                        "type": "rich_text_section",
                        "elements": [
                            {
                                "type": "text",
                                "text": "I'm back"
                            }
                        ]
                    }
                ]
            }
        ],
        "team": "T04LDH2CNBY",
        "user_team": "T04LDH2CNBY",
        "source_team": "T04LDH2CNBY",
        "user_profile": {
            "avatar_hash": "18034abdbce3",
            "image_72": "https:\/\/avatars.slack-edge.com\/2023-01-26\/4700726977909_18034abdbce385064283_72.jpg",
            "first_name": "Virginia",
            "real_name": "Virginia",
            "display_name": "Virginia",
            "team": "T04LDH2CNBY",
            "name": "virginia",
            "is_restricted": false,
            "is_ultra_restricted": false
        }
    },
    {
        "client_msg_id": "A566A16D-7DA6-4A3C-8605-99577AC098F2",
        "type": "message",
        "text": "In",
        "user": "U04LL2BJ5GB",
        "ts": "1675447413.406779",
        "blocks": [
            {
                "type": "rich_text",
                "block_id": "8O9",
                "elements": [
                    {
                        "type": "rich_text_section",
                        "elements": [
                            {
                                "type": "text",
                                "text": "In"
                            }
                        ]
                    }
                ]
            }
        ],
        "team": "T04LDH2CNBY",
        "user_team": "T04LDH2CNBY",
        "source_team": "T04LDH2CNBY",
        "user_profile": {
            "avatar_hash": "a0aaab73c433",
            "image_72": "https:\/\/avatars.slack-edge.com\/2023-06-02\/5369485068164_a0aaab73c43394143d32_72.png",
            "first_name": "Nestor",
            "real_name": "Nestor Guzman",
            "display_name": "Nestor Guzman",
            "team": "T04LDH2CNBY",
            "name": "nestor",
            "is_restricted": false,
            "is_ultra_restricted": false
        },
        "thread_ts": "1675447413.406779",
        "reply_count": 1,
        "reply_users_count": 1,
        "latest_reply": "1675474046.176509",
        "reply_users": [
            "U04LL2BJ5GB"
        ],
        "replies": [
            {
                "user": "U04LL2BJ5GB",
                "ts": "1675474046.176509"
            }
        ],
        "is_locked": false,
        "subscribed": false
    },
    {
        "client_msg_id": "85529624-7d00-4783-9faa-d374b6f092f9",
        "type": "message",
        "text": "in",
        "user": "U04LDKWRDB8",
        "ts": "1675448236.404439",
        "blocks": [
            {
                "type": "rich_text",
                "block_id": "pMSr",
                "elements": [
                    {
                        "type": "rich_text_section",
                        "elements": [
                            {
                                "type": "text",
                                "text": "in"
                            }
                        ]
                    }
                ]
            }
        ],
        "team": "T04LDH2CNBY",
        "user_team": "T04LDH2CNBY",
        "source_team": "T04LDH2CNBY",
        "user_profile": {
            "avatar_hash": "a437520525b3",
            "image_72": "https:\/\/avatars.slack-edge.com\/2023-01-31\/4728630296242_a437520525b309207ab3_72.png",
            "first_name": "Kelly",
            "real_name": "Kelly Moody",
            "display_name": "Kelly Moody",
            "team": "T04LDH2CNBY",
            "name": "kelly",
            "is_restricted": false,
            "is_ultra_restricted": false
        }
    },
    {
        "client_msg_id": "b17d7ed8-1781-4ecc-9857-25ac6d9ed21e",
        "type": "message",
        "text": "In",
        "user": "U04LNK3DU84",
        "ts": "1675449314.687389",
        "blocks": [
            {
                "type": "rich_text",
                "block_id": "l7bx",
                "elements": [
                    {
                        "type": "rich_text_section",
                        "elements": [
                            {
                                "type": "text",
                                "text": "In"
                            }
                        ]
                    }
                ]
            }
        ],
        "team": "T04LDH2CNBY",
        "user_team": "T04LDH2CNBY",
        "source_team": "T04LDH2CNBY",
        "user_profile": {
            "avatar_hash": "2ecdfc20bb56",
            "image_72": "https:\/\/avatars.slack-edge.com\/2023-01-25\/4702661419268_2ecdfc20bb56f2adcfd3_72.jpg",
            "first_name": "Eduardo",
            "real_name": "Eduardo Puyol-Martinez",
            "display_name": "Eduardo",
            "team": "T04LDH2CNBY",
            "name": "eduardo",
            "is_restricted": false,
            "is_ultra_restricted": false
        }
    },
    {
        "client_msg_id": "e63641c5-f3c3-4010-a9db-965db34891b0",
        "type": "message",
        "text": "sorry forgot to \"activate\" my profile....I've been in",
        "user": "U04LNK3DU84",
        "ts": "1675454218.376659",
        "blocks": [
            {
                "type": "rich_text",
                "block_id": "mZOP",
                "elements": [
                    {
                        "type": "rich_text_section",
                        "elements": [
                            {
                                "type": "text",
                                "text": "sorry forgot to \"activate\" my profile....I've been in"
                            }
                        ]
                    }
                ]
            }
        ],
        "team": "T04LDH2CNBY",
        "user_team": "T04LDH2CNBY",
        "source_team": "T04LDH2CNBY",
        "user_profile": {
            "avatar_hash": "2ecdfc20bb56",
            "image_72": "https:\/\/avatars.slack-edge.com\/2023-01-25\/4702661419268_2ecdfc20bb56f2adcfd3_72.jpg",
            "first_name": "Eduardo",
            "real_name": "Eduardo Puyol-Martinez",
            "display_name": "Eduardo",
            "team": "T04LDH2CNBY",
            "name": "eduardo",
            "is_restricted": false,
            "is_ultra_restricted": false
        }
    },
    {
        "client_msg_id": "f205262c-4c10-4ae5-95b7-3b727e6640a3",
        "type": "message",
        "text": "ajaahaahaha, we know you're in..",
        "user": "U04LYRG90QZ",
        "ts": "1675455179.245159",
        "blocks": [
            {
                "type": "rich_text",
                "block_id": "Zv2",
                "elements": [
                    {
                        "type": "rich_text_section",
                        "elements": [
                            {
                                "type": "text",
                                "text": "ajaahaahaha, we know you're in.."
                            }
                        ]
                    }
                ]
            }
        ],
        "team": "T04LDH2CNBY",
        "user_team": "T04LDH2CNBY",
        "source_team": "T04LDH2CNBY",
        "user_profile": {
            "avatar_hash": "18034abdbce3",
            "image_72": "https:\/\/avatars.slack-edge.com\/2023-01-26\/4700726977909_18034abdbce385064283_72.jpg",
            "first_name": "Virginia",
            "real_name": "Virginia",
            "display_name": "Virginia",
            "team": "T04LDH2CNBY",
            "name": "virginia",
            "is_restricted": false,
            "is_ultra_restricted": false
        },
        "reactions": [
            {
                "name": "+1",
                "users": [
                    "U04LNK3DU84"
                ],
                "count": 1
            }
        ]
    },
    {
        "type": "message",
        "text": "<!everyone> a cool trick to be reminded about Slack conversations, not just to respond later, but in case you want to work later on something related to that message....*<https:\/\/click.email.slackhq.com\/?qs=20de12f10e8ffdb0c406afddc9acc945448f7afb40b4b78d3361b96274c5558d5d02066f9c313e51fb3c714d4340e164eea29e6d6aaa5402|Set a reminder>*\nCome back to a message later by setting a reminder. Pick a time that works best for you to respond.",
        "files": [
            {
                "id": "F04N106HU59",
                "created": 1675456727,
                "timestamp": 1675456727,
                "name": "image.png",
                "title": "image.png",
                "mimetype": "image\/png",
                "filetype": "png",
                "pretty_type": "PNG",
                "user": "U04LNK3DU84",
                "user_team": "T04LDH2CNBY",
                "editable": false,
                "size": 315232,
                "mode": "hosted",
                "is_external": false,
                "external_type": "",
                "is_public": true,
                "public_url_shared": false,
                "display_as_bot": false,
                "username": "",
                "url_private": "https:\/\/files.slack.com\/files-pri\/T04LDH2CNBY-F04N106HU59\/image.png?t=xoxe-4693580430406-6172009281334-6191283381473-91f87957d7d1493b6bfd4aa78cb61a3d",
                "url_private_download": "https:\/\/files.slack.com\/files-pri\/T04LDH2CNBY-F04N106HU59\/download\/image.png?t=xoxe-4693580430406-6172009281334-6191283381473-91f87957d7d1493b6bfd4aa78cb61a3d",
                "media_display_type": "unknown",
                "thumb_64": "https:\/\/files.slack.com\/files-tmb\/T04LDH2CNBY-F04N106HU59-725bdf05d1\/image_64.png?t=xoxe-4693580430406-6172009281334-6191283381473-91f87957d7d1493b6bfd4aa78cb61a3d",
                "thumb_80": "https:\/\/files.slack.com\/files-tmb\/T04LDH2CNBY-F04N106HU59-725bdf05d1\/image_80.png?t=xoxe-4693580430406-6172009281334-6191283381473-91f87957d7d1493b6bfd4aa78cb61a3d",
                "thumb_360": "https:\/\/files.slack.com\/files-tmb\/T04LDH2CNBY-F04N106HU59-725bdf05d1\/image_360.png?t=xoxe-4693580430406-6172009281334-6191283381473-91f87957d7d1493b6bfd4aa78cb61a3d",
                "thumb_360_w": 360,
                "thumb_360_h": 271,
                "thumb_480": "https:\/\/files.slack.com\/files-tmb\/T04LDH2CNBY-F04N106HU59-725bdf05d1\/image_480.png?t=xoxe-4693580430406-6172009281334-6191283381473-91f87957d7d1493b6bfd4aa78cb61a3d",
                "thumb_480_w": 480,
                "thumb_480_h": 362,
                "thumb_160": "https:\/\/files.slack.com\/files-tmb\/T04LDH2CNBY-F04N106HU59-725bdf05d1\/image_160.png?t=xoxe-4693580430406-6172009281334-6191283381473-91f87957d7d1493b6bfd4aa78cb61a3d",
                "thumb_720": "https:\/\/files.slack.com\/files-tmb\/T04LDH2CNBY-F04N106HU59-725bdf05d1\/image_720.png?t=xoxe-4693580430406-6172009281334-6191283381473-91f87957d7d1493b6bfd4aa78cb61a3d",
                "thumb_720_w": 720,
                "thumb_720_h": 543,
                "thumb_800": "https:\/\/files.slack.com\/files-tmb\/T04LDH2CNBY-F04N106HU59-725bdf05d1\/image_800.png?t=xoxe-4693580430406-6172009281334-6191283381473-91f87957d7d1493b6bfd4aa78cb61a3d",
                "thumb_800_w": 800,
                "thumb_800_h": 603,
                "thumb_960": "https:\/\/files.slack.com\/files-tmb\/T04LDH2CNBY-F04N106HU59-725bdf05d1\/image_960.png?t=xoxe-4693580430406-6172009281334-6191283381473-91f87957d7d1493b6bfd4aa78cb61a3d",
                "thumb_960_w": 960,
                "thumb_960_h": 724,
                "thumb_1024": "https:\/\/files.slack.com\/files-tmb\/T04LDH2CNBY-F04N106HU59-725bdf05d1\/image_1024.png?t=xoxe-4693580430406-6172009281334-6191283381473-91f87957d7d1493b6bfd4aa78cb61a3d",
                "thumb_1024_w": 1024,
                "thumb_1024_h": 772,
                "original_w": 1260,
                "original_h": 950,
                "thumb_tiny": "AwAkADCta20csLySMw2kDirK6dE6hg8mD7CjTGC20pYZAYcVfVgVBVTgjtigCl\/Zcf8Az0f8qP7Kj\/56N+Qq8SApODUX2lP7r\/8AfNFguV\/7Kj\/56N+Qqre2a2yKyuWycc1pfakH8L\/981T1OQSW6EAj5scjHanYVx2lMqwSFjgbhV8OpAKsMVn6Wge3kVs43DpV\/YFUBQcCkMfketFM+b3o+b3oAdVDVzmGP\/e\/pV4AnqTVHVhiGPr97v8ASgDLV2X7rEfQ07zZP+ejfmaZRQA\/zZP+ejfmaPNk\/wCejfmaZRQA\/wA2T\/no35mms7N95ifqaSigD\/\/Z",
                "permalink": "https:\/\/accent-on-languages.slack.com\/files\/U04LNK3DU84\/F04N106HU59\/image.png",
                "permalink_public": "https:\/\/slack-files.com\/T04LDH2CNBY-F04N106HU59-e18b6bdcbc",
                "is_starred": false,
                "has_rich_preview": false,
                "file_access": "visible"
            }
        ],
        "upload": false,
        "user": "U04LNK3DU84",
        "display_as_bot": false,
        "ts": "1675456768.120559",
        "blocks": [
            {
                "type": "rich_text",
                "block_id": "SyJj",
                "elements": [
                    {
                        "type": "rich_text_section",
                        "elements": [
                            {
                                "type": "broadcast",
                                "range": "everyone"
                            },
                            {
                                "type": "text",
                                "text": " a cool trick to be reminded about Slack conversations, not just to respond later, but in case you want to work later on something related to that message...."
                            },
                            {
                                "type": "link",
                                "url": "https:\/\/click.email.slackhq.com\/?qs=20de12f10e8ffdb0c406afddc9acc945448f7afb40b4b78d3361b96274c5558d5d02066f9c313e51fb3c714d4340e164eea29e6d6aaa5402",
                                "text": "Set a reminder",
                                "style": {
                                    "bold": true
                                }
                            },
                            {
                                "type": "text",
                                "text": "\nCome back to a message later by setting a reminder. Pick a time that works best for you to respond."
                            }
                        ]
                    }
                ]
            }
        ],
        "client_msg_id": "2e4c1802-b4c3-41e9-8e93-e65072476759",
        "reactions": [
            {
                "name": "white_check_mark",
                "users": [
                    "U04LYRG90QZ"
                ],
                "count": 1
            },
            {
                "name": "eyes",
                "users": [
                    "U04LH7FMHGD"
                ],
                "count": 1
            },
            {
                "name": "+1",
                "users": [
                    "U04LL2BJ5GB"
                ],
                "count": 1
            }
        ]
    },
    {
        "client_msg_id": "f5fcfb61-e178-49a7-8fef-8e7b8e35208e",
        "type": "message",
        "text": "thanks Eduardo for this!!!",
        "user": "U04LYRG90QZ",
        "ts": "1675456834.621739",
        "blocks": [
            {
                "type": "rich_text",
                "block_id": "+ZTSh",
                "elements": [
                    {
                        "type": "rich_text_section",
                        "elements": [
                            {
                                "type": "text",
                                "text": "thanks Eduardo for this!!!"
                            }
                        ]
                    }
                ]
            }
        ],
        "team": "T04LDH2CNBY",
        "user_team": "T04LDH2CNBY",
        "source_team": "T04LDH2CNBY",
        "user_profile": {
            "avatar_hash": "18034abdbce3",
            "image_72": "https:\/\/avatars.slack-edge.com\/2023-01-26\/4700726977909_18034abdbce385064283_72.jpg",
            "first_name": "Virginia",
            "real_name": "Virginia",
            "display_name": "Virginia",
            "team": "T04LDH2CNBY",
            "name": "virginia",
            "is_restricted": false,
            "is_ultra_restricted": false
        },
        "reactions": [
            {
                "name": "+1",
                "users": [
                    "U04LNK3DU84"
                ],
                "count": 1
            }
        ]
    },
    {
        "client_msg_id": "0d02e300-7a23-47ed-a69e-b64cfeecf46a",
        "type": "message",
        "text": "I'm leaving team, have a lovely weekend!!!!!",
        "user": "U04LYRG90QZ",
        "ts": "1675470682.428449",
        "blocks": [
            {
                "type": "rich_text",
                "block_id": "59mXo",
                "elements": [
                    {
                        "type": "rich_text_section",
                        "elements": [
                            {
                                "type": "text",
                                "text": "I'm leaving team, have a lovely weekend!!!!!"
                            }
                        ]
                    }
                ]
            }
        ],
        "team": "T04LDH2CNBY",
        "user_team": "T04LDH2CNBY",
        "source_team": "T04LDH2CNBY",
        "user_profile": {
            "avatar_hash": "18034abdbce3",
            "image_72": "https:\/\/avatars.slack-edge.com\/2023-01-26\/4700726977909_18034abdbce385064283_72.jpg",
            "first_name": "Virginia",
            "real_name": "Virginia",
            "display_name": "Virginia",
            "team": "T04LDH2CNBY",
            "name": "virginia",
            "is_restricted": false,
            "is_ultra_restricted": false
        },
        "reactions": [
            {
                "name": "+1",
                "users": [
                    "U04LH7FMHGD",
                    "U04LNK3DU84"
                ],
                "count": 2
            }
        ]
    },
    {
        "client_msg_id": "EB567CE7-1F7D-47E4-80EF-37A475A4F839",
        "type": "message",
        "text": "Out ",
        "user": "U04LL2BJ5GB",
        "ts": "1675474046.176509",
        "blocks": [
            {
                "type": "rich_text",
                "block_id": "p\/VGS",
                "elements": [
                    {
                        "type": "rich_text_section",
                        "elements": [
                            {
                                "type": "text",
                                "text": "Out "
                            }
                        ]
                    }
                ]
            }
        ],
        "team": "T04LDH2CNBY",
        "user_team": "T04LDH2CNBY",
        "source_team": "T04LDH2CNBY",
        "user_profile": {
            "avatar_hash": "a0aaab73c433",
            "image_72": "https:\/\/avatars.slack-edge.com\/2023-06-02\/5369485068164_a0aaab73c43394143d32_72.png",
            "first_name": "Nestor",
            "real_name": "Nestor Guzman",
            "display_name": "Nestor Guzman",
            "team": "T04LDH2CNBY",
            "name": "nestor",
            "is_restricted": false,
            "is_ultra_restricted": false
        },
        "thread_ts": "1675447413.406779",
        "parent_user_id": "U04LL2BJ5GB"
    },
    {
        "client_msg_id": "74d232a2-76a7-44a9-a19b-2aa30b1cbce7",
        "type": "message",
        "text": "working on a couple FEMA bids due next week, make sure to tag me @ if you need my help, thank you and have a great weekend!",
        "user": "U04LNK3DU84",
        "ts": "1675474690.352659",
        "blocks": [
            {
                "type": "rich_text",
                "block_id": "nVU8",
                "elements": [
                    {
                        "type": "rich_text_section",
                        "elements": [
                            {
                                "type": "text",
                                "text": "working on a couple FEMA bids due next week, make sure to tag me @ if you need my help, thank you and have a great weekend!"
                            }
                        ]
                    }
                ]
            }
        ],
        "team": "T04LDH2CNBY",
        "user_team": "T04LDH2CNBY",
        "source_team": "T04LDH2CNBY",
        "user_profile": {
            "avatar_hash": "2ecdfc20bb56",
            "image_72": "https:\/\/avatars.slack-edge.com\/2023-01-25\/4702661419268_2ecdfc20bb56f2adcfd3_72.jpg",
            "first_name": "Eduardo",
            "real_name": "Eduardo Puyol-Martinez",
            "display_name": "Eduardo",
            "team": "T04LDH2CNBY",
            "name": "eduardo",
            "is_restricted": false,
            "is_ultra_restricted": false
        },
        "reactions": [
            {
                "name": "+1",
                "users": [
                    "U04LDKWRDB8"
                ],
                "count": 1
            }
        ]
    },
    {
        "client_msg_id": "f6e247bb-50e8-4bad-9c7c-ed944aac7fed",
        "type": "message",
        "text": "out, see you Monday",
        "user": "U04LNK3DU84",
        "ts": "1675488590.842209",
        "blocks": [
            {
                "type": "rich_text",
                "block_id": "Mv+1",
                "elements": [
                    {
                        "type": "rich_text_section",
                        "elements": [
                            {
                                "type": "text",
                                "text": "out, see you Monday"
                            }
                        ]
                    }
                ]
            }
        ],
        "team": "T04LDH2CNBY",
        "user_team": "T04LDH2CNBY",
        "source_team": "T04LDH2CNBY",
        "user_profile": {
            "avatar_hash": "2ecdfc20bb56",
            "image_72": "https:\/\/avatars.slack-edge.com\/2023-01-25\/4702661419268_2ecdfc20bb56f2adcfd3_72.jpg",
            "first_name": "Eduardo",
            "real_name": "Eduardo Puyol-Martinez",
            "display_name": "Eduardo",
            "team": "T04LDH2CNBY",
            "name": "eduardo",
            "is_restricted": false,
            "is_ultra_restricted": false
        }
    }
]