[
    {
        "client_msg_id": "86320595-d158-460a-bdff-a16ef4459029",
        "type": "message",
        "text": "Good morning!",
        "user": "U0583NMRYNL",
        "ts": "1686143245.179659",
        "blocks": [
            {
                "type": "rich_text",
                "block_id": "eFr8U",
                "elements": [
                    {
                        "type": "rich_text_section",
                        "elements": [
                            {
                                "type": "text",
                                "text": "Good morning!"
                            }
                        ]
                    }
                ]
            }
        ],
        "team": "T04LDH2CNBY",
        "user_team": "T04LDH2CNBY",
        "source_team": "T04LDH2CNBY",
        "user_profile": {
            "avatar_hash": "5e6f62d55b08",
            "image_72": "https:\/\/avatars.slack-edge.com\/2023-06-16\/5432096346342_5e6f62d55b081b9b60e7_72.jpg",
            "first_name": "Hanna",
            "real_name": "Hanna Jacobson",
            "display_name": "Hanna Jacobson",
            "team": "T04LDH2CNBY",
            "name": "hanna",
            "is_restricted": false,
            "is_ultra_restricted": false
        }
    },
    {
        "client_msg_id": "b7e82da6-d29c-4641-a4c9-9c9691ddc93a",
        "type": "message",
        "text": "Good Morning Team!",
        "user": "U04LL2M6F99",
        "ts": "1686146011.379979",
        "blocks": [
            {
                "type": "rich_text",
                "block_id": "HeP",
                "elements": [
                    {
                        "type": "rich_text_section",
                        "elements": [
                            {
                                "type": "text",
                                "text": "Good Morning Team!"
                            }
                        ]
                    }
                ]
            }
        ],
        "team": "T04LDH2CNBY",
        "user_team": "T04LDH2CNBY",
        "source_team": "T04LDH2CNBY",
        "user_profile": {
            "avatar_hash": "075a5725a539",
            "image_72": "https:\/\/avatars.slack-edge.com\/2023-02-16\/4793680204375_075a5725a53946ba72a8_72.png",
            "first_name": "Kristine",
            "real_name": "Kristine Noel",
            "display_name": "Kristine Noel",
            "team": "T04LDH2CNBY",
            "name": "kristine",
            "is_restricted": false,
            "is_ultra_restricted": false
        }
    },
    {
        "client_msg_id": "32f667b9-07b8-41f5-bdb9-d2cde82417f0",
        "type": "message",
        "text": "hello team!!!",
        "user": "U04LYRG90QZ",
        "ts": "1686146289.064909",
        "blocks": [
            {
                "type": "rich_text",
                "block_id": "xNeG",
                "elements": [
                    {
                        "type": "rich_text_section",
                        "elements": [
                            {
                                "type": "text",
                                "text": "hello team!!!"
                            }
                        ]
                    }
                ]
            }
        ],
        "team": "T04LDH2CNBY",
        "user_team": "T04LDH2CNBY",
        "source_team": "T04LDH2CNBY",
        "user_profile": {
            "avatar_hash": "18034abdbce3",
            "image_72": "https:\/\/avatars.slack-edge.com\/2023-01-26\/4700726977909_18034abdbce385064283_72.jpg",
            "first_name": "Virginia",
            "real_name": "Virginia",
            "display_name": "Virginia",
            "team": "T04LDH2CNBY",
            "name": "virginia",
            "is_restricted": false,
            "is_ultra_restricted": false
        }
    },
    {
        "client_msg_id": "873c2b5f-8502-47b6-ab55-2442257334cb",
        "type": "message",
        "text": "quick lunch!",
        "user": "U04LYRG90QZ",
        "ts": "1686152173.163199",
        "blocks": [
            {
                "type": "rich_text",
                "block_id": "dIdj",
                "elements": [
                    {
                        "type": "rich_text_section",
                        "elements": [
                            {
                                "type": "text",
                                "text": "quick lunch!"
                            }
                        ]
                    }
                ]
            }
        ],
        "team": "T04LDH2CNBY",
        "user_team": "T04LDH2CNBY",
        "source_team": "T04LDH2CNBY",
        "user_profile": {
            "avatar_hash": "18034abdbce3",
            "image_72": "https:\/\/avatars.slack-edge.com\/2023-01-26\/4700726977909_18034abdbce385064283_72.jpg",
            "first_name": "Virginia",
            "real_name": "Virginia",
            "display_name": "Virginia",
            "team": "T04LDH2CNBY",
            "name": "virginia",
            "is_restricted": false,
            "is_ultra_restricted": false
        }
    },
    {
        "client_msg_id": "a64eb718-07b8-45f4-804a-d8658a6798e0",
        "type": "message",
        "text": "back",
        "user": "U04LYRG90QZ",
        "ts": "1686152929.511439",
        "blocks": [
            {
                "type": "rich_text",
                "block_id": "T5f",
                "elements": [
                    {
                        "type": "rich_text_section",
                        "elements": [
                            {
                                "type": "text",
                                "text": "back"
                            }
                        ]
                    }
                ]
            }
        ],
        "team": "T04LDH2CNBY",
        "user_team": "T04LDH2CNBY",
        "source_team": "T04LDH2CNBY",
        "user_profile": {
            "avatar_hash": "18034abdbce3",
            "image_72": "https:\/\/avatars.slack-edge.com\/2023-01-26\/4700726977909_18034abdbce385064283_72.jpg",
            "first_name": "Virginia",
            "real_name": "Virginia",
            "display_name": "Virginia",
            "team": "T04LDH2CNBY",
            "name": "virginia",
            "is_restricted": false,
            "is_ultra_restricted": false
        }
    },
    {
        "client_msg_id": "1c7fb0ea-6440-4ffd-ae98-e09696246421",
        "type": "message",
        "text": "Good morning, in",
        "user": "U04LNK3DU84",
        "ts": "1686153982.582289",
        "blocks": [
            {
                "type": "rich_text",
                "block_id": "G9tb",
                "elements": [
                    {
                        "type": "rich_text_section",
                        "elements": [
                            {
                                "type": "text",
                                "text": "Good morning, in"
                            }
                        ]
                    }
                ]
            }
        ],
        "team": "T04LDH2CNBY",
        "user_team": "T04LDH2CNBY",
        "source_team": "T04LDH2CNBY",
        "user_profile": {
            "avatar_hash": "2ecdfc20bb56",
            "image_72": "https:\/\/avatars.slack-edge.com\/2023-01-25\/4702661419268_2ecdfc20bb56f2adcfd3_72.jpg",
            "first_name": "Eduardo",
            "real_name": "Eduardo Puyol-Martinez",
            "display_name": "Eduardo",
            "team": "T04LDH2CNBY",
            "name": "eduardo",
            "is_restricted": false,
            "is_ultra_restricted": false
        }
    },
    {
        "client_msg_id": "d1ce013a-35da-4626-a47f-a34c5f95919a",
        "type": "message",
        "text": "Hi <!here> there's. Lionbridge payment of 1227.6, but we cannot find any open invoice in QBO. Is this translation request? <@U04LH7FMHGD> <@U04LL2BJ5GB> <@U04LNK3DU84> <@U04LL2M6F99> Please record it accordingly. We should also have a procedure for Lionbridge projects, thank you!",
        "user": "U04LNKU8YF6",
        "ts": "1686155925.018549",
        "blocks": [
            {
                "type": "rich_text",
                "block_id": "kvG",
                "elements": [
                    {
                        "type": "rich_text_section",
                        "elements": [
                            {
                                "type": "text",
                                "text": "Hi "
                            },
                            {
                                "type": "broadcast",
                                "range": "here"
                            },
                            {
                                "type": "text",
                                "text": " there's. Lionbridge payment of 1227.6, but we cannot find any open invoice in QBO. Is this translation request? "
                            },
                            {
                                "type": "user",
                                "user_id": "U04LH7FMHGD"
                            },
                            {
                                "type": "text",
                                "text": " "
                            },
                            {
                                "type": "user",
                                "user_id": "U04LL2BJ5GB"
                            },
                            {
                                "type": "text",
                                "text": " "
                            },
                            {
                                "type": "user",
                                "user_id": "U04LNK3DU84"
                            },
                            {
                                "type": "text",
                                "text": " "
                            },
                            {
                                "type": "user",
                                "user_id": "U04LL2M6F99"
                            },
                            {
                                "type": "text",
                                "text": " Please record it accordingly. We should also have a procedure for Lionbridge projects, thank you!"
                            }
                        ]
                    }
                ]
            }
        ],
        "team": "T04LDH2CNBY",
        "user_team": "T04LDH2CNBY",
        "source_team": "T04LDH2CNBY",
        "user_profile": {
            "avatar_hash": "212b82b4d92e",
            "image_72": "https:\/\/avatars.slack-edge.com\/2023-01-25\/4700546482018_212b82b4d92ed2471a10_72.jpg",
            "first_name": "Caroline",
            "real_name": "Caroline Lee",
            "display_name": "Caroline Lee",
            "team": "T04LDH2CNBY",
            "name": "caroline",
            "is_restricted": false,
            "is_ultra_restricted": false
        }
    },
    {
        "client_msg_id": "e13a355c-661c-426a-8543-4b1384d3176f",
        "type": "message",
        "text": "Hello team <!channel> just a comment on Lionbridge, maybe it was a Carlos Kohan job for the ICE contract that Lionbridge has? I would follow up with Bradley Paris at LB, he is very nice and will clarify for us",
        "user": "U04LNK3DU84",
        "ts": "1686156224.853469",
        "blocks": [
            {
                "type": "rich_text",
                "block_id": "wN9",
                "elements": [
                    {
                        "type": "rich_text_section",
                        "elements": [
                            {
                                "type": "text",
                                "text": "Hello team "
                            },
                            {
                                "type": "broadcast",
                                "range": "channel"
                            },
                            {
                                "type": "text",
                                "text": " just a comment on Lionbridge, maybe it was a Carlos Kohan job for the ICE contract that Lionbridge has? I would follow up with Bradley Paris at LB, he is very nice and will clarify for us"
                            }
                        ]
                    }
                ]
            }
        ],
        "team": "T04LDH2CNBY",
        "user_team": "T04LDH2CNBY",
        "source_team": "T04LDH2CNBY",
        "user_profile": {
            "avatar_hash": "2ecdfc20bb56",
            "image_72": "https:\/\/avatars.slack-edge.com\/2023-01-25\/4702661419268_2ecdfc20bb56f2adcfd3_72.jpg",
            "first_name": "Eduardo",
            "real_name": "Eduardo Puyol-Martinez",
            "display_name": "Eduardo",
            "team": "T04LDH2CNBY",
            "name": "eduardo",
            "is_restricted": false,
            "is_ultra_restricted": false
        }
    },
    {
        "client_msg_id": "f9ca28ff-09f2-4d65-ba6f-6dfbaf132222",
        "type": "message",
        "text": "Hi <!channel> Translation department might have received the invoice for this? If so please also include me in the email so that I am aware and able to answer questions such as this and since I am also involved with Lionbridge. Thank you :slightly_smiling_face:",
        "user": "U04LL2M6F99",
        "ts": "1686156859.948309",
        "blocks": [
            {
                "type": "rich_text",
                "block_id": "=gtRl",
                "elements": [
                    {
                        "type": "rich_text_section",
                        "elements": [
                            {
                                "type": "text",
                                "text": "Hi "
                            },
                            {
                                "type": "broadcast",
                                "range": "channel"
                            },
                            {
                                "type": "text",
                                "text": " Translation department might have received the invoice for this? If so please also include me in the email so that I am aware and able to answer questions such as this and since I am also involved with Lionbridge. Thank you "
                            },
                            {
                                "type": "emoji",
                                "name": "slightly_smiling_face",
                                "unicode": "1f642"
                            }
                        ]
                    }
                ]
            }
        ],
        "team": "T04LDH2CNBY",
        "user_team": "T04LDH2CNBY",
        "source_team": "T04LDH2CNBY",
        "user_profile": {
            "avatar_hash": "075a5725a539",
            "image_72": "https:\/\/avatars.slack-edge.com\/2023-02-16\/4793680204375_075a5725a53946ba72a8_72.png",
            "first_name": "Kristine",
            "real_name": "Kristine Noel",
            "display_name": "Kristine Noel",
            "team": "T04LDH2CNBY",
            "name": "kristine",
            "is_restricted": false,
            "is_ultra_restricted": false
        }
    },
    {
        "client_msg_id": "997ED6AE-2589-46DC-9D70-7E0574CE28F5",
        "type": "message",
        "text": "In ",
        "user": "U04LL2BJ5GB",
        "ts": "1686157552.940009",
        "blocks": [
            {
                "type": "rich_text",
                "block_id": "CII\/m",
                "elements": [
                    {
                        "type": "rich_text_section",
                        "elements": [
                            {
                                "type": "text",
                                "text": "In "
                            }
                        ]
                    }
                ]
            }
        ],
        "team": "T04LDH2CNBY",
        "user_team": "T04LDH2CNBY",
        "source_team": "T04LDH2CNBY",
        "user_profile": {
            "avatar_hash": "a0aaab73c433",
            "image_72": "https:\/\/avatars.slack-edge.com\/2023-06-02\/5369485068164_a0aaab73c43394143d32_72.png",
            "first_name": "Nestor",
            "real_name": "Nestor Guzman",
            "display_name": "Nestor Guzman",
            "team": "T04LDH2CNBY",
            "name": "nestor",
            "is_restricted": false,
            "is_ultra_restricted": false
        },
        "thread_ts": "1686157552.940009",
        "reply_count": 1,
        "reply_users_count": 1,
        "latest_reply": "1686184889.596429",
        "reply_users": [
            "U04LL2BJ5GB"
        ],
        "replies": [
            {
                "user": "U04LL2BJ5GB",
                "ts": "1686184889.596429"
            }
        ],
        "is_locked": false,
        "subscribed": false
    },
    {
        "client_msg_id": "ddca164e-6cc3-41e6-9bd7-6a80eb39eb0d",
        "type": "message",
        "text": "BRB",
        "user": "U04LYRG90QZ",
        "ts": "1686165980.960579",
        "blocks": [
            {
                "type": "rich_text",
                "block_id": "gt+",
                "elements": [
                    {
                        "type": "rich_text_section",
                        "elements": [
                            {
                                "type": "text",
                                "text": "BRB"
                            }
                        ]
                    }
                ]
            }
        ],
        "team": "T04LDH2CNBY",
        "user_team": "T04LDH2CNBY",
        "source_team": "T04LDH2CNBY",
        "user_profile": {
            "avatar_hash": "18034abdbce3",
            "image_72": "https:\/\/avatars.slack-edge.com\/2023-01-26\/4700726977909_18034abdbce385064283_72.jpg",
            "first_name": "Virginia",
            "real_name": "Virginia",
            "display_name": "Virginia",
            "team": "T04LDH2CNBY",
            "name": "virginia",
            "is_restricted": false,
            "is_ultra_restricted": false
        }
    },
    {
        "client_msg_id": "ef3084b4-46e0-4257-b06a-036224690f31",
        "type": "message",
        "text": "BRB, one moment..",
        "user": "U04LYRG90QZ",
        "ts": "1686179062.587339",
        "blocks": [
            {
                "type": "rich_text",
                "block_id": "tKfBI",
                "elements": [
                    {
                        "type": "rich_text_section",
                        "elements": [
                            {
                                "type": "text",
                                "text": "BRB, one moment.."
                            }
                        ]
                    }
                ]
            }
        ],
        "team": "T04LDH2CNBY",
        "user_team": "T04LDH2CNBY",
        "source_team": "T04LDH2CNBY",
        "user_profile": {
            "avatar_hash": "18034abdbce3",
            "image_72": "https:\/\/avatars.slack-edge.com\/2023-01-26\/4700726977909_18034abdbce385064283_72.jpg",
            "first_name": "Virginia",
            "real_name": "Virginia",
            "display_name": "Virginia",
            "team": "T04LDH2CNBY",
            "name": "virginia",
            "is_restricted": false,
            "is_ultra_restricted": false
        }
    },
    {
        "client_msg_id": "6baa4f78-3f11-4305-befe-56f413fe63e4",
        "type": "message",
        "text": "ohh sorry, ajahaha I was back after 10 mins before.. hahahaha",
        "user": "U04LYRG90QZ",
        "ts": "1686179075.385379",
        "blocks": [
            {
                "type": "rich_text",
                "block_id": "xTi",
                "elements": [
                    {
                        "type": "rich_text_section",
                        "elements": [
                            {
                                "type": "text",
                                "text": "ohh sorry, ajahaha I was back after 10 mins before.. hahahaha"
                            }
                        ]
                    }
                ]
            }
        ],
        "team": "T04LDH2CNBY",
        "user_team": "T04LDH2CNBY",
        "source_team": "T04LDH2CNBY",
        "user_profile": {
            "avatar_hash": "18034abdbce3",
            "image_72": "https:\/\/avatars.slack-edge.com\/2023-01-26\/4700726977909_18034abdbce385064283_72.jpg",
            "first_name": "Virginia",
            "real_name": "Virginia",
            "display_name": "Virginia",
            "team": "T04LDH2CNBY",
            "name": "virginia",
            "is_restricted": false,
            "is_ultra_restricted": false
        }
    },
    {
        "client_msg_id": "66ff53ed-9bfd-4635-a779-762146b9c858",
        "type": "message",
        "text": "back",
        "user": "U04LYRG90QZ",
        "ts": "1686179664.539429",
        "blocks": [
            {
                "type": "rich_text",
                "block_id": "nbSFV",
                "elements": [
                    {
                        "type": "rich_text_section",
                        "elements": [
                            {
                                "type": "text",
                                "text": "back"
                            }
                        ]
                    }
                ]
            }
        ],
        "team": "T04LDH2CNBY",
        "user_team": "T04LDH2CNBY",
        "source_team": "T04LDH2CNBY",
        "user_profile": {
            "avatar_hash": "18034abdbce3",
            "image_72": "https:\/\/avatars.slack-edge.com\/2023-01-26\/4700726977909_18034abdbce385064283_72.jpg",
            "first_name": "Virginia",
            "real_name": "Virginia",
            "display_name": "Virginia",
            "team": "T04LDH2CNBY",
            "name": "virginia",
            "is_restricted": false,
            "is_ultra_restricted": false
        }
    },
    {
        "client_msg_id": "6847693e-60bf-42bc-a423-355d82bad83a",
        "type": "message",
        "text": "leaving, see you...",
        "user": "U04LYRG90QZ",
        "ts": "1686182577.021369",
        "blocks": [
            {
                "type": "rich_text",
                "block_id": "vQuY",
                "elements": [
                    {
                        "type": "rich_text_section",
                        "elements": [
                            {
                                "type": "text",
                                "text": "leaving, see you..."
                            }
                        ]
                    }
                ]
            }
        ],
        "team": "T04LDH2CNBY",
        "user_team": "T04LDH2CNBY",
        "source_team": "T04LDH2CNBY",
        "user_profile": {
            "avatar_hash": "18034abdbce3",
            "image_72": "https:\/\/avatars.slack-edge.com\/2023-01-26\/4700726977909_18034abdbce385064283_72.jpg",
            "first_name": "Virginia",
            "real_name": "Virginia",
            "display_name": "Virginia",
            "team": "T04LDH2CNBY",
            "name": "virginia",
            "is_restricted": false,
            "is_ultra_restricted": false
        }
    },
    {
        "client_msg_id": "7f72b08a-e1fa-4110-9078-b4427fc61ab4",
        "type": "message",
        "text": "out",
        "user": "U04LL2BJ5GB",
        "ts": "1686184889.596429",
        "blocks": [
            {
                "type": "rich_text",
                "block_id": "Hp+fo",
                "elements": [
                    {
                        "type": "rich_text_section",
                        "elements": [
                            {
                                "type": "text",
                                "text": "out"
                            }
                        ]
                    }
                ]
            }
        ],
        "team": "T04LDH2CNBY",
        "user_team": "T04LDH2CNBY",
        "source_team": "T04LDH2CNBY",
        "user_profile": {
            "avatar_hash": "a0aaab73c433",
            "image_72": "https:\/\/avatars.slack-edge.com\/2023-06-02\/5369485068164_a0aaab73c43394143d32_72.png",
            "first_name": "Nestor",
            "real_name": "Nestor Guzman",
            "display_name": "Nestor Guzman",
            "team": "T04LDH2CNBY",
            "name": "nestor",
            "is_restricted": false,
            "is_ultra_restricted": false
        },
        "thread_ts": "1686157552.940009",
        "parent_user_id": "U04LL2BJ5GB"
    }
]