[
    {
        "client_msg_id": "77e5e3bf-7363-4ccf-8206-1ffb3afc3c39",
        "type": "message",
        "text": "morning...",
        "user": "U04LYRG90QZ",
        "ts": "1690207157.446409",
        "blocks": [
            {
                "type": "rich_text",
                "block_id": "sPks",
                "elements": [
                    {
                        "type": "rich_text_section",
                        "elements": [
                            {
                                "type": "text",
                                "text": "morning..."
                            }
                        ]
                    }
                ]
            }
        ],
        "team": "T04LDH2CNBY",
        "user_team": "T04LDH2CNBY",
        "source_team": "T04LDH2CNBY",
        "user_profile": {
            "avatar_hash": "18034abdbce3",
            "image_72": "https:\/\/avatars.slack-edge.com\/2023-01-26\/4700726977909_18034abdbce385064283_72.jpg",
            "first_name": "Virginia",
            "real_name": "Virginia",
            "display_name": "Virginia",
            "team": "T04LDH2CNBY",
            "name": "virginia",
            "is_restricted": false,
            "is_ultra_restricted": false
        }
    },
    {
        "client_msg_id": "82379356-3d9c-45a1-8250-695424974c6a",
        "type": "message",
        "text": "Good morning!!",
        "user": "U0583NMRYNL",
        "ts": "1690207274.328809",
        "blocks": [
            {
                "type": "rich_text",
                "block_id": "D5HDT",
                "elements": [
                    {
                        "type": "rich_text_section",
                        "elements": [
                            {
                                "type": "text",
                                "text": "Good morning!!"
                            }
                        ]
                    }
                ]
            }
        ],
        "team": "T04LDH2CNBY",
        "user_team": "T04LDH2CNBY",
        "source_team": "T04LDH2CNBY",
        "user_profile": {
            "avatar_hash": "5e6f62d55b08",
            "image_72": "https:\/\/avatars.slack-edge.com\/2023-06-16\/5432096346342_5e6f62d55b081b9b60e7_72.jpg",
            "first_name": "Hanna",
            "real_name": "Hanna Jacobson",
            "display_name": "Hanna Jacobson",
            "team": "T04LDH2CNBY",
            "name": "hanna",
            "is_restricted": false,
            "is_ultra_restricted": false
        }
    },
    {
        "client_msg_id": "7ef00593-ee1a-4bf1-8224-cac88f94bdca",
        "type": "message",
        "text": "Good Morning",
        "user": "U04LL2M6F99",
        "ts": "1690207378.254069",
        "blocks": [
            {
                "type": "rich_text",
                "block_id": "dpl6",
                "elements": [
                    {
                        "type": "rich_text_section",
                        "elements": [
                            {
                                "type": "text",
                                "text": "Good Morning"
                            }
                        ]
                    }
                ]
            }
        ],
        "team": "T04LDH2CNBY",
        "user_team": "T04LDH2CNBY",
        "source_team": "T04LDH2CNBY",
        "user_profile": {
            "avatar_hash": "075a5725a539",
            "image_72": "https:\/\/avatars.slack-edge.com\/2023-02-16\/4793680204375_075a5725a53946ba72a8_72.png",
            "first_name": "Kristine",
            "real_name": "Kristine Noel",
            "display_name": "Kristine Noel",
            "team": "T04LDH2CNBY",
            "name": "kristine",
            "is_restricted": false,
            "is_ultra_restricted": false
        }
    },
    {
        "client_msg_id": "0f69a411-9018-4705-bd24-0330dd25e455",
        "type": "message",
        "text": "quick lunch",
        "user": "U04LYRG90QZ",
        "ts": "1690212438.786009",
        "blocks": [
            {
                "type": "rich_text",
                "block_id": "MrM",
                "elements": [
                    {
                        "type": "rich_text_section",
                        "elements": [
                            {
                                "type": "text",
                                "text": "quick lunch"
                            }
                        ]
                    }
                ]
            }
        ],
        "team": "T04LDH2CNBY",
        "user_team": "T04LDH2CNBY",
        "source_team": "T04LDH2CNBY",
        "user_profile": {
            "avatar_hash": "18034abdbce3",
            "image_72": "https:\/\/avatars.slack-edge.com\/2023-01-26\/4700726977909_18034abdbce385064283_72.jpg",
            "first_name": "Virginia",
            "real_name": "Virginia",
            "display_name": "Virginia",
            "team": "T04LDH2CNBY",
            "name": "virginia",
            "is_restricted": false,
            "is_ultra_restricted": false
        }
    },
    {
        "client_msg_id": "152ab6ee-d858-4b93-be03-1012f1d762b2",
        "type": "message",
        "text": "hello good morning",
        "user": "U04LNK3DU84",
        "ts": "1690213364.276439",
        "blocks": [
            {
                "type": "rich_text",
                "block_id": "vaMnf",
                "elements": [
                    {
                        "type": "rich_text_section",
                        "elements": [
                            {
                                "type": "text",
                                "text": "hello good morning"
                            }
                        ]
                    }
                ]
            }
        ],
        "team": "T04LDH2CNBY",
        "user_team": "T04LDH2CNBY",
        "source_team": "T04LDH2CNBY",
        "user_profile": {
            "avatar_hash": "2ecdfc20bb56",
            "image_72": "https:\/\/avatars.slack-edge.com\/2023-01-25\/4702661419268_2ecdfc20bb56f2adcfd3_72.jpg",
            "first_name": "Eduardo",
            "real_name": "Eduardo Puyol-Martinez",
            "display_name": "Eduardo",
            "team": "T04LDH2CNBY",
            "name": "eduardo",
            "is_restricted": false,
            "is_ultra_restricted": false
        }
    },
    {
        "client_msg_id": "78db6d9a-0c0c-4447-b7f0-f9394bb56b85",
        "type": "message",
        "text": "Good morning!",
        "user": "U0576JVJF1Q",
        "ts": "1690213715.806959",
        "blocks": [
            {
                "type": "rich_text",
                "block_id": "wWr",
                "elements": [
                    {
                        "type": "rich_text_section",
                        "elements": [
                            {
                                "type": "text",
                                "text": "Good morning!"
                            }
                        ]
                    }
                ]
            }
        ],
        "team": "T04LDH2CNBY",
        "user_team": "T04LDH2CNBY",
        "source_team": "T04LDH2CNBY",
        "user_profile": {
            "avatar_hash": "g12be1dbd2bd",
            "image_72": "https:\/\/secure.gravatar.com\/avatar\/12be1dbd2bd270e15f2abc83ff193814.jpg?s=72&d=https%3A%2F%2Fa.slack-edge.com%2Fdf10d%2Fimg%2Favatars%2Fava_0010-72.png",
            "first_name": "Kai",
            "real_name": "Kai",
            "display_name": "Kai",
            "team": "T04LDH2CNBY",
            "name": "kai",
            "is_restricted": false,
            "is_ultra_restricted": false
        }
    },
    {
        "client_msg_id": "33ac619f-744c-422e-a371-bad5ebb2c33e",
        "type": "message",
        "text": "hi, sorry, i'm already back",
        "user": "U04LYRG90QZ",
        "ts": "1690213984.200649",
        "blocks": [
            {
                "type": "rich_text",
                "block_id": "Zqcjv",
                "elements": [
                    {
                        "type": "rich_text_section",
                        "elements": [
                            {
                                "type": "text",
                                "text": "hi, sorry, i'm already back"
                            }
                        ]
                    }
                ]
            }
        ],
        "team": "T04LDH2CNBY",
        "user_team": "T04LDH2CNBY",
        "source_team": "T04LDH2CNBY",
        "user_profile": {
            "avatar_hash": "18034abdbce3",
            "image_72": "https:\/\/avatars.slack-edge.com\/2023-01-26\/4700726977909_18034abdbce385064283_72.jpg",
            "first_name": "Virginia",
            "real_name": "Virginia",
            "display_name": "Virginia",
            "team": "T04LDH2CNBY",
            "name": "virginia",
            "is_restricted": false,
            "is_ultra_restricted": false
        }
    },
    {
        "client_msg_id": "6AF7BE81-CCBF-4A67-B150-0ED5CFC16430",
        "type": "message",
        "text": "In ",
        "user": "U04LL2BJ5GB",
        "ts": "1690218244.316899",
        "blocks": [
            {
                "type": "rich_text",
                "block_id": "7oFLw",
                "elements": [
                    {
                        "type": "rich_text_section",
                        "elements": [
                            {
                                "type": "text",
                                "text": "In "
                            }
                        ]
                    }
                ]
            }
        ],
        "team": "T04LDH2CNBY",
        "user_team": "T04LDH2CNBY",
        "source_team": "T04LDH2CNBY",
        "user_profile": {
            "avatar_hash": "a0aaab73c433",
            "image_72": "https:\/\/avatars.slack-edge.com\/2023-06-02\/5369485068164_a0aaab73c43394143d32_72.png",
            "first_name": "Nestor",
            "real_name": "Nestor Guzman",
            "display_name": "Nestor Guzman",
            "team": "T04LDH2CNBY",
            "name": "nestor",
            "is_restricted": false,
            "is_ultra_restricted": false
        },
        "thread_ts": "1690218244.316899",
        "reply_count": 1,
        "reply_users_count": 1,
        "latest_reply": "1690246874.946099",
        "reply_users": [
            "U04LL2BJ5GB"
        ],
        "replies": [
            {
                "user": "U04LL2BJ5GB",
                "ts": "1690246874.946099"
            }
        ],
        "is_locked": false,
        "subscribed": false
    },
    {
        "client_msg_id": "4436eff7-b118-4e04-b52a-b5a576af7936",
        "type": "message",
        "text": "BRB, have to step out some mins..",
        "user": "U04LYRG90QZ",
        "ts": "1690219999.299559",
        "blocks": [
            {
                "type": "rich_text",
                "block_id": "XvcH",
                "elements": [
                    {
                        "type": "rich_text_section",
                        "elements": [
                            {
                                "type": "text",
                                "text": "BRB, have to step out some mins.."
                            }
                        ]
                    }
                ]
            }
        ],
        "team": "T04LDH2CNBY",
        "user_team": "T04LDH2CNBY",
        "source_team": "T04LDH2CNBY",
        "user_profile": {
            "avatar_hash": "18034abdbce3",
            "image_72": "https:\/\/avatars.slack-edge.com\/2023-01-26\/4700726977909_18034abdbce385064283_72.jpg",
            "first_name": "Virginia",
            "real_name": "Virginia",
            "display_name": "Virginia",
            "team": "T04LDH2CNBY",
            "name": "virginia",
            "is_restricted": false,
            "is_ultra_restricted": false
        }
    },
    {
        "client_msg_id": "50cee598-5a56-4acc-80da-0a686cf1c1aa",
        "type": "message",
        "text": "back",
        "user": "U04LYRG90QZ",
        "ts": "1690221324.302569",
        "blocks": [
            {
                "type": "rich_text",
                "block_id": "ley3c",
                "elements": [
                    {
                        "type": "rich_text_section",
                        "elements": [
                            {
                                "type": "text",
                                "text": "back"
                            }
                        ]
                    }
                ]
            }
        ],
        "team": "T04LDH2CNBY",
        "user_team": "T04LDH2CNBY",
        "source_team": "T04LDH2CNBY",
        "user_profile": {
            "avatar_hash": "18034abdbce3",
            "image_72": "https:\/\/avatars.slack-edge.com\/2023-01-26\/4700726977909_18034abdbce385064283_72.jpg",
            "first_name": "Virginia",
            "real_name": "Virginia",
            "display_name": "Virginia",
            "team": "T04LDH2CNBY",
            "name": "virginia",
            "is_restricted": false,
            "is_ultra_restricted": false
        }
    },
    {
        "client_msg_id": "d44cb437-a254-46b0-bbdf-615f04a9542f",
        "type": "message",
        "text": "BRB",
        "user": "U04LYRG90QZ",
        "ts": "1690228999.542119",
        "blocks": [
            {
                "type": "rich_text",
                "block_id": "2bh7",
                "elements": [
                    {
                        "type": "rich_text_section",
                        "elements": [
                            {
                                "type": "text",
                                "text": "BRB"
                            }
                        ]
                    }
                ]
            }
        ],
        "team": "T04LDH2CNBY",
        "user_team": "T04LDH2CNBY",
        "source_team": "T04LDH2CNBY",
        "user_profile": {
            "avatar_hash": "18034abdbce3",
            "image_72": "https:\/\/avatars.slack-edge.com\/2023-01-26\/4700726977909_18034abdbce385064283_72.jpg",
            "first_name": "Virginia",
            "real_name": "Virginia",
            "display_name": "Virginia",
            "team": "T04LDH2CNBY",
            "name": "virginia",
            "is_restricted": false,
            "is_ultra_restricted": false
        }
    },
    {
        "client_msg_id": "94671848-8f33-470c-ad41-3d9a993aa1a3",
        "type": "message",
        "text": "back",
        "user": "U04LYRG90QZ",
        "ts": "1690231524.001999",
        "blocks": [
            {
                "type": "rich_text",
                "block_id": "bk1+",
                "elements": [
                    {
                        "type": "rich_text_section",
                        "elements": [
                            {
                                "type": "text",
                                "text": "back"
                            }
                        ]
                    }
                ]
            }
        ],
        "team": "T04LDH2CNBY",
        "user_team": "T04LDH2CNBY",
        "source_team": "T04LDH2CNBY",
        "user_profile": {
            "avatar_hash": "18034abdbce3",
            "image_72": "https:\/\/avatars.slack-edge.com\/2023-01-26\/4700726977909_18034abdbce385064283_72.jpg",
            "first_name": "Virginia",
            "real_name": "Virginia",
            "display_name": "Virginia",
            "team": "T04LDH2CNBY",
            "name": "virginia",
            "is_restricted": false,
            "is_ultra_restricted": false
        }
    },
    {
        "client_msg_id": "1c0a38cb-3cfe-41f1-b6dd-fda5df91e9da",
        "type": "message",
        "text": "leaving... see you all tomorrow.",
        "user": "U04LYRG90QZ",
        "ts": "1690240412.467199",
        "blocks": [
            {
                "type": "rich_text",
                "block_id": "dO9+W",
                "elements": [
                    {
                        "type": "rich_text_section",
                        "elements": [
                            {
                                "type": "text",
                                "text": "leaving... see you all tomorrow."
                            }
                        ]
                    }
                ]
            }
        ],
        "team": "T04LDH2CNBY",
        "user_team": "T04LDH2CNBY",
        "source_team": "T04LDH2CNBY",
        "user_profile": {
            "avatar_hash": "18034abdbce3",
            "image_72": "https:\/\/avatars.slack-edge.com\/2023-01-26\/4700726977909_18034abdbce385064283_72.jpg",
            "first_name": "Virginia",
            "real_name": "Virginia",
            "display_name": "Virginia",
            "team": "T04LDH2CNBY",
            "name": "virginia",
            "is_restricted": false,
            "is_ultra_restricted": false
        }
    },
    {
        "client_msg_id": "ab82f144-7a81-4d6f-9e7a-48d11d0f60b1",
        "type": "message",
        "text": "out",
        "user": "U04LL2BJ5GB",
        "ts": "1690246874.946099",
        "blocks": [
            {
                "type": "rich_text",
                "block_id": "8FE",
                "elements": [
                    {
                        "type": "rich_text_section",
                        "elements": [
                            {
                                "type": "text",
                                "text": "out"
                            }
                        ]
                    }
                ]
            }
        ],
        "team": "T04LDH2CNBY",
        "user_team": "T04LDH2CNBY",
        "source_team": "T04LDH2CNBY",
        "user_profile": {
            "avatar_hash": "a0aaab73c433",
            "image_72": "https:\/\/avatars.slack-edge.com\/2023-06-02\/5369485068164_a0aaab73c43394143d32_72.png",
            "first_name": "Nestor",
            "real_name": "Nestor Guzman",
            "display_name": "Nestor Guzman",
            "team": "T04LDH2CNBY",
            "name": "nestor",
            "is_restricted": false,
            "is_ultra_restricted": false
        },
        "thread_ts": "1690218244.316899",
        "parent_user_id": "U04LL2BJ5GB"
    },
    {
        "client_msg_id": "7f08613c-48ca-4a15-84e8-a988fffddc06",
        "type": "message",
        "text": "out",
        "user": "U04LNK3DU84",
        "ts": "1690247919.186859",
        "blocks": [
            {
                "type": "rich_text",
                "block_id": "El+h",
                "elements": [
                    {
                        "type": "rich_text_section",
                        "elements": [
                            {
                                "type": "text",
                                "text": "out"
                            }
                        ]
                    }
                ]
            }
        ],
        "team": "T04LDH2CNBY",
        "user_team": "T04LDH2CNBY",
        "source_team": "T04LDH2CNBY",
        "user_profile": {
            "avatar_hash": "2ecdfc20bb56",
            "image_72": "https:\/\/avatars.slack-edge.com\/2023-01-25\/4702661419268_2ecdfc20bb56f2adcfd3_72.jpg",
            "first_name": "Eduardo",
            "real_name": "Eduardo Puyol-Martinez",
            "display_name": "Eduardo",
            "team": "T04LDH2CNBY",
            "name": "eduardo",
            "is_restricted": false,
            "is_ultra_restricted": false
        }
    }
]