[
    {
        "client_msg_id": "460bcb18-8deb-49ef-a7b1-c8d4735de808",
        "type": "message",
        "text": "hello team!!",
        "user": "U04LYRG90QZ",
        "ts": "1676645855.659259",
        "blocks": [
            {
                "type": "rich_text",
                "block_id": "XxJQk",
                "elements": [
                    {
                        "type": "rich_text_section",
                        "elements": [
                            {
                                "type": "text",
                                "text": "hello team!!"
                            }
                        ]
                    }
                ]
            }
        ],
        "team": "T04LDH2CNBY",
        "user_team": "T04LDH2CNBY",
        "source_team": "T04LDH2CNBY",
        "user_profile": {
            "avatar_hash": "18034abdbce3",
            "image_72": "https:\/\/avatars.slack-edge.com\/2023-01-26\/4700726977909_18034abdbce385064283_72.jpg",
            "first_name": "Virginia",
            "real_name": "Virginia",
            "display_name": "Virginia",
            "team": "T04LDH2CNBY",
            "name": "virginia",
            "is_restricted": false,
            "is_ultra_restricted": false
        }
    },
    {
        "client_msg_id": "A73221E5-FAAC-4F03-BB4C-6F25E2187966",
        "type": "message",
        "text": "Morning !!!",
        "user": "U04LL2M6F99",
        "ts": "1676650088.259989",
        "blocks": [
            {
                "type": "rich_text",
                "block_id": "IO1S",
                "elements": [
                    {
                        "type": "rich_text_section",
                        "elements": [
                            {
                                "type": "text",
                                "text": "Morning !!!"
                            }
                        ]
                    }
                ]
            }
        ],
        "team": "T04LDH2CNBY",
        "user_team": "T04LDH2CNBY",
        "source_team": "T04LDH2CNBY",
        "user_profile": {
            "avatar_hash": "075a5725a539",
            "image_72": "https:\/\/avatars.slack-edge.com\/2023-02-16\/4793680204375_075a5725a53946ba72a8_72.png",
            "first_name": "Kristine",
            "real_name": "Kristine Noel",
            "display_name": "Kristine Noel",
            "team": "T04LDH2CNBY",
            "name": "kristine",
            "is_restricted": false,
            "is_ultra_restricted": false
        }
    },
    {
        "client_msg_id": "9db398a8-8e73-4e45-ae56-fe75153eb68b",
        "type": "message",
        "text": "in checking emails, then will take a short break, thank you!",
        "user": "U04LNK3DU84",
        "ts": "1676651730.059589",
        "blocks": [
            {
                "type": "rich_text",
                "block_id": "wzjdb",
                "elements": [
                    {
                        "type": "rich_text_section",
                        "elements": [
                            {
                                "type": "text",
                                "text": "in checking emails, then will take a short break, thank you!"
                            }
                        ]
                    }
                ]
            }
        ],
        "team": "T04LDH2CNBY",
        "user_team": "T04LDH2CNBY",
        "source_team": "T04LDH2CNBY",
        "user_profile": {
            "avatar_hash": "2ecdfc20bb56",
            "image_72": "https:\/\/avatars.slack-edge.com\/2023-01-25\/4702661419268_2ecdfc20bb56f2adcfd3_72.jpg",
            "first_name": "Eduardo",
            "real_name": "Eduardo Puyol-Martinez",
            "display_name": "Eduardo",
            "team": "T04LDH2CNBY",
            "name": "eduardo",
            "is_restricted": false,
            "is_ultra_restricted": false
        }
    },
    {
        "client_msg_id": "df9f356c-98ca-4e86-b60f-940d0f755392",
        "type": "message",
        "text": "in",
        "user": "U04LDKWRDB8",
        "ts": "1676653085.795819",
        "blocks": [
            {
                "type": "rich_text",
                "block_id": "ePlAA",
                "elements": [
                    {
                        "type": "rich_text_section",
                        "elements": [
                            {
                                "type": "text",
                                "text": "in"
                            }
                        ]
                    }
                ]
            }
        ],
        "team": "T04LDH2CNBY",
        "user_team": "T04LDH2CNBY",
        "source_team": "T04LDH2CNBY",
        "user_profile": {
            "avatar_hash": "a437520525b3",
            "image_72": "https:\/\/avatars.slack-edge.com\/2023-01-31\/4728630296242_a437520525b309207ab3_72.png",
            "first_name": "Kelly",
            "real_name": "Kelly Moody",
            "display_name": "Kelly Moody",
            "team": "T04LDH2CNBY",
            "name": "kelly",
            "is_restricted": false,
            "is_ultra_restricted": false
        }
    },
    {
        "client_msg_id": "a975c9b6-f86b-4d3f-98be-b8b753cf47e3",
        "type": "message",
        "text": "Hi guys! <!here> Good morning! It was great seeing you guys in person in the past couple of days!\n\nA couple updates regarding OPI payments:\n1. Anthony - I've already responded to his email. He'll be paid by EOD today. I called Chase and they needed to re-verify his identity in order to approve the transaction. \n2. Jose - Same. He'll be paid by EOD today. His direct deposit was already verified, and I even paid more for one-day payment yesterday, but somehow it was still taking longer than expected accordingly Chase. \nJose has called me 4 times this morning :scream:, and emailed me as well. I hope that he didn't call\/email any of you guys as he can sound quite aggressive. I do understand his frustration, and I'm doing the best I can working with Chase to get his payment processed. If Jose or Anthony tres to reach out to you, please defer them to me, as I don't want you to deal with his aggression, and I can explain to him where things are with Chase.\n\nThis example also really shows how important it is to have write-ups, workflows, open line of communication, and transparent procedures across the board for all operational and financial matters. I don't anticipate similar issues to take place again with our new streamlined payment process. :slightly_smiling_face:\n\nThank you!",
        "user": "U04LNKU8YF6",
        "ts": "1676654833.208109",
        "blocks": [
            {
                "type": "rich_text",
                "block_id": "XyHzD",
                "elements": [
                    {
                        "type": "rich_text_section",
                        "elements": [
                            {
                                "type": "text",
                                "text": "Hi guys! "
                            },
                            {
                                "type": "broadcast",
                                "range": "here"
                            },
                            {
                                "type": "text",
                                "text": " Good morning! It was great seeing you guys in person in the past couple of days!\n\nA couple updates regarding OPI payments:\n"
                            }
                        ]
                    },
                    {
                        "type": "rich_text_list",
                        "elements": [
                            {
                                "type": "rich_text_section",
                                "elements": [
                                    {
                                        "type": "text",
                                        "text": "Anthony - I've already responded to his email. He'll be paid by EOD today. I called Chase and they needed to re-verify his identity in order to approve the transaction. "
                                    }
                                ]
                            },
                            {
                                "type": "rich_text_section",
                                "elements": [
                                    {
                                        "type": "text",
                                        "text": "Jose - Same. He'll be paid by EOD today. His direct deposit was already verified, and I even paid more for one-day payment yesterday, but somehow it was still taking longer than expected accordingly Chase. "
                                    }
                                ]
                            }
                        ],
                        "style": "ordered",
                        "indent": 0,
                        "border": 0
                    },
                    {
                        "type": "rich_text_section",
                        "elements": [
                            {
                                "type": "text",
                                "text": "\nJose has called me 4 times this morning "
                            },
                            {
                                "type": "emoji",
                                "name": "scream",
                                "unicode": "1f631"
                            },
                            {
                                "type": "text",
                                "text": ", and emailed me as well. I hope that he didn't call\/email any of you guys as he can sound quite aggressive. I do understand his frustration, and I'm doing the best I can working with Chase to get his payment processed. If Jose or Anthony tres to reach out to you, please defer them to me, as I don't want you to deal with his aggression, and I can explain to him where things are with Chase.\n\nThis example also really shows how important it is to have write-ups, workflows, open line of communication, and transparent procedures across the board for all operational and financial matters. I don't anticipate similar issues to take place again with our new streamlined payment process. "
                            },
                            {
                                "type": "emoji",
                                "name": "slightly_smiling_face",
                                "unicode": "1f642"
                            },
                            {
                                "type": "text",
                                "text": "\n\nThank you!"
                            }
                        ]
                    }
                ]
            }
        ],
        "team": "T04LDH2CNBY",
        "user_team": "T04LDH2CNBY",
        "source_team": "T04LDH2CNBY",
        "user_profile": {
            "avatar_hash": "212b82b4d92e",
            "image_72": "https:\/\/avatars.slack-edge.com\/2023-01-25\/4700546482018_212b82b4d92ed2471a10_72.jpg",
            "first_name": "Caroline",
            "real_name": "Caroline Lee",
            "display_name": "Caroline Lee",
            "team": "T04LDH2CNBY",
            "name": "caroline",
            "is_restricted": false,
            "is_ultra_restricted": false
        },
        "thread_ts": "1676654833.208109",
        "reply_count": 2,
        "reply_users_count": 2,
        "latest_reply": "1676658449.657989",
        "reply_users": [
            "U04LL2BJ5GB",
            "U04LNKU8YF6"
        ],
        "replies": [
            {
                "user": "U04LL2BJ5GB",
                "ts": "1676656881.557299"
            },
            {
                "user": "U04LNKU8YF6",
                "ts": "1676658449.657989"
            }
        ],
        "is_locked": false,
        "subscribed": true,
        "last_read": "1676658449.657989",
        "reactions": [
            {
                "name": "+1::skin-tone-3",
                "users": [
                    "U04LDKWRDB8"
                ],
                "count": 1
            },
            {
                "name": "+1",
                "users": [
                    "U04LYRG90QZ",
                    "U04LL2BJ5GB"
                ],
                "count": 2
            }
        ]
    },
    {
        "client_msg_id": "7d7e0406-f9e6-4fa6-bc0f-ccf5d09f6c1b",
        "type": "message",
        "text": "Thank you Caroline! Jose only told me that we was still waiting for his payment. I sent him an e-mail saying how sorry we feel regarding this situation and also let him know that you are personally taking care of this.",
        "user": "U04LYRG90QZ",
        "ts": "1676655203.920179",
        "blocks": [
            {
                "type": "rich_text",
                "block_id": "6WEWQ",
                "elements": [
                    {
                        "type": "rich_text_section",
                        "elements": [
                            {
                                "type": "text",
                                "text": "Thank you Caroline! Jose only told me that we was still waiting for his payment. I sent him an e-mail saying how sorry we feel regarding this situation and also let him know that you are personally taking care of this."
                            }
                        ]
                    }
                ]
            }
        ],
        "team": "T04LDH2CNBY",
        "user_team": "T04LDH2CNBY",
        "source_team": "T04LDH2CNBY",
        "user_profile": {
            "avatar_hash": "18034abdbce3",
            "image_72": "https:\/\/avatars.slack-edge.com\/2023-01-26\/4700726977909_18034abdbce385064283_72.jpg",
            "first_name": "Virginia",
            "real_name": "Virginia",
            "display_name": "Virginia",
            "team": "T04LDH2CNBY",
            "name": "virginia",
            "is_restricted": false,
            "is_ultra_restricted": false
        },
        "reactions": [
            {
                "name": "white_check_mark",
                "users": [
                    "U04LNK3DU84"
                ],
                "count": 1
            }
        ]
    },
    {
        "client_msg_id": "4ebbbc4b-2484-4402-bfbb-7e39f1cd08a9",
        "type": "message",
        "text": "<@U04LNKU8YF6> - It was really great to see you in person as well and it was fun to all be together.",
        "user": "U04LDKWRDB8",
        "ts": "1676655971.857229",
        "blocks": [
            {
                "type": "rich_text",
                "block_id": "cXA",
                "elements": [
                    {
                        "type": "rich_text_section",
                        "elements": [
                            {
                                "type": "user",
                                "user_id": "U04LNKU8YF6"
                            },
                            {
                                "type": "text",
                                "text": " - It was really great to see you in person as well and it was fun to all be together."
                            }
                        ]
                    }
                ]
            }
        ],
        "team": "T04LDH2CNBY",
        "user_team": "T04LDH2CNBY",
        "source_team": "T04LDH2CNBY",
        "user_profile": {
            "avatar_hash": "a437520525b3",
            "image_72": "https:\/\/avatars.slack-edge.com\/2023-01-31\/4728630296242_a437520525b309207ab3_72.png",
            "first_name": "Kelly",
            "real_name": "Kelly Moody",
            "display_name": "Kelly Moody",
            "team": "T04LDH2CNBY",
            "name": "kelly",
            "is_restricted": false,
            "is_ultra_restricted": false
        },
        "reactions": [
            {
                "name": "+1",
                "users": [
                    "U04LL2BJ5GB",
                    "U04LNK3DU84"
                ],
                "count": 2
            },
            {
                "name": "purple_heart",
                "users": [
                    "U04LNKU8YF6"
                ],
                "count": 1
            },
            {
                "name": "accentonlanguagesinc",
                "users": [
                    "U04LNK3DU84"
                ],
                "count": 1
            }
        ]
    },
    {
        "client_msg_id": "E88ED07F-2AE3-4313-9653-5A7A851C7985",
        "type": "message",
        "text": "In",
        "user": "U04LL2BJ5GB",
        "ts": "1676656665.711749",
        "blocks": [
            {
                "type": "rich_text",
                "block_id": "KOIAz",
                "elements": [
                    {
                        "type": "rich_text_section",
                        "elements": [
                            {
                                "type": "text",
                                "text": "In"
                            }
                        ]
                    }
                ]
            }
        ],
        "team": "T04LDH2CNBY",
        "user_team": "T04LDH2CNBY",
        "source_team": "T04LDH2CNBY",
        "user_profile": {
            "avatar_hash": "a0aaab73c433",
            "image_72": "https:\/\/avatars.slack-edge.com\/2023-06-02\/5369485068164_a0aaab73c43394143d32_72.png",
            "first_name": "Nestor",
            "real_name": "Nestor Guzman",
            "display_name": "Nestor Guzman",
            "team": "T04LDH2CNBY",
            "name": "nestor",
            "is_restricted": false,
            "is_ultra_restricted": false
        },
        "thread_ts": "1676656665.711749",
        "reply_count": 1,
        "reply_users_count": 1,
        "latest_reply": "1676684187.562619",
        "reply_users": [
            "U04LL2BJ5GB"
        ],
        "replies": [
            {
                "user": "U04LL2BJ5GB",
                "ts": "1676684187.562619"
            }
        ],
        "is_locked": false,
        "subscribed": false
    },
    {
        "client_msg_id": "4FE9EC8F-BC7A-4417-B405-2E318ACFEE3A",
        "type": "message",
        "text": "I think he called again earlier today around 9 but it seems the situation is all good now? Also thank you for lunch yesterday! It was great to see you all. :slightly_smiling_face: ",
        "user": "U04LL2BJ5GB",
        "ts": "1676656881.557299",
        "blocks": [
            {
                "type": "rich_text",
                "block_id": "gsZF",
                "elements": [
                    {
                        "type": "rich_text_section",
                        "elements": [
                            {
                                "type": "text",
                                "text": "I think he called again earlier today around 9 but it seems the situation is all good now? Also thank you for lunch yesterday! It was great to see you all. "
                            },
                            {
                                "type": "emoji",
                                "name": "slightly_smiling_face",
                                "unicode": "1f642"
                            },
                            {
                                "type": "text",
                                "text": " "
                            }
                        ]
                    }
                ]
            }
        ],
        "team": "T04LDH2CNBY",
        "user_team": "T04LDH2CNBY",
        "source_team": "T04LDH2CNBY",
        "user_profile": {
            "avatar_hash": "a0aaab73c433",
            "image_72": "https:\/\/avatars.slack-edge.com\/2023-06-02\/5369485068164_a0aaab73c43394143d32_72.png",
            "first_name": "Nestor",
            "real_name": "Nestor Guzman",
            "display_name": "Nestor Guzman",
            "team": "T04LDH2CNBY",
            "name": "nestor",
            "is_restricted": false,
            "is_ultra_restricted": false
        },
        "thread_ts": "1676654833.208109",
        "parent_user_id": "U04LNKU8YF6"
    },
    {
        "client_msg_id": "31e7505f-1424-4d2a-8d22-bb2b1e058af8",
        "type": "message",
        "text": "yes should be fine now. Chase payment is still pending but he should have it EOD today",
        "user": "U04LNKU8YF6",
        "ts": "1676658449.657989",
        "blocks": [
            {
                "type": "rich_text",
                "block_id": "rb3RN",
                "elements": [
                    {
                        "type": "rich_text_section",
                        "elements": [
                            {
                                "type": "text",
                                "text": "yes should be fine now. Chase payment is still pending but he should have it EOD today"
                            }
                        ]
                    }
                ]
            }
        ],
        "team": "T04LDH2CNBY",
        "user_team": "T04LDH2CNBY",
        "source_team": "T04LDH2CNBY",
        "user_profile": {
            "avatar_hash": "212b82b4d92e",
            "image_72": "https:\/\/avatars.slack-edge.com\/2023-01-25\/4700546482018_212b82b4d92ed2471a10_72.jpg",
            "first_name": "Caroline",
            "real_name": "Caroline Lee",
            "display_name": "Caroline Lee",
            "team": "T04LDH2CNBY",
            "name": "caroline",
            "is_restricted": false,
            "is_ultra_restricted": false
        },
        "thread_ts": "1676654833.208109",
        "parent_user_id": "U04LNKU8YF6"
    },
    {
        "client_msg_id": "d4fee2ac-91c1-42bc-b3a6-068a9b4c7d0d",
        "type": "message",
        "text": "forgot to mention I'm in",
        "user": "U04LNK3DU84",
        "ts": "1676660901.701529",
        "blocks": [
            {
                "type": "rich_text",
                "block_id": "Y7ui",
                "elements": [
                    {
                        "type": "rich_text_section",
                        "elements": [
                            {
                                "type": "text",
                                "text": "forgot to mention I'm in"
                            }
                        ]
                    }
                ]
            }
        ],
        "team": "T04LDH2CNBY",
        "user_team": "T04LDH2CNBY",
        "source_team": "T04LDH2CNBY",
        "user_profile": {
            "avatar_hash": "2ecdfc20bb56",
            "image_72": "https:\/\/avatars.slack-edge.com\/2023-01-25\/4702661419268_2ecdfc20bb56f2adcfd3_72.jpg",
            "first_name": "Eduardo",
            "real_name": "Eduardo Puyol-Martinez",
            "display_name": "Eduardo",
            "team": "T04LDH2CNBY",
            "name": "eduardo",
            "is_restricted": false,
            "is_ultra_restricted": false
        }
    },
    {
        "client_msg_id": "71284b35-aeb7-4cde-baff-bc61d54e5e17",
        "type": "message",
        "text": "Hi!!!",
        "user": "U04LYRG90QZ",
        "ts": "1676662145.466749",
        "blocks": [
            {
                "type": "rich_text",
                "block_id": "UUGqp",
                "elements": [
                    {
                        "type": "rich_text_section",
                        "elements": [
                            {
                                "type": "text",
                                "text": "Hi!!!"
                            }
                        ]
                    }
                ]
            }
        ],
        "team": "T04LDH2CNBY",
        "user_team": "T04LDH2CNBY",
        "source_team": "T04LDH2CNBY",
        "user_profile": {
            "avatar_hash": "18034abdbce3",
            "image_72": "https:\/\/avatars.slack-edge.com\/2023-01-26\/4700726977909_18034abdbce385064283_72.jpg",
            "first_name": "Virginia",
            "real_name": "Virginia",
            "display_name": "Virginia",
            "team": "T04LDH2CNBY",
            "name": "virginia",
            "is_restricted": false,
            "is_ultra_restricted": false
        }
    },
    {
        "type": "message",
        "text": "<!here> does anyone know who this is??",
        "files": [
            {
                "id": "F04Q16464SJ",
                "created": 1676673893,
                "timestamp": 1676673893,
                "name": "image.png",
                "title": "image.png",
                "mimetype": "image\/png",
                "filetype": "png",
                "pretty_type": "PNG",
                "user": "U04LNKU8YF6",
                "user_team": "T04LDH2CNBY",
                "editable": false,
                "size": 131909,
                "mode": "hosted",
                "is_external": false,
                "external_type": "",
                "is_public": true,
                "public_url_shared": false,
                "display_as_bot": false,
                "username": "",
                "url_private": "https:\/\/files.slack.com\/files-pri\/T04LDH2CNBY-F04Q16464SJ\/image.png?t=xoxe-4693580430406-6172009281334-6191283381473-91f87957d7d1493b6bfd4aa78cb61a3d",
                "url_private_download": "https:\/\/files.slack.com\/files-pri\/T04LDH2CNBY-F04Q16464SJ\/download\/image.png?t=xoxe-4693580430406-6172009281334-6191283381473-91f87957d7d1493b6bfd4aa78cb61a3d",
                "media_display_type": "unknown",
                "thumb_64": "https:\/\/files.slack.com\/files-tmb\/T04LDH2CNBY-F04Q16464SJ-8890b8e75d\/image_64.png?t=xoxe-4693580430406-6172009281334-6191283381473-91f87957d7d1493b6bfd4aa78cb61a3d",
                "thumb_80": "https:\/\/files.slack.com\/files-tmb\/T04LDH2CNBY-F04Q16464SJ-8890b8e75d\/image_80.png?t=xoxe-4693580430406-6172009281334-6191283381473-91f87957d7d1493b6bfd4aa78cb61a3d",
                "thumb_360": "https:\/\/files.slack.com\/files-tmb\/T04LDH2CNBY-F04Q16464SJ-8890b8e75d\/image_360.png?t=xoxe-4693580430406-6172009281334-6191283381473-91f87957d7d1493b6bfd4aa78cb61a3d",
                "thumb_360_w": 360,
                "thumb_360_h": 83,
                "thumb_480": "https:\/\/files.slack.com\/files-tmb\/T04LDH2CNBY-F04Q16464SJ-8890b8e75d\/image_480.png?t=xoxe-4693580430406-6172009281334-6191283381473-91f87957d7d1493b6bfd4aa78cb61a3d",
                "thumb_480_w": 480,
                "thumb_480_h": 111,
                "thumb_160": "https:\/\/files.slack.com\/files-tmb\/T04LDH2CNBY-F04Q16464SJ-8890b8e75d\/image_160.png?t=xoxe-4693580430406-6172009281334-6191283381473-91f87957d7d1493b6bfd4aa78cb61a3d",
                "thumb_720": "https:\/\/files.slack.com\/files-tmb\/T04LDH2CNBY-F04Q16464SJ-8890b8e75d\/image_720.png?t=xoxe-4693580430406-6172009281334-6191283381473-91f87957d7d1493b6bfd4aa78cb61a3d",
                "thumb_720_w": 720,
                "thumb_720_h": 167,
                "thumb_800": "https:\/\/files.slack.com\/files-tmb\/T04LDH2CNBY-F04Q16464SJ-8890b8e75d\/image_800.png?t=xoxe-4693580430406-6172009281334-6191283381473-91f87957d7d1493b6bfd4aa78cb61a3d",
                "thumb_800_w": 800,
                "thumb_800_h": 185,
                "thumb_960": "https:\/\/files.slack.com\/files-tmb\/T04LDH2CNBY-F04Q16464SJ-8890b8e75d\/image_960.png?t=xoxe-4693580430406-6172009281334-6191283381473-91f87957d7d1493b6bfd4aa78cb61a3d",
                "thumb_960_w": 960,
                "thumb_960_h": 222,
                "thumb_1024": "https:\/\/files.slack.com\/files-tmb\/T04LDH2CNBY-F04Q16464SJ-8890b8e75d\/image_1024.png?t=xoxe-4693580430406-6172009281334-6191283381473-91f87957d7d1493b6bfd4aa78cb61a3d",
                "thumb_1024_w": 1024,
                "thumb_1024_h": 237,
                "image_exif_rotation": 1,
                "original_w": 1502,
                "original_h": 348,
                "thumb_tiny": "AwALADDRO7PGMUnzf7NLtUnJAzRsX+6KAE+b\/Zpfm\/2aNqjkAUtACfN\/s0DPfH4UtFAH\/9k=",
                "permalink": "https:\/\/accent-on-languages.slack.com\/files\/U04LNKU8YF6\/F04Q16464SJ\/image.png",
                "permalink_public": "https:\/\/slack-files.com\/T04LDH2CNBY-F04Q16464SJ-6049117d74",
                "is_starred": false,
                "has_rich_preview": false,
                "file_access": "visible"
            }
        ],
        "upload": false,
        "user": "U04LNKU8YF6",
        "display_as_bot": false,
        "ts": "1676673897.208279",
        "blocks": [
            {
                "type": "rich_text",
                "block_id": "XJM1",
                "elements": [
                    {
                        "type": "rich_text_section",
                        "elements": [
                            {
                                "type": "broadcast",
                                "range": "here"
                            },
                            {
                                "type": "text",
                                "text": " does anyone know who this is??"
                            }
                        ]
                    }
                ]
            }
        ],
        "client_msg_id": "5c78690d-7292-4d38-94f3-db4e20fa33fa",
        "thread_ts": "1676673897.208279",
        "reply_count": 5,
        "reply_users_count": 4,
        "latest_reply": "1676674334.982009",
        "reply_users": [
            "U04LL2BJ5GB",
            "U04LH7FMHGD",
            "U04LNK3DU84",
            "U04LNKU8YF6"
        ],
        "replies": [
            {
                "user": "U04LL2BJ5GB",
                "ts": "1676673932.325239"
            },
            {
                "user": "U04LH7FMHGD",
                "ts": "1676673958.751409"
            },
            {
                "user": "U04LNK3DU84",
                "ts": "1676673966.028409"
            },
            {
                "user": "U04LNK3DU84",
                "ts": "1676674132.189929"
            },
            {
                "user": "U04LNKU8YF6",
                "ts": "1676674334.982009"
            }
        ],
        "is_locked": false,
        "subscribed": true,
        "last_read": "1676674334.982009",
        "reactions": [
            {
                "name": "thinking_face",
                "users": [
                    "U04LL2BJ5GB"
                ],
                "count": 1
            }
        ]
    },
    {
        "client_msg_id": "76DBF5CF-90F6-4F8E-8D77-2EB59FAAA1FD",
        "type": "message",
        "text": "Not at all. ",
        "user": "U04LL2BJ5GB",
        "ts": "1676673932.325239",
        "blocks": [
            {
                "type": "rich_text",
                "block_id": "04QW",
                "elements": [
                    {
                        "type": "rich_text_section",
                        "elements": [
                            {
                                "type": "text",
                                "text": "Not at all"
                            },
                            {
                                "type": "text",
                                "text": "."
                            },
                            {
                                "type": "text",
                                "text": " "
                            }
                        ]
                    }
                ]
            }
        ],
        "team": "T04LDH2CNBY",
        "user_team": "T04LDH2CNBY",
        "source_team": "T04LDH2CNBY",
        "user_profile": {
            "avatar_hash": "a0aaab73c433",
            "image_72": "https:\/\/avatars.slack-edge.com\/2023-06-02\/5369485068164_a0aaab73c43394143d32_72.png",
            "first_name": "Nestor",
            "real_name": "Nestor Guzman",
            "display_name": "Nestor Guzman",
            "team": "T04LDH2CNBY",
            "name": "nestor",
            "is_restricted": false,
            "is_ultra_restricted": false
        },
        "thread_ts": "1676673897.208279",
        "parent_user_id": "U04LNKU8YF6"
    },
    {
        "client_msg_id": "88dad573-ea92-496f-97d2-db08e25d0041",
        "type": "message",
        "text": "No idea",
        "user": "U04LH7FMHGD",
        "ts": "1676673958.751409",
        "blocks": [
            {
                "type": "rich_text",
                "block_id": "5bD",
                "elements": [
                    {
                        "type": "rich_text_section",
                        "elements": [
                            {
                                "type": "text",
                                "text": "No idea"
                            }
                        ]
                    }
                ]
            }
        ],
        "team": "T04LDH2CNBY",
        "user_team": "T04LDH2CNBY",
        "source_team": "T04LDH2CNBY",
        "user_profile": {
            "avatar_hash": "g265bf305f0f",
            "image_72": "https:\/\/secure.gravatar.com\/avatar\/265bf305f0fb80067245ba0e6117995c.jpg?s=72&d=https%3A%2F%2Fa.slack-edge.com%2Fdf10d%2Fimg%2Favatars%2Fava_0019-72.png",
            "first_name": "Baoze",
            "real_name": "Baoze Zhang",
            "display_name": "Baoze Zhang",
            "team": "T04LDH2CNBY",
            "name": "baoze",
            "is_restricted": false,
            "is_ultra_restricted": false
        },
        "thread_ts": "1676673897.208279",
        "parent_user_id": "U04LNKU8YF6"
    },
    {
        "client_msg_id": "6b91a018-b44d-4419-a93f-d2d6fbd76766",
        "type": "message",
        "text": "no idea",
        "user": "U04LNK3DU84",
        "ts": "1676673966.028409",
        "blocks": [
            {
                "type": "rich_text",
                "block_id": "wHD2",
                "elements": [
                    {
                        "type": "rich_text_section",
                        "elements": [
                            {
                                "type": "text",
                                "text": "no idea"
                            }
                        ]
                    }
                ]
            }
        ],
        "team": "T04LDH2CNBY",
        "user_team": "T04LDH2CNBY",
        "source_team": "T04LDH2CNBY",
        "user_profile": {
            "avatar_hash": "2ecdfc20bb56",
            "image_72": "https:\/\/avatars.slack-edge.com\/2023-01-25\/4702661419268_2ecdfc20bb56f2adcfd3_72.jpg",
            "first_name": "Eduardo",
            "real_name": "Eduardo Puyol-Martinez",
            "display_name": "Eduardo",
            "team": "T04LDH2CNBY",
            "name": "eduardo",
            "is_restricted": false,
            "is_ultra_restricted": false
        },
        "thread_ts": "1676673897.208279",
        "parent_user_id": "U04LNKU8YF6"
    },
    {
        "client_msg_id": "765f4750-0867-4575-875f-c75932e50e2b",
        "type": "message",
        "text": "Hi Caroline,\nNot at all. Seems pretty scammish to me. Specially for that rate as well.",
        "user": "U04LYRG90QZ",
        "ts": "1676673970.872689",
        "blocks": [
            {
                "type": "rich_text",
                "block_id": "=fZJZ",
                "elements": [
                    {
                        "type": "rich_text_section",
                        "elements": [
                            {
                                "type": "text",
                                "text": "Hi Caroline,\nNot at all. Seems pretty scammish to me. Specially for that rate as well."
                            }
                        ]
                    }
                ]
            }
        ],
        "team": "T04LDH2CNBY",
        "user_team": "T04LDH2CNBY",
        "source_team": "T04LDH2CNBY",
        "user_profile": {
            "avatar_hash": "18034abdbce3",
            "image_72": "https:\/\/avatars.slack-edge.com\/2023-01-26\/4700726977909_18034abdbce385064283_72.jpg",
            "first_name": "Virginia",
            "real_name": "Virginia",
            "display_name": "Virginia",
            "team": "T04LDH2CNBY",
            "name": "virginia",
            "is_restricted": false,
            "is_ultra_restricted": false
        }
    },
    {
        "client_msg_id": "429bd2c2-f359-4b84-9551-b8d5a6ebe5d7",
        "type": "message",
        "text": "Nestor replied this to a previous email that you sent",
        "user": "U04LYRG90QZ",
        "ts": "1676673982.508199",
        "blocks": [
            {
                "type": "rich_text",
                "block_id": "Vde+s",
                "elements": [
                    {
                        "type": "rich_text_section",
                        "elements": [
                            {
                                "type": "text",
                                "text": "Nestor replied this to a previous email that you sent"
                            }
                        ]
                    }
                ]
            }
        ],
        "team": "T04LDH2CNBY",
        "user_team": "T04LDH2CNBY",
        "source_team": "T04LDH2CNBY",
        "user_profile": {
            "avatar_hash": "18034abdbce3",
            "image_72": "https:\/\/avatars.slack-edge.com\/2023-01-26\/4700726977909_18034abdbce385064283_72.jpg",
            "first_name": "Virginia",
            "real_name": "Virginia",
            "display_name": "Virginia",
            "team": "T04LDH2CNBY",
            "name": "virginia",
            "is_restricted": false,
            "is_ultra_restricted": false
        },
        "reactions": [
            {
                "name": "+1",
                "users": [
                    "U04LL2BJ5GB"
                ],
                "count": 1
            }
        ]
    },
    {
        "client_msg_id": "4ccdd3dc-bd7e-4730-bf6a-1063147492fe",
        "type": "message",
        "text": "I would contact PayPal, but not using any of the links to Paypal in the email itself, and ask about this",
        "user": "U04LNK3DU84",
        "ts": "1676674132.189929",
        "blocks": [
            {
                "type": "rich_text",
                "block_id": "tFYYu",
                "elements": [
                    {
                        "type": "rich_text_section",
                        "elements": [
                            {
                                "type": "text",
                                "text": "I would contact PayPal, but not using any of the links to Paypal in the email itself, and ask about this"
                            }
                        ]
                    }
                ]
            }
        ],
        "team": "T04LDH2CNBY",
        "user_team": "T04LDH2CNBY",
        "source_team": "T04LDH2CNBY",
        "user_profile": {
            "avatar_hash": "2ecdfc20bb56",
            "image_72": "https:\/\/avatars.slack-edge.com\/2023-01-25\/4702661419268_2ecdfc20bb56f2adcfd3_72.jpg",
            "first_name": "Eduardo",
            "real_name": "Eduardo Puyol-Martinez",
            "display_name": "Eduardo",
            "team": "T04LDH2CNBY",
            "name": "eduardo",
            "is_restricted": false,
            "is_ultra_restricted": false
        },
        "thread_ts": "1676673897.208279",
        "parent_user_id": "U04LNKU8YF6"
    },
    {
        "client_msg_id": "b8980771-69e6-422a-8755-75f25dd10949",
        "type": "message",
        "text": "ok thank you all! The link was actually no valid, so it's possible that it's a scam, especially if none of us can recognize the name.",
        "user": "U04LNKU8YF6",
        "ts": "1676674334.982009",
        "blocks": [
            {
                "type": "rich_text",
                "block_id": "VBOI0",
                "elements": [
                    {
                        "type": "rich_text_section",
                        "elements": [
                            {
                                "type": "text",
                                "text": "ok thank you all! The link was actually no valid, so it's possible that it's a scam, especially if none of us can recognize the name."
                            }
                        ]
                    }
                ]
            }
        ],
        "team": "T04LDH2CNBY",
        "user_team": "T04LDH2CNBY",
        "source_team": "T04LDH2CNBY",
        "user_profile": {
            "avatar_hash": "212b82b4d92e",
            "image_72": "https:\/\/avatars.slack-edge.com\/2023-01-25\/4700546482018_212b82b4d92ed2471a10_72.jpg",
            "first_name": "Caroline",
            "real_name": "Caroline Lee",
            "display_name": "Caroline Lee",
            "team": "T04LDH2CNBY",
            "name": "caroline",
            "is_restricted": false,
            "is_ultra_restricted": false
        },
        "thread_ts": "1676673897.208279",
        "parent_user_id": "U04LNKU8YF6",
        "reactions": [
            {
                "name": "white_check_mark",
                "users": [
                    "U04LH7FMHGD"
                ],
                "count": 1
            }
        ]
    },
    {
        "client_msg_id": "800B0BDC-67EE-4089-B80A-D7D7DFAF5AD3",
        "type": "message",
        "text": "<#C04LH70RDEZ|general> are we off this Monday? For Presidents’ Day? ",
        "user": "U04LL2BJ5GB",
        "ts": "1676676819.139949",
        "blocks": [
            {
                "type": "rich_text",
                "block_id": "Krkl",
                "elements": [
                    {
                        "type": "rich_text_section",
                        "elements": [
                            {
                                "type": "channel",
                                "channel_id": "C04LH70RDEZ"
                            },
                            {
                                "type": "text",
                                "text": " are we off this Monday? For "
                            },
                            {
                                "type": "text",
                                "text": "Presidents’ Day"
                            },
                            {
                                "type": "text",
                                "text": "? "
                            }
                        ]
                    }
                ]
            }
        ],
        "team": "T04LDH2CNBY",
        "user_team": "T04LDH2CNBY",
        "source_team": "T04LDH2CNBY",
        "user_profile": {
            "avatar_hash": "a0aaab73c433",
            "image_72": "https:\/\/avatars.slack-edge.com\/2023-06-02\/5369485068164_a0aaab73c43394143d32_72.png",
            "first_name": "Nestor",
            "real_name": "Nestor Guzman",
            "display_name": "Nestor Guzman",
            "team": "T04LDH2CNBY",
            "name": "nestor",
            "is_restricted": false,
            "is_ultra_restricted": false
        },
        "reactions": [
            {
                "name": "white_check_mark",
                "users": [
                    "U04LH7FMHGD"
                ],
                "count": 1
            }
        ]
    },
    {
        "client_msg_id": "b51938dc-9cec-4f0d-ba6d-18dc05a4cce0",
        "type": "message",
        "text": "Yes, <!channel> we are closed on Monday, make sure to activate your auto-reply",
        "user": "U04LNK3DU84",
        "ts": "1676676846.798979",
        "blocks": [
            {
                "type": "rich_text",
                "block_id": "+sK",
                "elements": [
                    {
                        "type": "rich_text_section",
                        "elements": [
                            {
                                "type": "text",
                                "text": "Yes, "
                            },
                            {
                                "type": "broadcast",
                                "range": "channel"
                            },
                            {
                                "type": "text",
                                "text": " we are closed on Monday, make sure to activate your auto-reply"
                            }
                        ]
                    }
                ]
            }
        ],
        "team": "T04LDH2CNBY",
        "user_team": "T04LDH2CNBY",
        "source_team": "T04LDH2CNBY",
        "user_profile": {
            "avatar_hash": "2ecdfc20bb56",
            "image_72": "https:\/\/avatars.slack-edge.com\/2023-01-25\/4702661419268_2ecdfc20bb56f2adcfd3_72.jpg",
            "first_name": "Eduardo",
            "real_name": "Eduardo Puyol-Martinez",
            "display_name": "Eduardo",
            "team": "T04LDH2CNBY",
            "name": "eduardo",
            "is_restricted": false,
            "is_ultra_restricted": false
        },
        "reactions": [
            {
                "name": "white_check_mark",
                "users": [
                    "U04LYRG90QZ"
                ],
                "count": 1
            }
        ]
    },
    {
        "client_msg_id": "20fe9158-9e9b-4984-ab40-1af1e8d73cbc",
        "type": "message",
        "text": "<@U04LNKU8YF6> - I'm a little late but NO to Helen Chism.",
        "user": "U04LDKWRDB8",
        "ts": "1676677463.367429",
        "blocks": [
            {
                "type": "rich_text",
                "block_id": "xUt",
                "elements": [
                    {
                        "type": "rich_text_section",
                        "elements": [
                            {
                                "type": "user",
                                "user_id": "U04LNKU8YF6"
                            },
                            {
                                "type": "text",
                                "text": " - I'm a little late but NO to Helen Chism."
                            }
                        ]
                    }
                ]
            }
        ],
        "team": "T04LDH2CNBY",
        "user_team": "T04LDH2CNBY",
        "source_team": "T04LDH2CNBY",
        "user_profile": {
            "avatar_hash": "a437520525b3",
            "image_72": "https:\/\/avatars.slack-edge.com\/2023-01-31\/4728630296242_a437520525b309207ab3_72.png",
            "first_name": "Kelly",
            "real_name": "Kelly Moody",
            "display_name": "Kelly Moody",
            "team": "T04LDH2CNBY",
            "name": "kelly",
            "is_restricted": false,
            "is_ultra_restricted": false
        },
        "reactions": [
            {
                "name": "white_check_mark",
                "users": [
                    "U04LNKU8YF6"
                ],
                "count": 1
            }
        ]
    },
    {
        "client_msg_id": "910cf1aa-32cc-417a-9e53-6c600f0e1566",
        "type": "message",
        "text": "Leaving team.. happy long weekend!",
        "user": "U04LYRG90QZ",
        "ts": "1676679050.186129",
        "blocks": [
            {
                "type": "rich_text",
                "block_id": "yuU",
                "elements": [
                    {
                        "type": "rich_text_section",
                        "elements": [
                            {
                                "type": "text",
                                "text": "Leaving team.. happy long weekend!"
                            }
                        ]
                    }
                ]
            }
        ],
        "team": "T04LDH2CNBY",
        "user_team": "T04LDH2CNBY",
        "source_team": "T04LDH2CNBY",
        "user_profile": {
            "avatar_hash": "18034abdbce3",
            "image_72": "https:\/\/avatars.slack-edge.com\/2023-01-26\/4700726977909_18034abdbce385064283_72.jpg",
            "first_name": "Virginia",
            "real_name": "Virginia",
            "display_name": "Virginia",
            "team": "T04LDH2CNBY",
            "name": "virginia",
            "is_restricted": false,
            "is_ultra_restricted": false
        },
        "reactions": [
            {
                "name": "white_check_mark",
                "users": [
                    "U04LNK3DU84"
                ],
                "count": 1
            }
        ]
    },
    {
        "client_msg_id": "a9d470e4-b471-42a1-861a-1e287e7175c3",
        "type": "message",
        "text": "<@U04LNK3DU84> <@U04LL2M6F99> - Two interpreters, Lourdes Perales and Semere Kiflemariam keep getting notifications to update their information in the portal. they both just let me know that they've updated it but they're still being sent notifications. I'm not sure how to turn off the notifications",
        "user": "U04LDKWRDB8",
        "ts": "1676679275.861669",
        "blocks": [
            {
                "type": "rich_text",
                "block_id": "o6i3q",
                "elements": [
                    {
                        "type": "rich_text_section",
                        "elements": [
                            {
                                "type": "user",
                                "user_id": "U04LNK3DU84"
                            },
                            {
                                "type": "text",
                                "text": " "
                            },
                            {
                                "type": "user",
                                "user_id": "U04LL2M6F99"
                            },
                            {
                                "type": "text",
                                "text": " - Two interpreters, Lourdes Perales and Semere Kiflemariam keep getting notifications to update their information in the portal. they both just let me know that they've updated it but they're still being sent notifications. I'm not sure how to turn off the notifications"
                            }
                        ]
                    }
                ]
            }
        ],
        "team": "T04LDH2CNBY",
        "user_team": "T04LDH2CNBY",
        "source_team": "T04LDH2CNBY",
        "user_profile": {
            "avatar_hash": "a437520525b3",
            "image_72": "https:\/\/avatars.slack-edge.com\/2023-01-31\/4728630296242_a437520525b309207ab3_72.png",
            "first_name": "Kelly",
            "real_name": "Kelly Moody",
            "display_name": "Kelly Moody",
            "team": "T04LDH2CNBY",
            "name": "kelly",
            "is_restricted": false,
            "is_ultra_restricted": false
        }
    },
    {
        "client_msg_id": "bb61b854-f0fc-4f9c-8e86-10d188a2ad2a",
        "type": "message",
        "text": "did they upload the docs? I will verify...",
        "user": "U04LNK3DU84",
        "ts": "1676679300.430669",
        "blocks": [
            {
                "type": "rich_text",
                "block_id": "Wsc",
                "elements": [
                    {
                        "type": "rich_text_section",
                        "elements": [
                            {
                                "type": "text",
                                "text": "did they upload the docs? I will verify..."
                            }
                        ]
                    }
                ]
            }
        ],
        "team": "T04LDH2CNBY",
        "user_team": "T04LDH2CNBY",
        "source_team": "T04LDH2CNBY",
        "user_profile": {
            "avatar_hash": "2ecdfc20bb56",
            "image_72": "https:\/\/avatars.slack-edge.com\/2023-01-25\/4702661419268_2ecdfc20bb56f2adcfd3_72.jpg",
            "first_name": "Eduardo",
            "real_name": "Eduardo Puyol-Martinez",
            "display_name": "Eduardo",
            "team": "T04LDH2CNBY",
            "name": "eduardo",
            "is_restricted": false,
            "is_ultra_restricted": false
        }
    },
    {
        "client_msg_id": "807d5c9e-2072-41a3-8c79-69ffce57a772",
        "type": "message",
        "text": "i believe so",
        "user": "U04LDKWRDB8",
        "ts": "1676679315.291659",
        "blocks": [
            {
                "type": "rich_text",
                "block_id": "cru",
                "elements": [
                    {
                        "type": "rich_text_section",
                        "elements": [
                            {
                                "type": "text",
                                "text": "i believe so"
                            }
                        ]
                    }
                ]
            }
        ],
        "team": "T04LDH2CNBY",
        "user_team": "T04LDH2CNBY",
        "source_team": "T04LDH2CNBY",
        "user_profile": {
            "avatar_hash": "a437520525b3",
            "image_72": "https:\/\/avatars.slack-edge.com\/2023-01-31\/4728630296242_a437520525b309207ab3_72.png",
            "first_name": "Kelly",
            "real_name": "Kelly Moody",
            "display_name": "Kelly Moody",
            "team": "T04LDH2CNBY",
            "name": "kelly",
            "is_restricted": false,
            "is_ultra_restricted": false
        },
        "reactions": [
            {
                "name": "+1",
                "users": [
                    "U04LNK3DU84"
                ],
                "count": 1
            }
        ]
    },
    {
        "client_msg_id": "E0D68F61-6941-49BB-B5D8-A4D3573B18E7",
        "type": "message",
        "text": "Out ",
        "user": "U04LL2BJ5GB",
        "ts": "1676684187.562619",
        "blocks": [
            {
                "type": "rich_text",
                "block_id": "zpM3I",
                "elements": [
                    {
                        "type": "rich_text_section",
                        "elements": [
                            {
                                "type": "text",
                                "text": "Out "
                            }
                        ]
                    }
                ]
            }
        ],
        "team": "T04LDH2CNBY",
        "user_team": "T04LDH2CNBY",
        "source_team": "T04LDH2CNBY",
        "user_profile": {
            "avatar_hash": "a0aaab73c433",
            "image_72": "https:\/\/avatars.slack-edge.com\/2023-06-02\/5369485068164_a0aaab73c43394143d32_72.png",
            "first_name": "Nestor",
            "real_name": "Nestor Guzman",
            "display_name": "Nestor Guzman",
            "team": "T04LDH2CNBY",
            "name": "nestor",
            "is_restricted": false,
            "is_ultra_restricted": false
        },
        "thread_ts": "1676656665.711749",
        "parent_user_id": "U04LL2BJ5GB"
    }
]