[
    {
        "client_msg_id": "6c286ac9-045d-4764-8842-83ad756c1a2f",
        "type": "message",
        "text": "morning!!",
        "user": "U04LYRG90QZ",
        "ts": "1680703227.318519",
        "blocks": [
            {
                "type": "rich_text",
                "block_id": "I6T",
                "elements": [
                    {
                        "type": "rich_text_section",
                        "elements": [
                            {
                                "type": "text",
                                "text": "morning!!"
                            }
                        ]
                    }
                ]
            }
        ],
        "team": "T04LDH2CNBY",
        "user_team": "T04LDH2CNBY",
        "source_team": "T04LDH2CNBY",
        "user_profile": {
            "avatar_hash": "18034abdbce3",
            "image_72": "https:\/\/avatars.slack-edge.com\/2023-01-26\/4700726977909_18034abdbce385064283_72.jpg",
            "first_name": "Virginia",
            "real_name": "Virginia",
            "display_name": "Virginia",
            "team": "T04LDH2CNBY",
            "name": "virginia",
            "is_restricted": false,
            "is_ultra_restricted": false
        }
    },
    {
        "client_msg_id": "f73761f6-c10d-451b-a8a0-b50bdf068390",
        "type": "message",
        "text": "Morning",
        "user": "U04LL2M6F99",
        "ts": "1680703726.304889",
        "blocks": [
            {
                "type": "rich_text",
                "block_id": "oR6aC",
                "elements": [
                    {
                        "type": "rich_text_section",
                        "elements": [
                            {
                                "type": "text",
                                "text": "Morning"
                            }
                        ]
                    }
                ]
            }
        ],
        "team": "T04LDH2CNBY",
        "user_team": "T04LDH2CNBY",
        "source_team": "T04LDH2CNBY",
        "user_profile": {
            "avatar_hash": "075a5725a539",
            "image_72": "https:\/\/avatars.slack-edge.com\/2023-02-16\/4793680204375_075a5725a53946ba72a8_72.png",
            "first_name": "Kristine",
            "real_name": "Kristine Noel",
            "display_name": "Kristine Noel",
            "team": "T04LDH2CNBY",
            "name": "kristine",
            "is_restricted": false,
            "is_ultra_restricted": false
        }
    },
    {
        "client_msg_id": "10a2df24-0f2f-41b2-9b0b-1fe7c0743e7c",
        "type": "message",
        "text": "quick lunch!",
        "user": "U04LYRG90QZ",
        "ts": "1680710080.349519",
        "blocks": [
            {
                "type": "rich_text",
                "block_id": "S0WBZ",
                "elements": [
                    {
                        "type": "rich_text_section",
                        "elements": [
                            {
                                "type": "text",
                                "text": "quick lunch!"
                            }
                        ]
                    }
                ]
            }
        ],
        "team": "T04LDH2CNBY",
        "user_team": "T04LDH2CNBY",
        "source_team": "T04LDH2CNBY",
        "user_profile": {
            "avatar_hash": "18034abdbce3",
            "image_72": "https:\/\/avatars.slack-edge.com\/2023-01-26\/4700726977909_18034abdbce385064283_72.jpg",
            "first_name": "Virginia",
            "real_name": "Virginia",
            "display_name": "Virginia",
            "team": "T04LDH2CNBY",
            "name": "virginia",
            "is_restricted": false,
            "is_ultra_restricted": false
        }
    },
    {
        "client_msg_id": "26b4747c-c12d-4349-9ded-67f57f897a37",
        "type": "message",
        "text": "in",
        "user": "U04LDKWRDB8",
        "ts": "1680710724.963909",
        "blocks": [
            {
                "type": "rich_text",
                "block_id": "+mW",
                "elements": [
                    {
                        "type": "rich_text_section",
                        "elements": [
                            {
                                "type": "text",
                                "text": "in"
                            }
                        ]
                    }
                ]
            }
        ],
        "team": "T04LDH2CNBY",
        "user_team": "T04LDH2CNBY",
        "source_team": "T04LDH2CNBY",
        "user_profile": {
            "avatar_hash": "a437520525b3",
            "image_72": "https:\/\/avatars.slack-edge.com\/2023-01-31\/4728630296242_a437520525b309207ab3_72.png",
            "first_name": "Kelly",
            "real_name": "Kelly Moody",
            "display_name": "Kelly Moody",
            "team": "T04LDH2CNBY",
            "name": "kelly",
            "is_restricted": false,
            "is_ultra_restricted": false
        }
    },
    {
        "client_msg_id": "91bf7f2f-9874-426b-a72e-ac204e8fccd1",
        "type": "message",
        "text": "in",
        "user": "U04LNK3DU84",
        "ts": "1680710943.332799",
        "blocks": [
            {
                "type": "rich_text",
                "block_id": "Vpbo",
                "elements": [
                    {
                        "type": "rich_text_section",
                        "elements": [
                            {
                                "type": "text",
                                "text": "in"
                            }
                        ]
                    }
                ]
            }
        ],
        "team": "T04LDH2CNBY",
        "user_team": "T04LDH2CNBY",
        "source_team": "T04LDH2CNBY",
        "user_profile": {
            "avatar_hash": "2ecdfc20bb56",
            "image_72": "https:\/\/avatars.slack-edge.com\/2023-01-25\/4702661419268_2ecdfc20bb56f2adcfd3_72.jpg",
            "first_name": "Eduardo",
            "real_name": "Eduardo Puyol-Martinez",
            "display_name": "Eduardo",
            "team": "T04LDH2CNBY",
            "name": "eduardo",
            "is_restricted": false,
            "is_ultra_restricted": false
        }
    },
    {
        "client_msg_id": "53e53e02-7cac-48ff-9639-1ff1fa2a018d",
        "type": "message",
        "text": "back",
        "user": "U04LYRG90QZ",
        "ts": "1680711264.968479",
        "blocks": [
            {
                "type": "rich_text",
                "block_id": "3Hi",
                "elements": [
                    {
                        "type": "rich_text_section",
                        "elements": [
                            {
                                "type": "text",
                                "text": "back"
                            }
                        ]
                    }
                ]
            }
        ],
        "team": "T04LDH2CNBY",
        "user_team": "T04LDH2CNBY",
        "source_team": "T04LDH2CNBY",
        "user_profile": {
            "avatar_hash": "18034abdbce3",
            "image_72": "https:\/\/avatars.slack-edge.com\/2023-01-26\/4700726977909_18034abdbce385064283_72.jpg",
            "first_name": "Virginia",
            "real_name": "Virginia",
            "display_name": "Virginia",
            "team": "T04LDH2CNBY",
            "name": "virginia",
            "is_restricted": false,
            "is_ultra_restricted": false
        }
    },
    {
        "client_msg_id": "65A39751-B7E0-4424-AE73-C5A5725B09FD",
        "type": "message",
        "text": "In ",
        "user": "U04LL2BJ5GB",
        "ts": "1680715950.977999",
        "blocks": [
            {
                "type": "rich_text",
                "block_id": "=RZ",
                "elements": [
                    {
                        "type": "rich_text_section",
                        "elements": [
                            {
                                "type": "text",
                                "text": "I"
                            },
                            {
                                "type": "text",
                                "text": "n "
                            }
                        ]
                    }
                ]
            }
        ],
        "team": "T04LDH2CNBY",
        "user_team": "T04LDH2CNBY",
        "source_team": "T04LDH2CNBY",
        "user_profile": {
            "avatar_hash": "a0aaab73c433",
            "image_72": "https:\/\/avatars.slack-edge.com\/2023-06-02\/5369485068164_a0aaab73c43394143d32_72.png",
            "first_name": "Nestor",
            "real_name": "Nestor Guzman",
            "display_name": "Nestor Guzman",
            "team": "T04LDH2CNBY",
            "name": "nestor",
            "is_restricted": false,
            "is_ultra_restricted": false
        },
        "thread_ts": "1680715950.977999",
        "reply_count": 1,
        "reply_users_count": 1,
        "latest_reply": "1680741923.160079",
        "reply_users": [
            "U04LL2BJ5GB"
        ],
        "replies": [
            {
                "user": "U04LL2BJ5GB",
                "ts": "1680741923.160079"
            }
        ],
        "is_locked": false,
        "subscribed": false
    },
    {
        "client_msg_id": "6e2afa98-6593-45cc-8c62-ad6679eb05b2",
        "type": "message",
        "text": "BRB team..",
        "user": "U04LYRG90QZ",
        "ts": "1680722156.662089",
        "blocks": [
            {
                "type": "rich_text",
                "block_id": "cRqA",
                "elements": [
                    {
                        "type": "rich_text_section",
                        "elements": [
                            {
                                "type": "text",
                                "text": "BRB team.."
                            }
                        ]
                    }
                ]
            }
        ],
        "team": "T04LDH2CNBY",
        "user_team": "T04LDH2CNBY",
        "source_team": "T04LDH2CNBY",
        "user_profile": {
            "avatar_hash": "18034abdbce3",
            "image_72": "https:\/\/avatars.slack-edge.com\/2023-01-26\/4700726977909_18034abdbce385064283_72.jpg",
            "first_name": "Virginia",
            "real_name": "Virginia",
            "display_name": "Virginia",
            "team": "T04LDH2CNBY",
            "name": "virginia",
            "is_restricted": false,
            "is_ultra_restricted": false
        }
    },
    {
        "client_msg_id": "2f7668d7-01ca-4618-8a85-07533abe096e",
        "type": "message",
        "text": "i'm sorry i'm already back",
        "user": "U04LYRG90QZ",
        "ts": "1680724245.266249",
        "blocks": [
            {
                "type": "rich_text",
                "block_id": "fW2X1",
                "elements": [
                    {
                        "type": "rich_text_section",
                        "elements": [
                            {
                                "type": "text",
                                "text": "i'm sorry i'm already back"
                            }
                        ]
                    }
                ]
            }
        ],
        "team": "T04LDH2CNBY",
        "user_team": "T04LDH2CNBY",
        "source_team": "T04LDH2CNBY",
        "user_profile": {
            "avatar_hash": "18034abdbce3",
            "image_72": "https:\/\/avatars.slack-edge.com\/2023-01-26\/4700726977909_18034abdbce385064283_72.jpg",
            "first_name": "Virginia",
            "real_name": "Virginia",
            "display_name": "Virginia",
            "team": "T04LDH2CNBY",
            "name": "virginia",
            "is_restricted": false,
            "is_ultra_restricted": false
        }
    },
    {
        "client_msg_id": "4e93d790-aee7-4c8a-8da2-ed3d0c6415c9",
        "type": "message",
        "text": "Hello <!channel> a quick announcement, we are changing the schedule for the office meetings a little bit, we will still do Thursdays, but instead of 2pm PT\/5pm ET, we will do *11:15am PT\/2:15pm ET moving forward*, I will be sending an update via email ...thank you!",
        "user": "U04LNK3DU84",
        "ts": "1680725222.589689",
        "blocks": [
            {
                "type": "rich_text",
                "block_id": "Hys",
                "elements": [
                    {
                        "type": "rich_text_section",
                        "elements": [
                            {
                                "type": "text",
                                "text": "Hello "
                            },
                            {
                                "type": "broadcast",
                                "range": "channel"
                            },
                            {
                                "type": "text",
                                "text": " a quick announcement, we are changing the schedule for the office meetings a little bit, we will still do Thursdays, but instead of 2pm PT\/5pm ET, we will do "
                            },
                            {
                                "type": "text",
                                "text": "11:15am PT\/2:15pm ET moving forward",
                                "style": {
                                    "bold": true
                                }
                            },
                            {
                                "type": "text",
                                "text": ", I will be sending an update via email ...thank you!"
                            }
                        ]
                    }
                ]
            }
        ],
        "team": "T04LDH2CNBY",
        "user_team": "T04LDH2CNBY",
        "source_team": "T04LDH2CNBY",
        "user_profile": {
            "avatar_hash": "2ecdfc20bb56",
            "image_72": "https:\/\/avatars.slack-edge.com\/2023-01-25\/4702661419268_2ecdfc20bb56f2adcfd3_72.jpg",
            "first_name": "Eduardo",
            "real_name": "Eduardo Puyol-Martinez",
            "display_name": "Eduardo",
            "team": "T04LDH2CNBY",
            "name": "eduardo",
            "is_restricted": false,
            "is_ultra_restricted": false
        },
        "reactions": [
            {
                "name": "white_check_mark",
                "users": [
                    "U04LYRG90QZ"
                ],
                "count": 1
            },
            {
                "name": "+1",
                "users": [
                    "U04LH7FMHGD",
                    "U04LL2BJ5GB"
                ],
                "count": 2
            }
        ]
    },
    {
        "client_msg_id": "3bb86191-7b47-491d-aa35-5b1e93b561af",
        "type": "message",
        "text": "Hello <!channel> I am posting here to everybody just to spread the word quicker....as I am revising rate sheets for unified school districts, I've noticed we don't have some of the latest purchase orders on file....I am trying to gather them all in one place and I would appreciate your help to forward me any information you may have (points of contact to follow up, documents attached to emails, etc.) for *Napa Valley Unified School District and Castro Valley Unified School District*, in particular, .....but any info you have about any USD is welcome, I'll try to put this information in one place and organize it for future reference....thank you in advance for your help!",
        "user": "U04LNK3DU84",
        "ts": "1680728171.529179",
        "blocks": [
            {
                "type": "rich_text",
                "block_id": "X1p5h",
                "elements": [
                    {
                        "type": "rich_text_section",
                        "elements": [
                            {
                                "type": "text",
                                "text": "Hello "
                            },
                            {
                                "type": "broadcast",
                                "range": "channel"
                            },
                            {
                                "type": "text",
                                "text": " I am posting here to everybody just to spread the word quicker....as I am revising rate sheets for unified school districts, I've noticed we don't have some of the latest purchase orders on file....I am trying to gather them all in one place and I would appreciate your help to forward me any information you may have (points of contact to follow up, documents attached to emails, etc.) for "
                            },
                            {
                                "type": "text",
                                "text": "Napa Valley Unified School District and Castro Valley Unified School District",
                                "style": {
                                    "bold": true
                                }
                            },
                            {
                                "type": "text",
                                "text": ", in particular, .....but any info you have about any USD is welcome, I'll try to put this information in one place and organize it for future reference....thank you in advance for your help!"
                            }
                        ]
                    }
                ]
            }
        ],
        "team": "T04LDH2CNBY",
        "user_team": "T04LDH2CNBY",
        "source_team": "T04LDH2CNBY",
        "user_profile": {
            "avatar_hash": "2ecdfc20bb56",
            "image_72": "https:\/\/avatars.slack-edge.com\/2023-01-25\/4702661419268_2ecdfc20bb56f2adcfd3_72.jpg",
            "first_name": "Eduardo",
            "real_name": "Eduardo Puyol-Martinez",
            "display_name": "Eduardo",
            "team": "T04LDH2CNBY",
            "name": "eduardo",
            "is_restricted": false,
            "is_ultra_restricted": false
        },
        "thread_ts": "1680728171.529179",
        "reply_count": 4,
        "reply_users_count": 2,
        "latest_reply": "1680731889.944119",
        "reply_users": [
            "U04LDKWRDB8",
            "U04LNK3DU84"
        ],
        "replies": [
            {
                "user": "U04LDKWRDB8",
                "ts": "1680729058.129069"
            },
            {
                "user": "U04LNK3DU84",
                "ts": "1680729145.179499"
            },
            {
                "user": "U04LDKWRDB8",
                "ts": "1680730120.592799"
            },
            {
                "user": "U04LNK3DU84",
                "ts": "1680731889.944119"
            }
        ],
        "is_locked": false,
        "subscribed": false,
        "reactions": [
            {
                "name": "white_check_mark",
                "users": [
                    "U04LYRG90QZ",
                    "U04LDKWRDB8"
                ],
                "count": 2
            }
        ]
    },
    {
        "client_msg_id": "2c3623df-05a6-4931-b476-9bf250a0f6ae",
        "type": "message",
        "text": "BRB Team...",
        "user": "U04LYRG90QZ",
        "ts": "1680728790.912299",
        "blocks": [
            {
                "type": "rich_text",
                "block_id": "36Sd",
                "elements": [
                    {
                        "type": "rich_text_section",
                        "elements": [
                            {
                                "type": "text",
                                "text": "BRB Team..."
                            }
                        ]
                    }
                ]
            }
        ],
        "team": "T04LDH2CNBY",
        "user_team": "T04LDH2CNBY",
        "source_team": "T04LDH2CNBY",
        "user_profile": {
            "avatar_hash": "18034abdbce3",
            "image_72": "https:\/\/avatars.slack-edge.com\/2023-01-26\/4700726977909_18034abdbce385064283_72.jpg",
            "first_name": "Virginia",
            "real_name": "Virginia",
            "display_name": "Virginia",
            "team": "T04LDH2CNBY",
            "name": "virginia",
            "is_restricted": false,
            "is_ultra_restricted": false
        }
    },
    {
        "client_msg_id": "dba37dc5-9313-498f-a51c-3aba748f208d",
        "type": "message",
        "text": "I believe the contact ppl for Napa are Vera Morales, Fabiola Rodriguez-Aguilar and Viviana Loera. For CV, I will have to look up",
        "user": "U04LDKWRDB8",
        "ts": "1680729058.129069",
        "blocks": [
            {
                "type": "rich_text",
                "block_id": "l=Y1",
                "elements": [
                    {
                        "type": "rich_text_section",
                        "elements": [
                            {
                                "type": "text",
                                "text": "I believe the contact ppl for Napa are Vera Morales, Fabiola Rodriguez-Aguilar and Viviana Loera. For CV, I will have to look up"
                            }
                        ]
                    }
                ]
            }
        ],
        "team": "T04LDH2CNBY",
        "user_team": "T04LDH2CNBY",
        "source_team": "T04LDH2CNBY",
        "user_profile": {
            "avatar_hash": "a437520525b3",
            "image_72": "https:\/\/avatars.slack-edge.com\/2023-01-31\/4728630296242_a437520525b309207ab3_72.png",
            "first_name": "Kelly",
            "real_name": "Kelly Moody",
            "display_name": "Kelly Moody",
            "team": "T04LDH2CNBY",
            "name": "kelly",
            "is_restricted": false,
            "is_ultra_restricted": false
        },
        "thread_ts": "1680728171.529179",
        "parent_user_id": "U04LNK3DU84",
        "reactions": [
            {
                "name": "white_check_mark",
                "users": [
                    "U04LNK3DU84"
                ],
                "count": 1
            }
        ]
    },
    {
        "client_msg_id": "9a1da2f4-6ec9-43df-afb9-89e3fb70b00d",
        "type": "message",
        "text": "Awesome I might contact Vera for Napa....for CV , I believe I have a name that Daniel shared with me as well, the person we send invoices to, I might check with that person as well",
        "user": "U04LNK3DU84",
        "ts": "1680729145.179499",
        "blocks": [
            {
                "type": "rich_text",
                "block_id": "awzu",
                "elements": [
                    {
                        "type": "rich_text_section",
                        "elements": [
                            {
                                "type": "text",
                                "text": "Awesome I might contact Vera for Napa....for CV , I believe I have a name that Daniel shared with me as well, the person we send invoices to, I might check with that person as well"
                            }
                        ]
                    }
                ]
            }
        ],
        "team": "T04LDH2CNBY",
        "user_team": "T04LDH2CNBY",
        "source_team": "T04LDH2CNBY",
        "user_profile": {
            "avatar_hash": "2ecdfc20bb56",
            "image_72": "https:\/\/avatars.slack-edge.com\/2023-01-25\/4702661419268_2ecdfc20bb56f2adcfd3_72.jpg",
            "first_name": "Eduardo",
            "real_name": "Eduardo Puyol-Martinez",
            "display_name": "Eduardo",
            "team": "T04LDH2CNBY",
            "name": "eduardo",
            "is_restricted": false,
            "is_ultra_restricted": false
        },
        "thread_ts": "1680728171.529179",
        "parent_user_id": "U04LNK3DU84",
        "reactions": [
            {
                "name": "white_check_mark",
                "users": [
                    "U04LDKWRDB8"
                ],
                "count": 1
            }
        ]
    },
    {
        "client_msg_id": "e29fd6fd-4a65-4709-83c8-0a8f01d3a3b6",
        "type": "message",
        "text": "back",
        "user": "U04LYRG90QZ",
        "ts": "1680729631.793449",
        "blocks": [
            {
                "type": "rich_text",
                "block_id": "FOLx",
                "elements": [
                    {
                        "type": "rich_text_section",
                        "elements": [
                            {
                                "type": "text",
                                "text": "back"
                            }
                        ]
                    }
                ]
            }
        ],
        "team": "T04LDH2CNBY",
        "user_team": "T04LDH2CNBY",
        "source_team": "T04LDH2CNBY",
        "user_profile": {
            "avatar_hash": "18034abdbce3",
            "image_72": "https:\/\/avatars.slack-edge.com\/2023-01-26\/4700726977909_18034abdbce385064283_72.jpg",
            "first_name": "Virginia",
            "real_name": "Virginia",
            "display_name": "Virginia",
            "team": "T04LDH2CNBY",
            "name": "virginia",
            "is_restricted": false,
            "is_ultra_restricted": false
        }
    },
    {
        "client_msg_id": "da8cb62b-ac86-4adb-8929-24edaec5b07b",
        "type": "message",
        "text": "do you want Vera's email",
        "user": "U04LDKWRDB8",
        "ts": "1680730120.592799",
        "blocks": [
            {
                "type": "rich_text",
                "block_id": "q9EKx",
                "elements": [
                    {
                        "type": "rich_text_section",
                        "elements": [
                            {
                                "type": "text",
                                "text": "do you want Vera's email"
                            }
                        ]
                    }
                ]
            }
        ],
        "team": "T04LDH2CNBY",
        "user_team": "T04LDH2CNBY",
        "source_team": "T04LDH2CNBY",
        "user_profile": {
            "avatar_hash": "a437520525b3",
            "image_72": "https:\/\/avatars.slack-edge.com\/2023-01-31\/4728630296242_a437520525b309207ab3_72.png",
            "first_name": "Kelly",
            "real_name": "Kelly Moody",
            "display_name": "Kelly Moody",
            "team": "T04LDH2CNBY",
            "name": "kelly",
            "is_restricted": false,
            "is_ultra_restricted": false
        },
        "thread_ts": "1680728171.529179",
        "parent_user_id": "U04LNK3DU84",
        "reactions": [
            {
                "name": "+1",
                "users": [
                    "U04LNK3DU84"
                ],
                "count": 1
            }
        ]
    },
    {
        "client_msg_id": "fe271584-23bc-41aa-82db-8c15b2268e27",
        "type": "message",
        "text": "I believe I have it....",
        "user": "U04LNK3DU84",
        "ts": "1680731889.944119",
        "blocks": [
            {
                "type": "rich_text",
                "block_id": "mRUH",
                "elements": [
                    {
                        "type": "rich_text_section",
                        "elements": [
                            {
                                "type": "text",
                                "text": "I believe I have it...."
                            }
                        ]
                    }
                ]
            }
        ],
        "team": "T04LDH2CNBY",
        "user_team": "T04LDH2CNBY",
        "source_team": "T04LDH2CNBY",
        "user_profile": {
            "avatar_hash": "2ecdfc20bb56",
            "image_72": "https:\/\/avatars.slack-edge.com\/2023-01-25\/4702661419268_2ecdfc20bb56f2adcfd3_72.jpg",
            "first_name": "Eduardo",
            "real_name": "Eduardo Puyol-Martinez",
            "display_name": "Eduardo",
            "team": "T04LDH2CNBY",
            "name": "eduardo",
            "is_restricted": false,
            "is_ultra_restricted": false
        },
        "thread_ts": "1680728171.529179",
        "parent_user_id": "U04LNK3DU84",
        "reactions": [
            {
                "name": "white_check_mark",
                "users": [
                    "U04LDKWRDB8"
                ],
                "count": 1
            }
        ]
    },
    {
        "client_msg_id": "7f77319c-2871-4cb0-83ba-f6d3e1ce9421",
        "type": "message",
        "text": "team <!channel> I am pausing for a sec to send out the City of Cudahy proposal, back in just 10-20 minutes",
        "user": "U04LNK3DU84",
        "ts": "1680732195.986389",
        "blocks": [
            {
                "type": "rich_text",
                "block_id": "JGx5",
                "elements": [
                    {
                        "type": "rich_text_section",
                        "elements": [
                            {
                                "type": "text",
                                "text": "team "
                            },
                            {
                                "type": "broadcast",
                                "range": "channel"
                            },
                            {
                                "type": "text",
                                "text": " I am pausing for a sec to send out the City of Cudahy proposal, back in just 10-20 minutes"
                            }
                        ]
                    }
                ]
            }
        ],
        "team": "T04LDH2CNBY",
        "user_team": "T04LDH2CNBY",
        "source_team": "T04LDH2CNBY",
        "user_profile": {
            "avatar_hash": "2ecdfc20bb56",
            "image_72": "https:\/\/avatars.slack-edge.com\/2023-01-25\/4702661419268_2ecdfc20bb56f2adcfd3_72.jpg",
            "first_name": "Eduardo",
            "real_name": "Eduardo Puyol-Martinez",
            "display_name": "Eduardo",
            "team": "T04LDH2CNBY",
            "name": "eduardo",
            "is_restricted": false,
            "is_ultra_restricted": false
        }
    },
    {
        "client_msg_id": "f5647f00-f831-4482-813d-0708e0791a9e",
        "type": "message",
        "text": "taking a break",
        "user": "U04LDKWRDB8",
        "ts": "1680733589.466789",
        "blocks": [
            {
                "type": "rich_text",
                "block_id": "uuPNP",
                "elements": [
                    {
                        "type": "rich_text_section",
                        "elements": [
                            {
                                "type": "text",
                                "text": "taking a break"
                            }
                        ]
                    }
                ]
            }
        ],
        "team": "T04LDH2CNBY",
        "user_team": "T04LDH2CNBY",
        "source_team": "T04LDH2CNBY",
        "user_profile": {
            "avatar_hash": "a437520525b3",
            "image_72": "https:\/\/avatars.slack-edge.com\/2023-01-31\/4728630296242_a437520525b309207ab3_72.png",
            "first_name": "Kelly",
            "real_name": "Kelly Moody",
            "display_name": "Kelly Moody",
            "team": "T04LDH2CNBY",
            "name": "kelly",
            "is_restricted": false,
            "is_ultra_restricted": false
        },
        "reactions": [
            {
                "name": "white_check_mark",
                "users": [
                    "U04LYRG90QZ"
                ],
                "count": 1
            }
        ]
    },
    {
        "client_msg_id": "60d61108-ed1c-4733-aa35-bb71b1459031",
        "type": "message",
        "text": "leaving....",
        "user": "U04LYRG90QZ",
        "ts": "1680735738.518959",
        "blocks": [
            {
                "type": "rich_text",
                "block_id": "jFR=",
                "elements": [
                    {
                        "type": "rich_text_section",
                        "elements": [
                            {
                                "type": "text",
                                "text": "leaving...."
                            }
                        ]
                    }
                ]
            }
        ],
        "team": "T04LDH2CNBY",
        "user_team": "T04LDH2CNBY",
        "source_team": "T04LDH2CNBY",
        "user_profile": {
            "avatar_hash": "18034abdbce3",
            "image_72": "https:\/\/avatars.slack-edge.com\/2023-01-26\/4700726977909_18034abdbce385064283_72.jpg",
            "first_name": "Virginia",
            "real_name": "Virginia",
            "display_name": "Virginia",
            "team": "T04LDH2CNBY",
            "name": "virginia",
            "is_restricted": false,
            "is_ultra_restricted": false
        }
    },
    {
        "client_msg_id": "e8c03b2c-7366-4faa-825d-192b24eae26e",
        "type": "message",
        "text": "out",
        "user": "U04LL2BJ5GB",
        "ts": "1680741923.160079",
        "blocks": [
            {
                "type": "rich_text",
                "block_id": "b+f3",
                "elements": [
                    {
                        "type": "rich_text_section",
                        "elements": [
                            {
                                "type": "text",
                                "text": "out"
                            }
                        ]
                    }
                ]
            }
        ],
        "team": "T04LDH2CNBY",
        "user_team": "T04LDH2CNBY",
        "source_team": "T04LDH2CNBY",
        "user_profile": {
            "avatar_hash": "a0aaab73c433",
            "image_72": "https:\/\/avatars.slack-edge.com\/2023-06-02\/5369485068164_a0aaab73c43394143d32_72.png",
            "first_name": "Nestor",
            "real_name": "Nestor Guzman",
            "display_name": "Nestor Guzman",
            "team": "T04LDH2CNBY",
            "name": "nestor",
            "is_restricted": false,
            "is_ultra_restricted": false
        },
        "thread_ts": "1680715950.977999",
        "parent_user_id": "U04LL2BJ5GB"
    },
    {
        "client_msg_id": "110693ba-734f-492e-a225-e50bf11470ba",
        "type": "message",
        "text": "clocking out team. see you tomorrow",
        "user": "U04LL2M6F99",
        "ts": "1680746132.657169",
        "blocks": [
            {
                "type": "rich_text",
                "block_id": "9335",
                "elements": [
                    {
                        "type": "rich_text_section",
                        "elements": [
                            {
                                "type": "text",
                                "text": "clocking out team. see you tomorrow"
                            }
                        ]
                    }
                ]
            }
        ],
        "team": "T04LDH2CNBY",
        "user_team": "T04LDH2CNBY",
        "source_team": "T04LDH2CNBY",
        "user_profile": {
            "avatar_hash": "075a5725a539",
            "image_72": "https:\/\/avatars.slack-edge.com\/2023-02-16\/4793680204375_075a5725a53946ba72a8_72.png",
            "first_name": "Kristine",
            "real_name": "Kristine Noel",
            "display_name": "Kristine Noel",
            "team": "T04LDH2CNBY",
            "name": "kristine",
            "is_restricted": false,
            "is_ultra_restricted": false
        }
    },
    {
        "client_msg_id": "3e5c4e4b-b410-4b81-8650-3f78dc7a573c",
        "type": "message",
        "text": "out",
        "user": "U04LNK3DU84",
        "ts": "1680755036.060099",
        "blocks": [
            {
                "type": "rich_text",
                "block_id": "=e79",
                "elements": [
                    {
                        "type": "rich_text_section",
                        "elements": [
                            {
                                "type": "text",
                                "text": "out"
                            }
                        ]
                    }
                ]
            }
        ],
        "team": "T04LDH2CNBY",
        "user_team": "T04LDH2CNBY",
        "source_team": "T04LDH2CNBY",
        "user_profile": {
            "avatar_hash": "2ecdfc20bb56",
            "image_72": "https:\/\/avatars.slack-edge.com\/2023-01-25\/4702661419268_2ecdfc20bb56f2adcfd3_72.jpg",
            "first_name": "Eduardo",
            "real_name": "Eduardo Puyol-Martinez",
            "display_name": "Eduardo",
            "team": "T04LDH2CNBY",
            "name": "eduardo",
            "is_restricted": false,
            "is_ultra_restricted": false
        }
    }
]