[
    {
        "client_msg_id": "65ed9b72-db4d-477d-8bf5-791e28b45d1a",
        "type": "message",
        "text": "morning",
        "user": "U04LYRG90QZ",
        "ts": "1681739899.091939",
        "blocks": [
            {
                "type": "rich_text",
                "block_id": "Pli7X",
                "elements": [
                    {
                        "type": "rich_text_section",
                        "elements": [
                            {
                                "type": "text",
                                "text": "morning"
                            }
                        ]
                    }
                ]
            }
        ],
        "team": "T04LDH2CNBY",
        "user_team": "T04LDH2CNBY",
        "source_team": "T04LDH2CNBY",
        "user_profile": {
            "avatar_hash": "18034abdbce3",
            "image_72": "https:\/\/avatars.slack-edge.com\/2023-01-26\/4700726977909_18034abdbce385064283_72.jpg",
            "first_name": "Virginia",
            "real_name": "Virginia",
            "display_name": "Virginia",
            "team": "T04LDH2CNBY",
            "name": "virginia",
            "is_restricted": false,
            "is_ultra_restricted": false
        }
    },
    {
        "client_msg_id": "61BD6B5A-EDB4-4DA3-8556-6325F94CDEA0",
        "type": "message",
        "text": "Morning team happy Monday!",
        "user": "U04LL2M6F99",
        "ts": "1681740003.650919",
        "blocks": [
            {
                "type": "rich_text",
                "block_id": "Ipj",
                "elements": [
                    {
                        "type": "rich_text_section",
                        "elements": [
                            {
                                "type": "text",
                                "text": "Morning team happy Monday!"
                            }
                        ]
                    }
                ]
            }
        ],
        "team": "T04LDH2CNBY",
        "user_team": "T04LDH2CNBY",
        "source_team": "T04LDH2CNBY",
        "user_profile": {
            "avatar_hash": "075a5725a539",
            "image_72": "https:\/\/avatars.slack-edge.com\/2023-02-16\/4793680204375_075a5725a53946ba72a8_72.png",
            "first_name": "Kristine",
            "real_name": "Kristine Noel",
            "display_name": "Kristine Noel",
            "team": "T04LDH2CNBY",
            "name": "kristine",
            "is_restricted": false,
            "is_ultra_restricted": false
        }
    },
    {
        "client_msg_id": "d4d6cd7c-e74b-4cd1-bd5a-a61ca43bfebc",
        "type": "message",
        "text": "quick lunch team",
        "user": "U04LYRG90QZ",
        "ts": "1681746330.233939",
        "blocks": [
            {
                "type": "rich_text",
                "block_id": "Ss3Y",
                "elements": [
                    {
                        "type": "rich_text_section",
                        "elements": [
                            {
                                "type": "text",
                                "text": "quick lunch team"
                            }
                        ]
                    }
                ]
            }
        ],
        "team": "T04LDH2CNBY",
        "user_team": "T04LDH2CNBY",
        "source_team": "T04LDH2CNBY",
        "user_profile": {
            "avatar_hash": "18034abdbce3",
            "image_72": "https:\/\/avatars.slack-edge.com\/2023-01-26\/4700726977909_18034abdbce385064283_72.jpg",
            "first_name": "Virginia",
            "real_name": "Virginia",
            "display_name": "Virginia",
            "team": "T04LDH2CNBY",
            "name": "virginia",
            "is_restricted": false,
            "is_ultra_restricted": false
        }
    },
    {
        "client_msg_id": "4003dac0-f33c-4104-884d-dc62bc05247f",
        "type": "message",
        "text": "in",
        "user": "U04LNK3DU84",
        "ts": "1681746594.557659",
        "blocks": [
            {
                "type": "rich_text",
                "block_id": "uRo",
                "elements": [
                    {
                        "type": "rich_text_section",
                        "elements": [
                            {
                                "type": "text",
                                "text": "in"
                            }
                        ]
                    }
                ]
            }
        ],
        "team": "T04LDH2CNBY",
        "user_team": "T04LDH2CNBY",
        "source_team": "T04LDH2CNBY",
        "user_profile": {
            "avatar_hash": "2ecdfc20bb56",
            "image_72": "https:\/\/avatars.slack-edge.com\/2023-01-25\/4702661419268_2ecdfc20bb56f2adcfd3_72.jpg",
            "first_name": "Eduardo",
            "real_name": "Eduardo Puyol-Martinez",
            "display_name": "Eduardo",
            "team": "T04LDH2CNBY",
            "name": "eduardo",
            "is_restricted": false,
            "is_ultra_restricted": false
        }
    },
    {
        "client_msg_id": "00d10ea2-9fbd-48e1-ad38-af59918fa9cf",
        "type": "message",
        "text": "back",
        "user": "U04LYRG90QZ",
        "ts": "1681747379.451589",
        "blocks": [
            {
                "type": "rich_text",
                "block_id": "5+0Y",
                "elements": [
                    {
                        "type": "rich_text_section",
                        "elements": [
                            {
                                "type": "text",
                                "text": "back"
                            }
                        ]
                    }
                ]
            }
        ],
        "team": "T04LDH2CNBY",
        "user_team": "T04LDH2CNBY",
        "source_team": "T04LDH2CNBY",
        "user_profile": {
            "avatar_hash": "18034abdbce3",
            "image_72": "https:\/\/avatars.slack-edge.com\/2023-01-26\/4700726977909_18034abdbce385064283_72.jpg",
            "first_name": "Virginia",
            "real_name": "Virginia",
            "display_name": "Virginia",
            "team": "T04LDH2CNBY",
            "name": "virginia",
            "is_restricted": false,
            "is_ultra_restricted": false
        }
    },
    {
        "client_msg_id": "4d29aa59-d7ee-4c1d-8ed3-26ea9832c079",
        "type": "message",
        "text": "Good morning All - I'm not feeling well today. Tested positive for COVID again. Went 3 years without contracting it and now I've tested positive twice in the last 3 months. Had a rough weekend but was able to get Paxlovid and it does help. I'm just feeling very fatigued, headache and cough. I'll do as much as possible today but may take it easy.",
        "user": "U04LDKWRDB8",
        "ts": "1681747686.903979",
        "blocks": [
            {
                "type": "rich_text",
                "block_id": "M4dv",
                "elements": [
                    {
                        "type": "rich_text_section",
                        "elements": [
                            {
                                "type": "text",
                                "text": "Good morning All - I'm not feeling well today. Tested positive for COVID again. Went 3 years without contracting it and now I've tested positive twice in the last 3 months. Had a rough weekend but was able to get Paxlovid and it does help. I'm just feeling very fatigued, headache and cough. I'll do as much as possible today but may take it easy."
                            }
                        ]
                    }
                ]
            }
        ],
        "team": "T04LDH2CNBY",
        "user_team": "T04LDH2CNBY",
        "source_team": "T04LDH2CNBY",
        "user_profile": {
            "avatar_hash": "a437520525b3",
            "image_72": "https:\/\/avatars.slack-edge.com\/2023-01-31\/4728630296242_a437520525b309207ab3_72.png",
            "first_name": "Kelly",
            "real_name": "Kelly Moody",
            "display_name": "Kelly Moody",
            "team": "T04LDH2CNBY",
            "name": "kelly",
            "is_restricted": false,
            "is_ultra_restricted": false
        },
        "thread_ts": "1681747686.903979",
        "reply_count": 3,
        "reply_users_count": 3,
        "latest_reply": "1681751018.945759",
        "reply_users": [
            "U04LL2M6F99",
            "U04LDKWRDB8",
            "U04LL2BJ5GB"
        ],
        "replies": [
            {
                "user": "U04LL2M6F99",
                "ts": "1681748265.851809"
            },
            {
                "user": "U04LDKWRDB8",
                "ts": "1681748741.848669"
            },
            {
                "user": "U04LL2BJ5GB",
                "ts": "1681751018.945759"
            }
        ],
        "is_locked": false,
        "subscribed": false
    },
    {
        "client_msg_id": "BCDAB145-AD5F-491E-8F6C-A49B625FAEAE",
        "type": "message",
        "text": "I’m sorry to hear that Kelly! I hope you’ll feel better ",
        "user": "U04LL2M6F99",
        "ts": "1681748265.851809",
        "blocks": [
            {
                "type": "rich_text",
                "block_id": "OdFo",
                "elements": [
                    {
                        "type": "rich_text_section",
                        "elements": [
                            {
                                "type": "text",
                                "text": "I’m"
                            },
                            {
                                "type": "text",
                                "text": " sorry to hear that Kelly! I hope "
                            },
                            {
                                "type": "text",
                                "text": "you’ll"
                            },
                            {
                                "type": "text",
                                "text": " feel better "
                            }
                        ]
                    }
                ]
            }
        ],
        "team": "T04LDH2CNBY",
        "user_team": "T04LDH2CNBY",
        "source_team": "T04LDH2CNBY",
        "user_profile": {
            "avatar_hash": "075a5725a539",
            "image_72": "https:\/\/avatars.slack-edge.com\/2023-02-16\/4793680204375_075a5725a53946ba72a8_72.png",
            "first_name": "Kristine",
            "real_name": "Kristine Noel",
            "display_name": "Kristine Noel",
            "team": "T04LDH2CNBY",
            "name": "kristine",
            "is_restricted": false,
            "is_ultra_restricted": false
        },
        "thread_ts": "1681747686.903979",
        "parent_user_id": "U04LDKWRDB8"
    },
    {
        "client_msg_id": "b4ad9ad2-7020-4f0f-99c3-f6c6a471d2cc",
        "type": "message",
        "text": "I hope you feel better soon!",
        "user": "U04LNK3DU84",
        "ts": "1681748400.614079",
        "blocks": [
            {
                "type": "rich_text",
                "block_id": "v=N",
                "elements": [
                    {
                        "type": "rich_text_section",
                        "elements": [
                            {
                                "type": "text",
                                "text": "I hope you feel better soon!"
                            }
                        ]
                    }
                ]
            }
        ],
        "team": "T04LDH2CNBY",
        "user_team": "T04LDH2CNBY",
        "source_team": "T04LDH2CNBY",
        "user_profile": {
            "avatar_hash": "2ecdfc20bb56",
            "image_72": "https:\/\/avatars.slack-edge.com\/2023-01-25\/4702661419268_2ecdfc20bb56f2adcfd3_72.jpg",
            "first_name": "Eduardo",
            "real_name": "Eduardo Puyol-Martinez",
            "display_name": "Eduardo",
            "team": "T04LDH2CNBY",
            "name": "eduardo",
            "is_restricted": false,
            "is_ultra_restricted": false
        }
    },
    {
        "client_msg_id": "fa81800a-a6b3-46f5-999c-d8faad3020e9",
        "type": "message",
        "text": "Thank you Kristine:heart:",
        "user": "U04LDKWRDB8",
        "ts": "1681748741.848669",
        "blocks": [
            {
                "type": "rich_text",
                "block_id": "zgBa",
                "elements": [
                    {
                        "type": "rich_text_section",
                        "elements": [
                            {
                                "type": "text",
                                "text": "Thank you Kristine"
                            },
                            {
                                "type": "emoji",
                                "name": "heart",
                                "unicode": "2764-fe0f"
                            }
                        ]
                    }
                ]
            }
        ],
        "team": "T04LDH2CNBY",
        "user_team": "T04LDH2CNBY",
        "source_team": "T04LDH2CNBY",
        "user_profile": {
            "avatar_hash": "a437520525b3",
            "image_72": "https:\/\/avatars.slack-edge.com\/2023-01-31\/4728630296242_a437520525b309207ab3_72.png",
            "first_name": "Kelly",
            "real_name": "Kelly Moody",
            "display_name": "Kelly Moody",
            "team": "T04LDH2CNBY",
            "name": "kelly",
            "is_restricted": false,
            "is_ultra_restricted": false
        },
        "thread_ts": "1681747686.903979",
        "parent_user_id": "U04LDKWRDB8",
        "reactions": [
            {
                "name": "heart",
                "users": [
                    "U04LL2M6F99"
                ],
                "count": 1
            }
        ]
    },
    {
        "client_msg_id": "3a999152-6d09-4322-a763-61fa8e697c25",
        "type": "message",
        "text": "Thanks <@U04LNK3DU84>",
        "user": "U04LDKWRDB8",
        "ts": "1681748750.896499",
        "blocks": [
            {
                "type": "rich_text",
                "block_id": "ytK",
                "elements": [
                    {
                        "type": "rich_text_section",
                        "elements": [
                            {
                                "type": "text",
                                "text": "Thanks "
                            },
                            {
                                "type": "user",
                                "user_id": "U04LNK3DU84"
                            }
                        ]
                    }
                ]
            }
        ],
        "team": "T04LDH2CNBY",
        "user_team": "T04LDH2CNBY",
        "source_team": "T04LDH2CNBY",
        "user_profile": {
            "avatar_hash": "a437520525b3",
            "image_72": "https:\/\/avatars.slack-edge.com\/2023-01-31\/4728630296242_a437520525b309207ab3_72.png",
            "first_name": "Kelly",
            "real_name": "Kelly Moody",
            "display_name": "Kelly Moody",
            "team": "T04LDH2CNBY",
            "name": "kelly",
            "is_restricted": false,
            "is_ultra_restricted": false
        }
    },
    {
        "client_msg_id": "C3492B1C-5601-410A-BC08-A299D21A75FD",
        "type": "message",
        "text": "In ",
        "user": "U04LL2BJ5GB",
        "ts": "1681751007.716789",
        "blocks": [
            {
                "type": "rich_text",
                "block_id": "Ecg",
                "elements": [
                    {
                        "type": "rich_text_section",
                        "elements": [
                            {
                                "type": "text",
                                "text": "In "
                            }
                        ]
                    }
                ]
            }
        ],
        "team": "T04LDH2CNBY",
        "user_team": "T04LDH2CNBY",
        "source_team": "T04LDH2CNBY",
        "user_profile": {
            "avatar_hash": "a0aaab73c433",
            "image_72": "https:\/\/avatars.slack-edge.com\/2023-06-02\/5369485068164_a0aaab73c43394143d32_72.png",
            "first_name": "Nestor",
            "real_name": "Nestor Guzman",
            "display_name": "Nestor Guzman",
            "team": "T04LDH2CNBY",
            "name": "nestor",
            "is_restricted": false,
            "is_ultra_restricted": false
        },
        "thread_ts": "1681751007.716789",
        "reply_count": 1,
        "reply_users_count": 1,
        "latest_reply": "1681779499.189469",
        "reply_users": [
            "U04LL2BJ5GB"
        ],
        "replies": [
            {
                "user": "U04LL2BJ5GB",
                "ts": "1681779499.189469"
            }
        ],
        "is_locked": false,
        "subscribed": false
    },
    {
        "client_msg_id": "DDA1CB45-E6A4-472B-AB00-2A62A68783E8",
        "type": "message",
        "text": "Hope you feel better!",
        "user": "U04LL2BJ5GB",
        "ts": "1681751018.945759",
        "blocks": [
            {
                "type": "rich_text",
                "block_id": "wx5nc",
                "elements": [
                    {
                        "type": "rich_text_section",
                        "elements": [
                            {
                                "type": "text",
                                "text": "Hope you feel better!"
                            }
                        ]
                    }
                ]
            }
        ],
        "team": "T04LDH2CNBY",
        "user_team": "T04LDH2CNBY",
        "source_team": "T04LDH2CNBY",
        "user_profile": {
            "avatar_hash": "a0aaab73c433",
            "image_72": "https:\/\/avatars.slack-edge.com\/2023-06-02\/5369485068164_a0aaab73c43394143d32_72.png",
            "first_name": "Nestor",
            "real_name": "Nestor Guzman",
            "display_name": "Nestor Guzman",
            "team": "T04LDH2CNBY",
            "name": "nestor",
            "is_restricted": false,
            "is_ultra_restricted": false
        },
        "thread_ts": "1681747686.903979",
        "parent_user_id": "U04LDKWRDB8"
    },
    {
        "client_msg_id": "5b9139f6-405a-4ab8-b6f1-05a5f2745210",
        "type": "message",
        "text": "need some mins",
        "user": "U04LYRG90QZ",
        "ts": "1681760086.878759",
        "blocks": [
            {
                "type": "rich_text",
                "block_id": "Efu",
                "elements": [
                    {
                        "type": "rich_text_section",
                        "elements": [
                            {
                                "type": "text",
                                "text": "need some mins"
                            }
                        ]
                    }
                ]
            }
        ],
        "team": "T04LDH2CNBY",
        "user_team": "T04LDH2CNBY",
        "source_team": "T04LDH2CNBY",
        "user_profile": {
            "avatar_hash": "18034abdbce3",
            "image_72": "https:\/\/avatars.slack-edge.com\/2023-01-26\/4700726977909_18034abdbce385064283_72.jpg",
            "first_name": "Virginia",
            "real_name": "Virginia",
            "display_name": "Virginia",
            "team": "T04LDH2CNBY",
            "name": "virginia",
            "is_restricted": false,
            "is_ultra_restricted": false
        }
    },
    {
        "client_msg_id": "fa277bab-2ffc-4c6d-9158-f575d48b82f6",
        "type": "message",
        "text": "back",
        "user": "U04LYRG90QZ",
        "ts": "1681760846.570849",
        "blocks": [
            {
                "type": "rich_text",
                "block_id": "IvFW",
                "elements": [
                    {
                        "type": "rich_text_section",
                        "elements": [
                            {
                                "type": "text",
                                "text": "back"
                            }
                        ]
                    }
                ]
            }
        ],
        "team": "T04LDH2CNBY",
        "user_team": "T04LDH2CNBY",
        "source_team": "T04LDH2CNBY",
        "user_profile": {
            "avatar_hash": "18034abdbce3",
            "image_72": "https:\/\/avatars.slack-edge.com\/2023-01-26\/4700726977909_18034abdbce385064283_72.jpg",
            "first_name": "Virginia",
            "real_name": "Virginia",
            "display_name": "Virginia",
            "team": "T04LDH2CNBY",
            "name": "virginia",
            "is_restricted": false,
            "is_ultra_restricted": false
        }
    },
    {
        "client_msg_id": "697272cf-fb75-4b66-a17b-cf77715a278c",
        "type": "message",
        "text": "leaving team...",
        "user": "U04LYRG90QZ",
        "ts": "1681772648.310729",
        "blocks": [
            {
                "type": "rich_text",
                "block_id": "2t3N",
                "elements": [
                    {
                        "type": "rich_text_section",
                        "elements": [
                            {
                                "type": "text",
                                "text": "leaving team..."
                            }
                        ]
                    }
                ]
            }
        ],
        "team": "T04LDH2CNBY",
        "user_team": "T04LDH2CNBY",
        "source_team": "T04LDH2CNBY",
        "user_profile": {
            "avatar_hash": "18034abdbce3",
            "image_72": "https:\/\/avatars.slack-edge.com\/2023-01-26\/4700726977909_18034abdbce385064283_72.jpg",
            "first_name": "Virginia",
            "real_name": "Virginia",
            "display_name": "Virginia",
            "team": "T04LDH2CNBY",
            "name": "virginia",
            "is_restricted": false,
            "is_ultra_restricted": false
        }
    },
    {
        "client_msg_id": "8C690F73-DD55-4D11-997E-9BE59F9724BE",
        "type": "message",
        "text": "Out ",
        "user": "U04LL2BJ5GB",
        "ts": "1681779499.189469",
        "blocks": [
            {
                "type": "rich_text",
                "block_id": "E6iIG",
                "elements": [
                    {
                        "type": "rich_text_section",
                        "elements": [
                            {
                                "type": "text",
                                "text": "Out "
                            }
                        ]
                    }
                ]
            }
        ],
        "team": "T04LDH2CNBY",
        "user_team": "T04LDH2CNBY",
        "source_team": "T04LDH2CNBY",
        "user_profile": {
            "avatar_hash": "a0aaab73c433",
            "image_72": "https:\/\/avatars.slack-edge.com\/2023-06-02\/5369485068164_a0aaab73c43394143d32_72.png",
            "first_name": "Nestor",
            "real_name": "Nestor Guzman",
            "display_name": "Nestor Guzman",
            "team": "T04LDH2CNBY",
            "name": "nestor",
            "is_restricted": false,
            "is_ultra_restricted": false
        },
        "thread_ts": "1681751007.716789",
        "parent_user_id": "U04LL2BJ5GB"
    },
    {
        "client_msg_id": "a32a166c-11c8-45c8-8f62-6c23d1632e15",
        "type": "message",
        "text": "out",
        "user": "U04LNK3DU84",
        "ts": "1681781991.552059",
        "blocks": [
            {
                "type": "rich_text",
                "block_id": "Gei",
                "elements": [
                    {
                        "type": "rich_text_section",
                        "elements": [
                            {
                                "type": "text",
                                "text": "out"
                            }
                        ]
                    }
                ]
            }
        ],
        "team": "T04LDH2CNBY",
        "user_team": "T04LDH2CNBY",
        "source_team": "T04LDH2CNBY",
        "user_profile": {
            "avatar_hash": "2ecdfc20bb56",
            "image_72": "https:\/\/avatars.slack-edge.com\/2023-01-25\/4702661419268_2ecdfc20bb56f2adcfd3_72.jpg",
            "first_name": "Eduardo",
            "real_name": "Eduardo Puyol-Martinez",
            "display_name": "Eduardo",
            "team": "T04LDH2CNBY",
            "name": "eduardo",
            "is_restricted": false,
            "is_ultra_restricted": false
        }
    }
]