[
    {
        "client_msg_id": "3314B11F-BBA8-4207-AFB2-1D70249A91D6",
        "type": "message",
        "text": "Morning ",
        "user": "U04LL2M6F99",
        "ts": "1682948753.796819",
        "blocks": [
            {
                "type": "rich_text",
                "block_id": "lE6x",
                "elements": [
                    {
                        "type": "rich_text_section",
                        "elements": [
                            {
                                "type": "text",
                                "text": "Morning "
                            }
                        ]
                    }
                ]
            }
        ],
        "team": "T04LDH2CNBY",
        "user_team": "T04LDH2CNBY",
        "source_team": "T04LDH2CNBY",
        "user_profile": {
            "avatar_hash": "075a5725a539",
            "image_72": "https:\/\/avatars.slack-edge.com\/2023-02-16\/4793680204375_075a5725a53946ba72a8_72.png",
            "first_name": "Kristine",
            "real_name": "Kristine Noel",
            "display_name": "Kristine Noel",
            "team": "T04LDH2CNBY",
            "name": "kristine",
            "is_restricted": false,
            "is_ultra_restricted": false
        }
    },
    {
        "client_msg_id": "d9bfed11-4fb4-46d9-be9a-fa410d220873",
        "type": "message",
        "text": "morning team! Labour's Day in Argentina today!",
        "user": "U04LYRG90QZ",
        "ts": "1682949516.110609",
        "blocks": [
            {
                "type": "rich_text",
                "block_id": "Lr=",
                "elements": [
                    {
                        "type": "rich_text_section",
                        "elements": [
                            {
                                "type": "text",
                                "text": "morning team! Labour's Day in Argentina today!"
                            }
                        ]
                    }
                ]
            }
        ],
        "team": "T04LDH2CNBY",
        "user_team": "T04LDH2CNBY",
        "source_team": "T04LDH2CNBY",
        "user_profile": {
            "avatar_hash": "18034abdbce3",
            "image_72": "https:\/\/avatars.slack-edge.com\/2023-01-26\/4700726977909_18034abdbce385064283_72.jpg",
            "first_name": "Virginia",
            "real_name": "Virginia",
            "display_name": "Virginia",
            "team": "T04LDH2CNBY",
            "name": "virginia",
            "is_restricted": false,
            "is_ultra_restricted": false
        }
    },
    {
        "client_msg_id": "c319793b-3a36-47d5-8e52-d6f53fa48acc",
        "type": "message",
        "text": "leaving for luch",
        "user": "U04LYRG90QZ",
        "ts": "1682954050.603369",
        "blocks": [
            {
                "type": "rich_text",
                "block_id": "fSzrZ",
                "elements": [
                    {
                        "type": "rich_text_section",
                        "elements": [
                            {
                                "type": "text",
                                "text": "leaving for luch"
                            }
                        ]
                    }
                ]
            }
        ],
        "team": "T04LDH2CNBY",
        "user_team": "T04LDH2CNBY",
        "source_team": "T04LDH2CNBY",
        "user_profile": {
            "avatar_hash": "18034abdbce3",
            "image_72": "https:\/\/avatars.slack-edge.com\/2023-01-26\/4700726977909_18034abdbce385064283_72.jpg",
            "first_name": "Virginia",
            "real_name": "Virginia",
            "display_name": "Virginia",
            "team": "T04LDH2CNBY",
            "name": "virginia",
            "is_restricted": false,
            "is_ultra_restricted": false
        }
    },
    {
        "client_msg_id": "0cd32172-23fa-4b9d-af8a-b2bd428f2455",
        "type": "message",
        "text": "I'm sorry, I'm back",
        "user": "U04LYRG90QZ",
        "ts": "1682956458.204579",
        "blocks": [
            {
                "type": "rich_text",
                "block_id": "otrK",
                "elements": [
                    {
                        "type": "rich_text_section",
                        "elements": [
                            {
                                "type": "text",
                                "text": "I'm sorry, I'm back"
                            }
                        ]
                    }
                ]
            }
        ],
        "team": "T04LDH2CNBY",
        "user_team": "T04LDH2CNBY",
        "source_team": "T04LDH2CNBY",
        "user_profile": {
            "avatar_hash": "18034abdbce3",
            "image_72": "https:\/\/avatars.slack-edge.com\/2023-01-26\/4700726977909_18034abdbce385064283_72.jpg",
            "first_name": "Virginia",
            "real_name": "Virginia",
            "display_name": "Virginia",
            "team": "T04LDH2CNBY",
            "name": "virginia",
            "is_restricted": false,
            "is_ultra_restricted": false
        }
    },
    {
        "client_msg_id": "2197bd35-a079-4b71-b457-0ba1a6ae0a03",
        "type": "message",
        "text": "i forgot to mention taht i returned",
        "user": "U04LYRG90QZ",
        "ts": "1682956467.430829",
        "blocks": [
            {
                "type": "rich_text",
                "block_id": "ZRE",
                "elements": [
                    {
                        "type": "rich_text_section",
                        "elements": [
                            {
                                "type": "text",
                                "text": "i forgot to mention taht i returned"
                            }
                        ]
                    }
                ]
            }
        ],
        "team": "T04LDH2CNBY",
        "user_team": "T04LDH2CNBY",
        "source_team": "T04LDH2CNBY",
        "user_profile": {
            "avatar_hash": "18034abdbce3",
            "image_72": "https:\/\/avatars.slack-edge.com\/2023-01-26\/4700726977909_18034abdbce385064283_72.jpg",
            "first_name": "Virginia",
            "real_name": "Virginia",
            "display_name": "Virginia",
            "team": "T04LDH2CNBY",
            "name": "virginia",
            "is_restricted": false,
            "is_ultra_restricted": false
        }
    },
    {
        "client_msg_id": "d0505047-4b0c-45f1-beb1-507031f6ea67",
        "type": "message",
        "text": "good morning, I-m in",
        "user": "U04LNK3DU84",
        "ts": "1682957113.764739",
        "blocks": [
            {
                "type": "rich_text",
                "block_id": "5tR",
                "elements": [
                    {
                        "type": "rich_text_section",
                        "elements": [
                            {
                                "type": "text",
                                "text": "good morning, I-m in"
                            }
                        ]
                    }
                ]
            }
        ],
        "team": "T04LDH2CNBY",
        "user_team": "T04LDH2CNBY",
        "source_team": "T04LDH2CNBY",
        "user_profile": {
            "avatar_hash": "2ecdfc20bb56",
            "image_72": "https:\/\/avatars.slack-edge.com\/2023-01-25\/4702661419268_2ecdfc20bb56f2adcfd3_72.jpg",
            "first_name": "Eduardo",
            "real_name": "Eduardo Puyol-Martinez",
            "display_name": "Eduardo",
            "team": "T04LDH2CNBY",
            "name": "eduardo",
            "is_restricted": false,
            "is_ultra_restricted": false
        }
    },
    {
        "client_msg_id": "898b926e-084a-486f-959d-a3aac09beeee",
        "type": "message",
        "text": "Hello Eduardo!",
        "user": "U04LYRG90QZ",
        "ts": "1682957281.532319",
        "blocks": [
            {
                "type": "rich_text",
                "block_id": "M5k",
                "elements": [
                    {
                        "type": "rich_text_section",
                        "elements": [
                            {
                                "type": "text",
                                "text": "Hello Eduardo!"
                            }
                        ]
                    }
                ]
            }
        ],
        "team": "T04LDH2CNBY",
        "user_team": "T04LDH2CNBY",
        "source_team": "T04LDH2CNBY",
        "user_profile": {
            "avatar_hash": "18034abdbce3",
            "image_72": "https:\/\/avatars.slack-edge.com\/2023-01-26\/4700726977909_18034abdbce385064283_72.jpg",
            "first_name": "Virginia",
            "real_name": "Virginia",
            "display_name": "Virginia",
            "team": "T04LDH2CNBY",
            "name": "virginia",
            "is_restricted": false,
            "is_ultra_restricted": false
        }
    },
    {
        "client_msg_id": "bffbe2b0-15b4-4f31-aa87-034dcae83425",
        "type": "message",
        "text": "Team, Kelly will be out of office until further notice. Her dad is in hospital. Thank you.",
        "user": "U04LYRG90QZ",
        "ts": "1682959736.642079",
        "blocks": [
            {
                "type": "rich_text",
                "block_id": "5N\/",
                "elements": [
                    {
                        "type": "rich_text_section",
                        "elements": [
                            {
                                "type": "text",
                                "text": "Team, Kelly will be out of office until further notice. Her dad is in hospital. Thank you."
                            }
                        ]
                    }
                ]
            }
        ],
        "team": "T04LDH2CNBY",
        "user_team": "T04LDH2CNBY",
        "source_team": "T04LDH2CNBY",
        "user_profile": {
            "avatar_hash": "18034abdbce3",
            "image_72": "https:\/\/avatars.slack-edge.com\/2023-01-26\/4700726977909_18034abdbce385064283_72.jpg",
            "first_name": "Virginia",
            "real_name": "Virginia",
            "display_name": "Virginia",
            "team": "T04LDH2CNBY",
            "name": "virginia",
            "is_restricted": false,
            "is_ultra_restricted": false
        },
        "thread_ts": "1682959736.642079",
        "reply_count": 3,
        "reply_users_count": 3,
        "latest_reply": "1682963748.124579",
        "reply_users": [
            "U04LL2BJ5GB",
            "U04LNK3DU84",
            "U04LYRG90QZ"
        ],
        "replies": [
            {
                "user": "U04LL2BJ5GB",
                "ts": "1682960685.161649"
            },
            {
                "user": "U04LNK3DU84",
                "ts": "1682963720.560829"
            },
            {
                "user": "U04LYRG90QZ",
                "ts": "1682963748.124579"
            }
        ],
        "is_locked": false,
        "subscribed": false,
        "reactions": [
            {
                "name": "pray",
                "users": [
                    "U04LL2BJ5GB"
                ],
                "count": 1
            }
        ]
    },
    {
        "client_msg_id": "7EA3F026-1523-4E55-8888-3E4B3631D860",
        "type": "message",
        "text": "In ",
        "user": "U04LL2BJ5GB",
        "ts": "1682960627.261309",
        "blocks": [
            {
                "type": "rich_text",
                "block_id": "vR9",
                "elements": [
                    {
                        "type": "rich_text_section",
                        "elements": [
                            {
                                "type": "text",
                                "text": "In "
                            }
                        ]
                    }
                ]
            }
        ],
        "team": "T04LDH2CNBY",
        "user_team": "T04LDH2CNBY",
        "source_team": "T04LDH2CNBY",
        "user_profile": {
            "avatar_hash": "a0aaab73c433",
            "image_72": "https:\/\/avatars.slack-edge.com\/2023-06-02\/5369485068164_a0aaab73c43394143d32_72.png",
            "first_name": "Nestor",
            "real_name": "Nestor Guzman",
            "display_name": "Nestor Guzman",
            "team": "T04LDH2CNBY",
            "name": "nestor",
            "is_restricted": false,
            "is_ultra_restricted": false
        },
        "thread_ts": "1682960627.261309",
        "reply_count": 1,
        "reply_users_count": 1,
        "latest_reply": "1682991641.323889",
        "reply_users": [
            "U04LL2BJ5GB"
        ],
        "replies": [
            {
                "user": "U04LL2BJ5GB",
                "ts": "1682991641.323889"
            }
        ],
        "is_locked": false,
        "subscribed": false
    },
    {
        "client_msg_id": "6031A170-DECD-4C37-81BB-C955DC6A1576",
        "type": "message",
        "text": "Hope everything is ok! Thank you for letting us know ",
        "user": "U04LL2BJ5GB",
        "ts": "1682960685.161649",
        "blocks": [
            {
                "type": "rich_text",
                "block_id": "VSvsE",
                "elements": [
                    {
                        "type": "rich_text_section",
                        "elements": [
                            {
                                "type": "text",
                                "text": "Hope everything is ok! Thank you for letting us know "
                            }
                        ]
                    }
                ]
            }
        ],
        "team": "T04LDH2CNBY",
        "user_team": "T04LDH2CNBY",
        "source_team": "T04LDH2CNBY",
        "user_profile": {
            "avatar_hash": "a0aaab73c433",
            "image_72": "https:\/\/avatars.slack-edge.com\/2023-06-02\/5369485068164_a0aaab73c43394143d32_72.png",
            "first_name": "Nestor",
            "real_name": "Nestor Guzman",
            "display_name": "Nestor Guzman",
            "team": "T04LDH2CNBY",
            "name": "nestor",
            "is_restricted": false,
            "is_ultra_restricted": false
        },
        "thread_ts": "1682959736.642079",
        "parent_user_id": "U04LYRG90QZ"
    },
    {
        "client_msg_id": "2f6b7577-29db-4e70-bb9f-3518f7ba89a5",
        "type": "message",
        "text": "Indeed, hope everything is well, thank you for letting us know",
        "user": "U04LNK3DU84",
        "ts": "1682963720.560829",
        "blocks": [
            {
                "type": "rich_text",
                "block_id": "IvNPv",
                "elements": [
                    {
                        "type": "rich_text_section",
                        "elements": [
                            {
                                "type": "text",
                                "text": "Indeed, hope everything is well, thank you for letting us know"
                            }
                        ]
                    }
                ]
            }
        ],
        "team": "T04LDH2CNBY",
        "user_team": "T04LDH2CNBY",
        "source_team": "T04LDH2CNBY",
        "user_profile": {
            "avatar_hash": "2ecdfc20bb56",
            "image_72": "https:\/\/avatars.slack-edge.com\/2023-01-25\/4702661419268_2ecdfc20bb56f2adcfd3_72.jpg",
            "first_name": "Eduardo",
            "real_name": "Eduardo Puyol-Martinez",
            "display_name": "Eduardo",
            "team": "T04LDH2CNBY",
            "name": "eduardo",
            "is_restricted": false,
            "is_ultra_restricted": false
        },
        "thread_ts": "1682959736.642079",
        "parent_user_id": "U04LYRG90QZ"
    },
    {
        "client_msg_id": "f2b7000e-5208-4b39-bd36-6383b36d305c",
        "type": "message",
        "text": "Yes, I hope so. She was in emergencies..",
        "user": "U04LYRG90QZ",
        "ts": "1682963748.124579",
        "blocks": [
            {
                "type": "rich_text",
                "block_id": "wn4",
                "elements": [
                    {
                        "type": "rich_text_section",
                        "elements": [
                            {
                                "type": "text",
                                "text": "Yes, I hope so. She was in emergencies.."
                            }
                        ]
                    }
                ]
            }
        ],
        "team": "T04LDH2CNBY",
        "user_team": "T04LDH2CNBY",
        "source_team": "T04LDH2CNBY",
        "user_profile": {
            "avatar_hash": "18034abdbce3",
            "image_72": "https:\/\/avatars.slack-edge.com\/2023-01-26\/4700726977909_18034abdbce385064283_72.jpg",
            "first_name": "Virginia",
            "real_name": "Virginia",
            "display_name": "Virginia",
            "team": "T04LDH2CNBY",
            "name": "virginia",
            "is_restricted": false,
            "is_ultra_restricted": false
        },
        "thread_ts": "1682959736.642079",
        "parent_user_id": "U04LYRG90QZ"
    },
    {
        "client_msg_id": "92d7b046-8fb1-4972-99a1-e8d90701f819",
        "type": "message",
        "text": "Team, I need some mins...",
        "user": "U04LYRG90QZ",
        "ts": "1682971009.291779",
        "blocks": [
            {
                "type": "rich_text",
                "block_id": "Zb5Xk",
                "elements": [
                    {
                        "type": "rich_text_section",
                        "elements": [
                            {
                                "type": "text",
                                "text": "Team, I need some mins..."
                            }
                        ]
                    }
                ]
            }
        ],
        "team": "T04LDH2CNBY",
        "user_team": "T04LDH2CNBY",
        "source_team": "T04LDH2CNBY",
        "user_profile": {
            "avatar_hash": "18034abdbce3",
            "image_72": "https:\/\/avatars.slack-edge.com\/2023-01-26\/4700726977909_18034abdbce385064283_72.jpg",
            "first_name": "Virginia",
            "real_name": "Virginia",
            "display_name": "Virginia",
            "team": "T04LDH2CNBY",
            "name": "virginia",
            "is_restricted": false,
            "is_ultra_restricted": false
        }
    },
    {
        "client_msg_id": "175b5db3-aeb1-475b-9edf-78116edcfecf",
        "type": "message",
        "text": "BRB",
        "user": "U04LYRG90QZ",
        "ts": "1682971010.848139",
        "blocks": [
            {
                "type": "rich_text",
                "block_id": "SWHHM",
                "elements": [
                    {
                        "type": "rich_text_section",
                        "elements": [
                            {
                                "type": "text",
                                "text": "BRB"
                            }
                        ]
                    }
                ]
            }
        ],
        "team": "T04LDH2CNBY",
        "user_team": "T04LDH2CNBY",
        "source_team": "T04LDH2CNBY",
        "user_profile": {
            "avatar_hash": "18034abdbce3",
            "image_72": "https:\/\/avatars.slack-edge.com\/2023-01-26\/4700726977909_18034abdbce385064283_72.jpg",
            "first_name": "Virginia",
            "real_name": "Virginia",
            "display_name": "Virginia",
            "team": "T04LDH2CNBY",
            "name": "virginia",
            "is_restricted": false,
            "is_ultra_restricted": false
        }
    },
    {
        "client_msg_id": "d456b0d0-3a0f-408d-995a-be509a6b61fb",
        "type": "message",
        "text": "back",
        "user": "U04LYRG90QZ",
        "ts": "1682972182.304539",
        "blocks": [
            {
                "type": "rich_text",
                "block_id": "vxl2",
                "elements": [
                    {
                        "type": "rich_text_section",
                        "elements": [
                            {
                                "type": "text",
                                "text": "back"
                            }
                        ]
                    }
                ]
            }
        ],
        "team": "T04LDH2CNBY",
        "user_team": "T04LDH2CNBY",
        "source_team": "T04LDH2CNBY",
        "user_profile": {
            "avatar_hash": "18034abdbce3",
            "image_72": "https:\/\/avatars.slack-edge.com\/2023-01-26\/4700726977909_18034abdbce385064283_72.jpg",
            "first_name": "Virginia",
            "real_name": "Virginia",
            "display_name": "Virginia",
            "team": "T04LDH2CNBY",
            "name": "virginia",
            "is_restricted": false,
            "is_ultra_restricted": false
        }
    },
    {
        "client_msg_id": "2b0dba71-bb3d-4352-b5d8-86b5365048d0",
        "type": "message",
        "text": "BRB",
        "user": "U04LYRG90QZ",
        "ts": "1682982442.467269",
        "blocks": [
            {
                "type": "rich_text",
                "block_id": "g4w",
                "elements": [
                    {
                        "type": "rich_text_section",
                        "elements": [
                            {
                                "type": "text",
                                "text": "BRB"
                            }
                        ]
                    }
                ]
            }
        ],
        "team": "T04LDH2CNBY",
        "user_team": "T04LDH2CNBY",
        "source_team": "T04LDH2CNBY",
        "user_profile": {
            "avatar_hash": "18034abdbce3",
            "image_72": "https:\/\/avatars.slack-edge.com\/2023-01-26\/4700726977909_18034abdbce385064283_72.jpg",
            "first_name": "Virginia",
            "real_name": "Virginia",
            "display_name": "Virginia",
            "team": "T04LDH2CNBY",
            "name": "virginia",
            "is_restricted": false,
            "is_ultra_restricted": false
        }
    },
    {
        "client_msg_id": "f7bab54f-8b4d-441b-aaca-17d9b13e9d0d",
        "type": "message",
        "text": "i'm back",
        "user": "U04LYRG90QZ",
        "ts": "1682982797.542129",
        "blocks": [
            {
                "type": "rich_text",
                "block_id": "3z5L",
                "elements": [
                    {
                        "type": "rich_text_section",
                        "elements": [
                            {
                                "type": "text",
                                "text": "i'm back"
                            }
                        ]
                    }
                ]
            }
        ],
        "team": "T04LDH2CNBY",
        "user_team": "T04LDH2CNBY",
        "source_team": "T04LDH2CNBY",
        "user_profile": {
            "avatar_hash": "18034abdbce3",
            "image_72": "https:\/\/avatars.slack-edge.com\/2023-01-26\/4700726977909_18034abdbce385064283_72.jpg",
            "first_name": "Virginia",
            "real_name": "Virginia",
            "display_name": "Virginia",
            "team": "T04LDH2CNBY",
            "name": "virginia",
            "is_restricted": false,
            "is_ultra_restricted": false
        }
    },
    {
        "client_msg_id": "17638df8-a390-4a26-81e6-47175ecf90fb",
        "type": "message",
        "text": "leaving team, see you all tomorrow...",
        "user": "U04LYRG90QZ",
        "ts": "1682985954.927669",
        "blocks": [
            {
                "type": "rich_text",
                "block_id": "nglpO",
                "elements": [
                    {
                        "type": "rich_text_section",
                        "elements": [
                            {
                                "type": "text",
                                "text": "leaving team, see you all tomorrow..."
                            }
                        ]
                    }
                ]
            }
        ],
        "team": "T04LDH2CNBY",
        "user_team": "T04LDH2CNBY",
        "source_team": "T04LDH2CNBY",
        "user_profile": {
            "avatar_hash": "18034abdbce3",
            "image_72": "https:\/\/avatars.slack-edge.com\/2023-01-26\/4700726977909_18034abdbce385064283_72.jpg",
            "first_name": "Virginia",
            "real_name": "Virginia",
            "display_name": "Virginia",
            "team": "T04LDH2CNBY",
            "name": "virginia",
            "is_restricted": false,
            "is_ultra_restricted": false
        },
        "reactions": [
            {
                "name": "+1",
                "users": [
                    "U04LNK3DU84"
                ],
                "count": 1
            }
        ]
    },
    {
        "client_msg_id": "c0742653-fea4-45f6-97e5-ad382e66b6a6",
        "type": "message",
        "text": "out",
        "user": "U04LNK3DU84",
        "ts": "1682991567.041069",
        "blocks": [
            {
                "type": "rich_text",
                "block_id": "xLlj",
                "elements": [
                    {
                        "type": "rich_text_section",
                        "elements": [
                            {
                                "type": "text",
                                "text": "out"
                            }
                        ]
                    }
                ]
            }
        ],
        "team": "T04LDH2CNBY",
        "user_team": "T04LDH2CNBY",
        "source_team": "T04LDH2CNBY",
        "user_profile": {
            "avatar_hash": "2ecdfc20bb56",
            "image_72": "https:\/\/avatars.slack-edge.com\/2023-01-25\/4702661419268_2ecdfc20bb56f2adcfd3_72.jpg",
            "first_name": "Eduardo",
            "real_name": "Eduardo Puyol-Martinez",
            "display_name": "Eduardo",
            "team": "T04LDH2CNBY",
            "name": "eduardo",
            "is_restricted": false,
            "is_ultra_restricted": false
        }
    },
    {
        "client_msg_id": "53C8BAFC-1B72-49DB-816E-D57462330879",
        "type": "message",
        "text": "Out ",
        "user": "U04LL2BJ5GB",
        "ts": "1682991641.323889",
        "blocks": [
            {
                "type": "rich_text",
                "block_id": "817MN",
                "elements": [
                    {
                        "type": "rich_text_section",
                        "elements": [
                            {
                                "type": "text",
                                "text": "Out "
                            }
                        ]
                    }
                ]
            }
        ],
        "team": "T04LDH2CNBY",
        "user_team": "T04LDH2CNBY",
        "source_team": "T04LDH2CNBY",
        "user_profile": {
            "avatar_hash": "a0aaab73c433",
            "image_72": "https:\/\/avatars.slack-edge.com\/2023-06-02\/5369485068164_a0aaab73c43394143d32_72.png",
            "first_name": "Nestor",
            "real_name": "Nestor Guzman",
            "display_name": "Nestor Guzman",
            "team": "T04LDH2CNBY",
            "name": "nestor",
            "is_restricted": false,
            "is_ultra_restricted": false
        },
        "thread_ts": "1682960627.261309",
        "parent_user_id": "U04LL2BJ5GB"
    },
    {
        "client_msg_id": "bbf1492c-f706-45ad-b09d-30bd35414639",
        "type": "message",
        "text": "Hi All..........I didn't have access to my computer yesterday. I had a family emergency and was at the hospital from 4:30am until the late afternoon. Will be getting caught up on yesterday's email.",
        "user": "U04LDKWRDB8",
        "ts": "1683009537.632809",
        "blocks": [
            {
                "type": "rich_text",
                "block_id": "VzJJ9",
                "elements": [
                    {
                        "type": "rich_text_section",
                        "elements": [
                            {
                                "type": "text",
                                "text": "Hi All..........I didn't have access to my computer yesterday. I had a family emergency and was at the hospital from 4:30am until the late afternoon. Will be getting caught up on yesterday's email."
                            }
                        ]
                    }
                ]
            }
        ],
        "team": "T04LDH2CNBY",
        "user_team": "T04LDH2CNBY",
        "source_team": "T04LDH2CNBY",
        "user_profile": {
            "avatar_hash": "a437520525b3",
            "image_72": "https:\/\/avatars.slack-edge.com\/2023-01-31\/4728630296242_a437520525b309207ab3_72.png",
            "first_name": "Kelly",
            "real_name": "Kelly Moody",
            "display_name": "Kelly Moody",
            "team": "T04LDH2CNBY",
            "name": "kelly",
            "is_restricted": false,
            "is_ultra_restricted": false
        }
    }
]