[
    {
        "client_msg_id": "6DC14599-DE4F-486F-81AC-7FDE63F93406",
        "type": "message",
        "text": "Morning team ",
        "user": "U04LL2M6F99",
        "ts": "1677854815.536319",
        "blocks": [
            {
                "type": "rich_text",
                "block_id": "9Fzw+",
                "elements": [
                    {
                        "type": "rich_text_section",
                        "elements": [
                            {
                                "type": "text",
                                "text": "Morning team "
                            }
                        ]
                    }
                ]
            }
        ],
        "team": "T04LDH2CNBY",
        "user_team": "T04LDH2CNBY",
        "source_team": "T04LDH2CNBY",
        "user_profile": {
            "avatar_hash": "075a5725a539",
            "image_72": "https:\/\/avatars.slack-edge.com\/2023-02-16\/4793680204375_075a5725a53946ba72a8_72.png",
            "first_name": "Kristine",
            "real_name": "Kristine Noel",
            "display_name": "Kristine Noel",
            "team": "T04LDH2CNBY",
            "name": "kristine",
            "is_restricted": false,
            "is_ultra_restricted": false
        }
    },
    {
        "client_msg_id": "62e5bdfb-f37e-4726-b272-ad9309194cdd",
        "type": "message",
        "text": "Hello team, I am not feeling well today,  I will be focusing on 2 tasks, Oehha bid for monday, and finishing II testing, message me on slack if you have questions,  I might not respond right away though...thank you",
        "user": "U04LNK3DU84",
        "ts": "1677860693.575409",
        "blocks": [
            {
                "type": "rich_text",
                "block_id": "k3Nd",
                "elements": [
                    {
                        "type": "rich_text_section",
                        "elements": [
                            {
                                "type": "text",
                                "text": "Hello team, I am not feeling well today,  I will be focusing on 2 tasks, Oehha bid for monday, and finishing II testing, message me on slack if you have questions,  I might not respond right away though...thank you"
                            }
                        ]
                    }
                ]
            }
        ],
        "team": "T04LDH2CNBY",
        "user_team": "T04LDH2CNBY",
        "source_team": "T04LDH2CNBY",
        "user_profile": {
            "avatar_hash": "2ecdfc20bb56",
            "image_72": "https:\/\/avatars.slack-edge.com\/2023-01-25\/4702661419268_2ecdfc20bb56f2adcfd3_72.jpg",
            "first_name": "Eduardo",
            "real_name": "Eduardo Puyol-Martinez",
            "display_name": "Eduardo",
            "team": "T04LDH2CNBY",
            "name": "eduardo",
            "is_restricted": false,
            "is_ultra_restricted": false
        },
        "thread_ts": "1677860693.575409",
        "reply_count": 2,
        "reply_users_count": 2,
        "latest_reply": "1677866516.780609",
        "reply_users": [
            "U04LL2M6F99",
            "U04LL2BJ5GB"
        ],
        "replies": [
            {
                "user": "U04LL2M6F99",
                "ts": "1677861147.337429"
            },
            {
                "user": "U04LL2BJ5GB",
                "ts": "1677866516.780609"
            }
        ],
        "is_locked": false,
        "subscribed": false,
        "reactions": [
            {
                "name": "pleading_face",
                "users": [
                    "U04LL2M6F99"
                ],
                "count": 1
            }
        ]
    },
    {
        "client_msg_id": "497F9298-CD2F-464D-9CFA-B74ACF46B465",
        "type": "message",
        "text": "Get well soon Eduardo ",
        "user": "U04LL2M6F99",
        "ts": "1677861147.337429",
        "blocks": [
            {
                "type": "rich_text",
                "block_id": "MCZ",
                "elements": [
                    {
                        "type": "rich_text_section",
                        "elements": [
                            {
                                "type": "text",
                                "text": "Get well soon Eduardo "
                            }
                        ]
                    }
                ]
            }
        ],
        "team": "T04LDH2CNBY",
        "user_team": "T04LDH2CNBY",
        "source_team": "T04LDH2CNBY",
        "user_profile": {
            "avatar_hash": "075a5725a539",
            "image_72": "https:\/\/avatars.slack-edge.com\/2023-02-16\/4793680204375_075a5725a53946ba72a8_72.png",
            "first_name": "Kristine",
            "real_name": "Kristine Noel",
            "display_name": "Kristine Noel",
            "team": "T04LDH2CNBY",
            "name": "kristine",
            "is_restricted": false,
            "is_ultra_restricted": false
        },
        "thread_ts": "1677860693.575409",
        "parent_user_id": "U04LNK3DU84",
        "reactions": [
            {
                "name": "+1",
                "users": [
                    "U04LNK3DU84"
                ],
                "count": 1
            }
        ]
    },
    {
        "client_msg_id": "fa2ba616-c80c-472c-86eb-a8db1db71083",
        "type": "message",
        "text": "Good morning. Oh no, hope you feel better soon <@U04LNK3DU84>",
        "user": "U04LDKWRDB8",
        "ts": "1677862896.242499",
        "blocks": [
            {
                "type": "rich_text",
                "block_id": "Ed3K",
                "elements": [
                    {
                        "type": "rich_text_section",
                        "elements": [
                            {
                                "type": "text",
                                "text": "Good morning. Oh no, hope you feel better soon "
                            },
                            {
                                "type": "user",
                                "user_id": "U04LNK3DU84"
                            }
                        ]
                    }
                ]
            }
        ],
        "team": "T04LDH2CNBY",
        "user_team": "T04LDH2CNBY",
        "source_team": "T04LDH2CNBY",
        "user_profile": {
            "avatar_hash": "a437520525b3",
            "image_72": "https:\/\/avatars.slack-edge.com\/2023-01-31\/4728630296242_a437520525b309207ab3_72.png",
            "first_name": "Kelly",
            "real_name": "Kelly Moody",
            "display_name": "Kelly Moody",
            "team": "T04LDH2CNBY",
            "name": "kelly",
            "is_restricted": false,
            "is_ultra_restricted": false
        },
        "reactions": [
            {
                "name": "+1",
                "users": [
                    "U04LNK3DU84"
                ],
                "count": 1
            }
        ]
    },
    {
        "client_msg_id": "A297032C-4FD7-4177-8D74-525537FB1F5D",
        "type": "message",
        "text": "In ",
        "user": "U04LL2BJ5GB",
        "ts": "1677866496.832259",
        "blocks": [
            {
                "type": "rich_text",
                "block_id": "+lCiS",
                "elements": [
                    {
                        "type": "rich_text_section",
                        "elements": [
                            {
                                "type": "text",
                                "text": "In "
                            }
                        ]
                    }
                ]
            }
        ],
        "team": "T04LDH2CNBY",
        "user_team": "T04LDH2CNBY",
        "source_team": "T04LDH2CNBY",
        "user_profile": {
            "avatar_hash": "a0aaab73c433",
            "image_72": "https:\/\/avatars.slack-edge.com\/2023-06-02\/5369485068164_a0aaab73c43394143d32_72.png",
            "first_name": "Nestor",
            "real_name": "Nestor Guzman",
            "display_name": "Nestor Guzman",
            "team": "T04LDH2CNBY",
            "name": "nestor",
            "is_restricted": false,
            "is_ultra_restricted": false
        },
        "thread_ts": "1677866496.832259",
        "reply_count": 1,
        "reply_users_count": 1,
        "latest_reply": "1677893347.375559",
        "reply_users": [
            "U04LL2BJ5GB"
        ],
        "replies": [
            {
                "user": "U04LL2BJ5GB",
                "ts": "1677893347.375559"
            }
        ],
        "is_locked": false,
        "subscribed": false
    },
    {
        "client_msg_id": "12CE2A0B-DBE8-4594-A4DE-28FCD00DC9E6",
        "type": "message",
        "text": "Get well soon! ",
        "user": "U04LL2BJ5GB",
        "ts": "1677866516.780609",
        "blocks": [
            {
                "type": "rich_text",
                "block_id": "gZFTP",
                "elements": [
                    {
                        "type": "rich_text_section",
                        "elements": [
                            {
                                "type": "text",
                                "text": "Get well soon! "
                            }
                        ]
                    }
                ]
            }
        ],
        "team": "T04LDH2CNBY",
        "user_team": "T04LDH2CNBY",
        "source_team": "T04LDH2CNBY",
        "user_profile": {
            "avatar_hash": "a0aaab73c433",
            "image_72": "https:\/\/avatars.slack-edge.com\/2023-06-02\/5369485068164_a0aaab73c43394143d32_72.png",
            "first_name": "Nestor",
            "real_name": "Nestor Guzman",
            "display_name": "Nestor Guzman",
            "team": "T04LDH2CNBY",
            "name": "nestor",
            "is_restricted": false,
            "is_ultra_restricted": false
        },
        "thread_ts": "1677860693.575409",
        "parent_user_id": "U04LNK3DU84",
        "reactions": [
            {
                "name": "+1",
                "users": [
                    "U04LNK3DU84"
                ],
                "count": 1
            }
        ]
    },
    {
        "client_msg_id": "EB469A27-AB70-406E-AFF4-16489A0F2376",
        "type": "message",
        "text": "Hi guys our neighbor’s transformer box fell and now we are all powerless :sob: . Please call my cell <tel:213447|213 447> 2223 if you need anything ",
        "user": "U04LNKU8YF6",
        "ts": "1677881616.739839",
        "blocks": [
            {
                "type": "rich_text",
                "block_id": "oveq",
                "elements": [
                    {
                        "type": "rich_text_section",
                        "elements": [
                            {
                                "type": "text",
                                "text": "Hi guys our neighbor’s transformer box fell and now we are all powerless "
                            },
                            {
                                "type": "emoji",
                                "name": "sob",
                                "unicode": "1f62d"
                            },
                            {
                                "type": "text",
                                "text": " . Please call my cell "
                            },
                            {
                                "type": "link",
                                "url": "tel:213447",
                                "text": "213 447"
                            },
                            {
                                "type": "text",
                                "text": " 2223 if you need anything "
                            }
                        ]
                    }
                ]
            }
        ],
        "team": "T04LDH2CNBY",
        "user_team": "T04LDH2CNBY",
        "source_team": "T04LDH2CNBY",
        "user_profile": {
            "avatar_hash": "212b82b4d92e",
            "image_72": "https:\/\/avatars.slack-edge.com\/2023-01-25\/4700546482018_212b82b4d92ed2471a10_72.jpg",
            "first_name": "Caroline",
            "real_name": "Caroline Lee",
            "display_name": "Caroline Lee",
            "team": "T04LDH2CNBY",
            "name": "caroline",
            "is_restricted": false,
            "is_ultra_restricted": false
        },
        "edited": {
            "user": "U04LNKU8YF6",
            "ts": "1677881628.000000"
        },
        "reactions": [
            {
                "name": "hushed",
                "users": [
                    "U04LDKWRDB8",
                    "U04LL2M6F99"
                ],
                "count": 2
            },
            {
                "name": "eyes",
                "users": [
                    "U04LH7FMHGD"
                ],
                "count": 1
            },
            {
                "name": "astonished",
                "users": [
                    "U04LNK3DU84"
                ],
                "count": 1
            }
        ]
    },
    {
        "client_msg_id": "2a8fdc57-21ca-417f-94d6-87eb75a63d18",
        "type": "message",
        "text": "oh no.",
        "user": "U04LDKWRDB8",
        "ts": "1677881657.357779",
        "blocks": [
            {
                "type": "rich_text",
                "block_id": "PKOjm",
                "elements": [
                    {
                        "type": "rich_text_section",
                        "elements": [
                            {
                                "type": "text",
                                "text": "oh no."
                            }
                        ]
                    }
                ]
            }
        ],
        "team": "T04LDH2CNBY",
        "user_team": "T04LDH2CNBY",
        "source_team": "T04LDH2CNBY",
        "user_profile": {
            "avatar_hash": "a437520525b3",
            "image_72": "https:\/\/avatars.slack-edge.com\/2023-01-31\/4728630296242_a437520525b309207ab3_72.png",
            "first_name": "Kelly",
            "real_name": "Kelly Moody",
            "display_name": "Kelly Moody",
            "team": "T04LDH2CNBY",
            "name": "kelly",
            "is_restricted": false,
            "is_ultra_restricted": false
        }
    },
    {
        "client_msg_id": "5fdb8ccb-e5e9-46f2-b1f0-adcfaeaeb30f",
        "type": "message",
        "text": "noted! hope it gets fixed soon",
        "user": "U04LNK3DU84",
        "ts": "1677881744.686129",
        "blocks": [
            {
                "type": "rich_text",
                "block_id": "wQ6y",
                "elements": [
                    {
                        "type": "rich_text_section",
                        "elements": [
                            {
                                "type": "text",
                                "text": "noted! hope it gets fixed soon"
                            }
                        ]
                    }
                ]
            }
        ],
        "team": "T04LDH2CNBY",
        "user_team": "T04LDH2CNBY",
        "source_team": "T04LDH2CNBY",
        "user_profile": {
            "avatar_hash": "2ecdfc20bb56",
            "image_72": "https:\/\/avatars.slack-edge.com\/2023-01-25\/4702661419268_2ecdfc20bb56f2adcfd3_72.jpg",
            "first_name": "Eduardo",
            "real_name": "Eduardo Puyol-Martinez",
            "display_name": "Eduardo",
            "team": "T04LDH2CNBY",
            "name": "eduardo",
            "is_restricted": false,
            "is_ultra_restricted": false
        }
    },
    {
        "client_msg_id": "C787F012-D244-4AAD-87C8-B2C61D113C58",
        "type": "message",
        "text": "Out ",
        "user": "U04LL2BJ5GB",
        "ts": "1677893347.375559",
        "blocks": [
            {
                "type": "rich_text",
                "block_id": "Rx9gb",
                "elements": [
                    {
                        "type": "rich_text_section",
                        "elements": [
                            {
                                "type": "text",
                                "text": "Out "
                            }
                        ]
                    }
                ]
            }
        ],
        "team": "T04LDH2CNBY",
        "user_team": "T04LDH2CNBY",
        "source_team": "T04LDH2CNBY",
        "user_profile": {
            "avatar_hash": "a0aaab73c433",
            "image_72": "https:\/\/avatars.slack-edge.com\/2023-06-02\/5369485068164_a0aaab73c43394143d32_72.png",
            "first_name": "Nestor",
            "real_name": "Nestor Guzman",
            "display_name": "Nestor Guzman",
            "team": "T04LDH2CNBY",
            "name": "nestor",
            "is_restricted": false,
            "is_ultra_restricted": false
        },
        "thread_ts": "1677866496.832259",
        "parent_user_id": "U04LL2BJ5GB"
    },
    {
        "client_msg_id": "388b6947-89f8-4fc3-a0f1-49ac32ea7ce4",
        "type": "message",
        "text": "Out. Have a good weekend everyone!",
        "user": "U04LH7FMHGD",
        "ts": "1677893958.410939",
        "blocks": [
            {
                "type": "rich_text",
                "block_id": "z3RbN",
                "elements": [
                    {
                        "type": "rich_text_section",
                        "elements": [
                            {
                                "type": "text",
                                "text": "Out. Have a good weekend everyone!"
                            }
                        ]
                    }
                ]
            }
        ],
        "team": "T04LDH2CNBY",
        "user_team": "T04LDH2CNBY",
        "source_team": "T04LDH2CNBY",
        "user_profile": {
            "avatar_hash": "g265bf305f0f",
            "image_72": "https:\/\/secure.gravatar.com\/avatar\/265bf305f0fb80067245ba0e6117995c.jpg?s=72&d=https%3A%2F%2Fa.slack-edge.com%2Fdf10d%2Fimg%2Favatars%2Fava_0019-72.png",
            "first_name": "Baoze",
            "real_name": "Baoze Zhang",
            "display_name": "Baoze Zhang",
            "team": "T04LDH2CNBY",
            "name": "baoze",
            "is_restricted": false,
            "is_ultra_restricted": false
        },
        "reactions": [
            {
                "name": "+1",
                "users": [
                    "U04LL2BJ5GB"
                ],
                "count": 1
            }
        ]
    }
]