[
    {
        "client_msg_id": "b72f71a8-ca9b-42e7-9e56-2fa925acc9d9",
        "type": "message",
        "text": "Good Morning!",
        "user": "U04LL2M6F99",
        "ts": "1685714465.505269",
        "blocks": [
            {
                "type": "rich_text",
                "block_id": "V8qq",
                "elements": [
                    {
                        "type": "rich_text_section",
                        "elements": [
                            {
                                "type": "text",
                                "text": "Good Morning!"
                            }
                        ]
                    }
                ]
            }
        ],
        "team": "T04LDH2CNBY",
        "user_team": "T04LDH2CNBY",
        "source_team": "T04LDH2CNBY",
        "user_profile": {
            "avatar_hash": "075a5725a539",
            "image_72": "https:\/\/avatars.slack-edge.com\/2023-02-16\/4793680204375_075a5725a53946ba72a8_72.png",
            "first_name": "Kristine",
            "real_name": "Kristine Noel",
            "display_name": "Kristine Noel",
            "team": "T04LDH2CNBY",
            "name": "kristine",
            "is_restricted": false,
            "is_ultra_restricted": false
        }
    },
    {
        "client_msg_id": "abb97f78-d061-4c9d-8d77-bfaaba8db0ca",
        "type": "message",
        "text": "morning",
        "user": "U04LYRG90QZ",
        "ts": "1685714572.813009",
        "blocks": [
            {
                "type": "rich_text",
                "block_id": "XTY",
                "elements": [
                    {
                        "type": "rich_text_section",
                        "elements": [
                            {
                                "type": "text",
                                "text": "morning"
                            }
                        ]
                    }
                ]
            }
        ],
        "team": "T04LDH2CNBY",
        "user_team": "T04LDH2CNBY",
        "source_team": "T04LDH2CNBY",
        "user_profile": {
            "avatar_hash": "18034abdbce3",
            "image_72": "https:\/\/avatars.slack-edge.com\/2023-01-26\/4700726977909_18034abdbce385064283_72.jpg",
            "first_name": "Virginia",
            "real_name": "Virginia",
            "display_name": "Virginia",
            "team": "T04LDH2CNBY",
            "name": "virginia",
            "is_restricted": false,
            "is_ultra_restricted": false
        }
    },
    {
        "client_msg_id": "d6d5277f-be9c-4fe3-8aa1-259ba4aa19d1",
        "type": "message",
        "text": "lunch..",
        "user": "U04LYRG90QZ",
        "ts": "1685720412.251869",
        "blocks": [
            {
                "type": "rich_text",
                "block_id": "ziT",
                "elements": [
                    {
                        "type": "rich_text_section",
                        "elements": [
                            {
                                "type": "text",
                                "text": "lunch.."
                            }
                        ]
                    }
                ]
            }
        ],
        "team": "T04LDH2CNBY",
        "user_team": "T04LDH2CNBY",
        "source_team": "T04LDH2CNBY",
        "user_profile": {
            "avatar_hash": "18034abdbce3",
            "image_72": "https:\/\/avatars.slack-edge.com\/2023-01-26\/4700726977909_18034abdbce385064283_72.jpg",
            "first_name": "Virginia",
            "real_name": "Virginia",
            "display_name": "Virginia",
            "team": "T04LDH2CNBY",
            "name": "virginia",
            "is_restricted": false,
            "is_ultra_restricted": false
        }
    },
    {
        "client_msg_id": "b77df502-2897-4e5f-8962-81d7accd1702",
        "type": "message",
        "text": "back",
        "user": "U04LYRG90QZ",
        "ts": "1685721913.737139",
        "blocks": [
            {
                "type": "rich_text",
                "block_id": "uT6m",
                "elements": [
                    {
                        "type": "rich_text_section",
                        "elements": [
                            {
                                "type": "text",
                                "text": "back"
                            }
                        ]
                    }
                ]
            }
        ],
        "team": "T04LDH2CNBY",
        "user_team": "T04LDH2CNBY",
        "source_team": "T04LDH2CNBY",
        "user_profile": {
            "avatar_hash": "18034abdbce3",
            "image_72": "https:\/\/avatars.slack-edge.com\/2023-01-26\/4700726977909_18034abdbce385064283_72.jpg",
            "first_name": "Virginia",
            "real_name": "Virginia",
            "display_name": "Virginia",
            "team": "T04LDH2CNBY",
            "name": "virginia",
            "is_restricted": false,
            "is_ultra_restricted": false
        }
    },
    {
        "client_msg_id": "0d6c728e-69cd-4172-b18c-e1c4d1351bf9",
        "type": "message",
        "text": "BRB team, taking Isabella to school...",
        "user": "U04LYRG90QZ",
        "ts": "1685723084.042089",
        "blocks": [
            {
                "type": "rich_text",
                "block_id": "4qu",
                "elements": [
                    {
                        "type": "rich_text_section",
                        "elements": [
                            {
                                "type": "text",
                                "text": "BRB team, taking Isabella to school..."
                            }
                        ]
                    }
                ]
            }
        ],
        "team": "T04LDH2CNBY",
        "user_team": "T04LDH2CNBY",
        "source_team": "T04LDH2CNBY",
        "user_profile": {
            "avatar_hash": "18034abdbce3",
            "image_72": "https:\/\/avatars.slack-edge.com\/2023-01-26\/4700726977909_18034abdbce385064283_72.jpg",
            "first_name": "Virginia",
            "real_name": "Virginia",
            "display_name": "Virginia",
            "team": "T04LDH2CNBY",
            "name": "virginia",
            "is_restricted": false,
            "is_ultra_restricted": false
        }
    },
    {
        "client_msg_id": "73acb730-ee67-4450-8a2d-b4a9b00701e1",
        "type": "message",
        "text": "good morning",
        "user": "U04LNK3DU84",
        "ts": "1685723818.184399",
        "blocks": [
            {
                "type": "rich_text",
                "block_id": "jXf9",
                "elements": [
                    {
                        "type": "rich_text_section",
                        "elements": [
                            {
                                "type": "text",
                                "text": "good morning"
                            }
                        ]
                    }
                ]
            }
        ],
        "team": "T04LDH2CNBY",
        "user_team": "T04LDH2CNBY",
        "source_team": "T04LDH2CNBY",
        "user_profile": {
            "avatar_hash": "2ecdfc20bb56",
            "image_72": "https:\/\/avatars.slack-edge.com\/2023-01-25\/4702661419268_2ecdfc20bb56f2adcfd3_72.jpg",
            "first_name": "Eduardo",
            "real_name": "Eduardo Puyol-Martinez",
            "display_name": "Eduardo",
            "team": "T04LDH2CNBY",
            "name": "eduardo",
            "is_restricted": false,
            "is_ultra_restricted": false
        }
    },
    {
        "client_msg_id": "759ee6d0-d262-411d-bfab-f116fd7b258f",
        "type": "message",
        "text": "back",
        "user": "U04LYRG90QZ",
        "ts": "1685724156.248059",
        "blocks": [
            {
                "type": "rich_text",
                "block_id": "AK3Ni",
                "elements": [
                    {
                        "type": "rich_text_section",
                        "elements": [
                            {
                                "type": "text",
                                "text": "back"
                            }
                        ]
                    }
                ]
            }
        ],
        "team": "T04LDH2CNBY",
        "user_team": "T04LDH2CNBY",
        "source_team": "T04LDH2CNBY",
        "user_profile": {
            "avatar_hash": "18034abdbce3",
            "image_72": "https:\/\/avatars.slack-edge.com\/2023-01-26\/4700726977909_18034abdbce385064283_72.jpg",
            "first_name": "Virginia",
            "real_name": "Virginia",
            "display_name": "Virginia",
            "team": "T04LDH2CNBY",
            "name": "virginia",
            "is_restricted": false,
            "is_ultra_restricted": false
        }
    },
    {
        "type": "message",
        "text": "<@U04LNKU8YF6> Happy Birthday from all of us <!here> at Accent!",
        "files": [
            {
                "id": "F05BFG074D6",
                "created": 1685724928,
                "timestamp": 1685724928,
                "name": "image.png",
                "title": "image.png",
                "mimetype": "image\/png",
                "filetype": "png",
                "pretty_type": "PNG",
                "user": "U04LL2M6F99",
                "user_team": "T04LDH2CNBY",
                "editable": false,
                "size": 393200,
                "mode": "hosted",
                "is_external": false,
                "external_type": "",
                "is_public": true,
                "public_url_shared": false,
                "display_as_bot": false,
                "username": "",
                "url_private": "https:\/\/files.slack.com\/files-pri\/T04LDH2CNBY-F05BFG074D6\/image.png?t=xoxe-4693580430406-6172009281334-6191283381473-91f87957d7d1493b6bfd4aa78cb61a3d",
                "url_private_download": "https:\/\/files.slack.com\/files-pri\/T04LDH2CNBY-F05BFG074D6\/download\/image.png?t=xoxe-4693580430406-6172009281334-6191283381473-91f87957d7d1493b6bfd4aa78cb61a3d",
                "media_display_type": "unknown",
                "thumb_64": "https:\/\/files.slack.com\/files-tmb\/T04LDH2CNBY-F05BFG074D6-ca026d5ec6\/image_64.png?t=xoxe-4693580430406-6172009281334-6191283381473-91f87957d7d1493b6bfd4aa78cb61a3d",
                "thumb_80": "https:\/\/files.slack.com\/files-tmb\/T04LDH2CNBY-F05BFG074D6-ca026d5ec6\/image_80.png?t=xoxe-4693580430406-6172009281334-6191283381473-91f87957d7d1493b6bfd4aa78cb61a3d",
                "thumb_360": "https:\/\/files.slack.com\/files-tmb\/T04LDH2CNBY-F05BFG074D6-ca026d5ec6\/image_360.png?t=xoxe-4693580430406-6172009281334-6191283381473-91f87957d7d1493b6bfd4aa78cb61a3d",
                "thumb_360_w": 203,
                "thumb_360_h": 360,
                "thumb_480": "https:\/\/files.slack.com\/files-tmb\/T04LDH2CNBY-F05BFG074D6-ca026d5ec6\/image_480.png?t=xoxe-4693580430406-6172009281334-6191283381473-91f87957d7d1493b6bfd4aa78cb61a3d",
                "thumb_480_w": 271,
                "thumb_480_h": 480,
                "thumb_160": "https:\/\/files.slack.com\/files-tmb\/T04LDH2CNBY-F05BFG074D6-ca026d5ec6\/image_160.png?t=xoxe-4693580430406-6172009281334-6191283381473-91f87957d7d1493b6bfd4aa78cb61a3d",
                "thumb_720": "https:\/\/files.slack.com\/files-tmb\/T04LDH2CNBY-F05BFG074D6-ca026d5ec6\/image_720.png?t=xoxe-4693580430406-6172009281334-6191283381473-91f87957d7d1493b6bfd4aa78cb61a3d",
                "thumb_720_w": 406,
                "thumb_720_h": 720,
                "thumb_800": "https:\/\/files.slack.com\/files-tmb\/T04LDH2CNBY-F05BFG074D6-ca026d5ec6\/image_800.png?t=xoxe-4693580430406-6172009281334-6191283381473-91f87957d7d1493b6bfd4aa78cb61a3d",
                "thumb_800_w": 451,
                "thumb_800_h": 800,
                "original_w": 498,
                "original_h": 883,
                "thumb_tiny": "AwAwABukTuQKqkt3NNVNwyT3ojLD5hgnpzUoM2eACD0OOKTGRKdj4647UMfmORg0+RnC\/MmDnrjFQsdzEnvQIUA9jS73H8Z\/OkBGBQSDQAMWPU5+ppuTS\/nSUwF7dRR3HNXJEh+zZXZnHUetU8jFJO4WHZ96YetKPmYDpSkEHjpTA\/\/Z",
                "permalink": "https:\/\/accent-on-languages.slack.com\/files\/U04LL2M6F99\/F05BFG074D6\/image.png",
                "permalink_public": "https:\/\/slack-files.com\/T04LDH2CNBY-F05BFG074D6-5874555831",
                "is_starred": false,
                "has_rich_preview": false,
                "file_access": "visible"
            }
        ],
        "upload": false,
        "user": "U04LL2M6F99",
        "display_as_bot": false,
        "ts": "1685724957.110089",
        "blocks": [
            {
                "type": "rich_text",
                "block_id": "EHP",
                "elements": [
                    {
                        "type": "rich_text_section",
                        "elements": [
                            {
                                "type": "user",
                                "user_id": "U04LNKU8YF6"
                            },
                            {
                                "type": "text",
                                "text": " Happy Birthday from all of us "
                            },
                            {
                                "type": "broadcast",
                                "range": "here"
                            },
                            {
                                "type": "text",
                                "text": " at Accent!"
                            }
                        ]
                    }
                ]
            }
        ],
        "client_msg_id": "862dd1f1-44a2-40a3-a089-ef280a410c8f",
        "thread_ts": "1685724957.110089",
        "reply_count": 1,
        "reply_users_count": 1,
        "latest_reply": "1685989396.215769",
        "reply_users": [
            "U04LNKU8YF6"
        ],
        "replies": [
            {
                "user": "U04LNKU8YF6",
                "ts": "1685989396.215769"
            }
        ],
        "is_locked": false,
        "subscribed": true,
        "last_read": "1685989396.215769",
        "reactions": [
            {
                "name": "heart",
                "users": [
                    "U04LYRG90QZ",
                    "U0583NMRYNL",
                    "U0576JVJF1Q",
                    "U04LL2BJ5GB",
                    "U04LNKU8YF6"
                ],
                "count": 5
            },
            {
                "name": "hugging_face",
                "users": [
                    "U04LNKU8YF6"
                ],
                "count": 1
            }
        ]
    },
    {
        "client_msg_id": "e925383e-0f43-4a83-811f-c022bf0fc6ad",
        "type": "message",
        "text": "Happy B-day Caroline!!!!!",
        "user": "U04LYRG90QZ",
        "ts": "1685725053.221949",
        "blocks": [
            {
                "type": "rich_text",
                "block_id": "=Ko",
                "elements": [
                    {
                        "type": "rich_text_section",
                        "elements": [
                            {
                                "type": "text",
                                "text": "Happy B-day Caroline!!!!!"
                            }
                        ]
                    }
                ]
            }
        ],
        "team": "T04LDH2CNBY",
        "user_team": "T04LDH2CNBY",
        "source_team": "T04LDH2CNBY",
        "user_profile": {
            "avatar_hash": "18034abdbce3",
            "image_72": "https:\/\/avatars.slack-edge.com\/2023-01-26\/4700726977909_18034abdbce385064283_72.jpg",
            "first_name": "Virginia",
            "real_name": "Virginia",
            "display_name": "Virginia",
            "team": "T04LDH2CNBY",
            "name": "virginia",
            "is_restricted": false,
            "is_ultra_restricted": false
        }
    },
    {
        "client_msg_id": "1ca4fd50-d2f2-436d-91f0-4efe3094a7e9",
        "type": "message",
        "text": "Happy Birthday Caroline!!! :tada::smile:",
        "user": "U0583NMRYNL",
        "ts": "1685725084.606539",
        "blocks": [
            {
                "type": "rich_text",
                "block_id": "9EcM",
                "elements": [
                    {
                        "type": "rich_text_section",
                        "elements": [
                            {
                                "type": "text",
                                "text": "Happy Birthday Caroline!!! "
                            },
                            {
                                "type": "emoji",
                                "name": "tada",
                                "unicode": "1f389"
                            },
                            {
                                "type": "emoji",
                                "name": "smile",
                                "unicode": "1f604"
                            }
                        ]
                    }
                ]
            }
        ],
        "team": "T04LDH2CNBY",
        "user_team": "T04LDH2CNBY",
        "source_team": "T04LDH2CNBY",
        "user_profile": {
            "avatar_hash": "5e6f62d55b08",
            "image_72": "https:\/\/avatars.slack-edge.com\/2023-06-16\/5432096346342_5e6f62d55b081b9b60e7_72.jpg",
            "first_name": "Hanna",
            "real_name": "Hanna Jacobson",
            "display_name": "Hanna Jacobson",
            "team": "T04LDH2CNBY",
            "name": "hanna",
            "is_restricted": false,
            "is_ultra_restricted": false
        }
    },
    {
        "client_msg_id": "7db4d965-e3fb-4ca1-a771-4330a4309138",
        "type": "message",
        "text": "Feliz Cumpleaños! :birthday:",
        "user": "U04LNK3DU84",
        "ts": "1685725108.486429",
        "blocks": [
            {
                "type": "rich_text",
                "block_id": "JszrS",
                "elements": [
                    {
                        "type": "rich_text_section",
                        "elements": [
                            {
                                "type": "text",
                                "text": "Feliz Cumpleaños! "
                            },
                            {
                                "type": "emoji",
                                "name": "birthday",
                                "unicode": "1f382"
                            }
                        ]
                    }
                ]
            }
        ],
        "team": "T04LDH2CNBY",
        "user_team": "T04LDH2CNBY",
        "source_team": "T04LDH2CNBY",
        "user_profile": {
            "avatar_hash": "2ecdfc20bb56",
            "image_72": "https:\/\/avatars.slack-edge.com\/2023-01-25\/4702661419268_2ecdfc20bb56f2adcfd3_72.jpg",
            "first_name": "Eduardo",
            "real_name": "Eduardo Puyol-Martinez",
            "display_name": "Eduardo",
            "team": "T04LDH2CNBY",
            "name": "eduardo",
            "is_restricted": false,
            "is_ultra_restricted": false
        }
    },
    {
        "client_msg_id": "1623b80a-7526-4f2d-9655-f6b8349e4c6c",
        "type": "message",
        "text": "Happy Birthday Caroline!!:tada::birthday:",
        "user": "U0576JVJF1Q",
        "ts": "1685725131.200629",
        "blocks": [
            {
                "type": "rich_text",
                "block_id": "dmz",
                "elements": [
                    {
                        "type": "rich_text_section",
                        "elements": [
                            {
                                "type": "text",
                                "text": "Happy Birthday Caroline!!"
                            },
                            {
                                "type": "emoji",
                                "name": "tada",
                                "unicode": "1f389"
                            },
                            {
                                "type": "emoji",
                                "name": "birthday",
                                "unicode": "1f382"
                            }
                        ]
                    }
                ]
            }
        ],
        "team": "T04LDH2CNBY",
        "user_team": "T04LDH2CNBY",
        "source_team": "T04LDH2CNBY",
        "user_profile": {
            "avatar_hash": "g12be1dbd2bd",
            "image_72": "https:\/\/secure.gravatar.com\/avatar\/12be1dbd2bd270e15f2abc83ff193814.jpg?s=72&d=https%3A%2F%2Fa.slack-edge.com%2Fdf10d%2Fimg%2Favatars%2Fava_0010-72.png",
            "first_name": "Kai",
            "real_name": "Kai",
            "display_name": "Kai",
            "team": "T04LDH2CNBY",
            "name": "kai",
            "is_restricted": false,
            "is_ultra_restricted": false
        }
    },
    {
        "client_msg_id": "6537192E-0576-4245-9C35-7A74D8F2284A",
        "type": "message",
        "text": "In ",
        "user": "U04LL2BJ5GB",
        "ts": "1685725411.785059",
        "blocks": [
            {
                "type": "rich_text",
                "block_id": "jU1z",
                "elements": [
                    {
                        "type": "rich_text_section",
                        "elements": [
                            {
                                "type": "text",
                                "text": "In "
                            }
                        ]
                    }
                ]
            }
        ],
        "team": "T04LDH2CNBY",
        "user_team": "T04LDH2CNBY",
        "source_team": "T04LDH2CNBY",
        "user_profile": {
            "avatar_hash": "a0aaab73c433",
            "image_72": "https:\/\/avatars.slack-edge.com\/2023-06-02\/5369485068164_a0aaab73c43394143d32_72.png",
            "first_name": "Nestor",
            "real_name": "Nestor Guzman",
            "display_name": "Nestor Guzman",
            "team": "T04LDH2CNBY",
            "name": "nestor",
            "is_restricted": false,
            "is_ultra_restricted": false
        },
        "thread_ts": "1685725411.785059",
        "reply_count": 1,
        "reply_users_count": 1,
        "latest_reply": "1685752014.222549",
        "reply_users": [
            "U04LL2BJ5GB"
        ],
        "replies": [
            {
                "user": "U04LL2BJ5GB",
                "ts": "1685752014.222549"
            }
        ],
        "is_locked": false,
        "subscribed": false
    },
    {
        "client_msg_id": "adda77d2-3de8-4df1-9de5-d5d509987a55",
        "type": "message",
        "text": "Team, I will need to leave for about 1 hour or so... BRB",
        "user": "U04LYRG90QZ",
        "ts": "1685730940.815339",
        "blocks": [
            {
                "type": "rich_text",
                "block_id": "Jk\/w",
                "elements": [
                    {
                        "type": "rich_text_section",
                        "elements": [
                            {
                                "type": "text",
                                "text": "Team, I will need to leave for about 1 hour or so... BRB"
                            }
                        ]
                    }
                ]
            }
        ],
        "team": "T04LDH2CNBY",
        "user_team": "T04LDH2CNBY",
        "source_team": "T04LDH2CNBY",
        "user_profile": {
            "avatar_hash": "18034abdbce3",
            "image_72": "https:\/\/avatars.slack-edge.com\/2023-01-26\/4700726977909_18034abdbce385064283_72.jpg",
            "first_name": "Virginia",
            "real_name": "Virginia",
            "display_name": "Virginia",
            "team": "T04LDH2CNBY",
            "name": "virginia",
            "is_restricted": false,
            "is_ultra_restricted": false
        }
    },
    {
        "client_msg_id": "afb80967-b5d7-405c-a64a-f30fff40d25a",
        "type": "message",
        "text": "back",
        "user": "U04LYRG90QZ",
        "ts": "1685735765.106499",
        "blocks": [
            {
                "type": "rich_text",
                "block_id": "0Gs3",
                "elements": [
                    {
                        "type": "rich_text_section",
                        "elements": [
                            {
                                "type": "text",
                                "text": "back"
                            }
                        ]
                    }
                ]
            }
        ],
        "team": "T04LDH2CNBY",
        "user_team": "T04LDH2CNBY",
        "source_team": "T04LDH2CNBY",
        "user_profile": {
            "avatar_hash": "18034abdbce3",
            "image_72": "https:\/\/avatars.slack-edge.com\/2023-01-26\/4700726977909_18034abdbce385064283_72.jpg",
            "first_name": "Virginia",
            "real_name": "Virginia",
            "display_name": "Virginia",
            "team": "T04LDH2CNBY",
            "name": "virginia",
            "is_restricted": false,
            "is_ultra_restricted": false
        }
    },
    {
        "client_msg_id": "3ea45cbc-a949-4be5-a27f-88a26e359a3b",
        "type": "message",
        "text": "Taking my lunch",
        "user": "U04LL2M6F99",
        "ts": "1685737805.583189",
        "blocks": [
            {
                "type": "rich_text",
                "block_id": "OLlrU",
                "elements": [
                    {
                        "type": "rich_text_section",
                        "elements": [
                            {
                                "type": "text",
                                "text": "Taking my lunch"
                            }
                        ]
                    }
                ]
            }
        ],
        "team": "T04LDH2CNBY",
        "user_team": "T04LDH2CNBY",
        "source_team": "T04LDH2CNBY",
        "user_profile": {
            "avatar_hash": "075a5725a539",
            "image_72": "https:\/\/avatars.slack-edge.com\/2023-02-16\/4793680204375_075a5725a53946ba72a8_72.png",
            "first_name": "Kristine",
            "real_name": "Kristine Noel",
            "display_name": "Kristine Noel",
            "team": "T04LDH2CNBY",
            "name": "kristine",
            "is_restricted": false,
            "is_ultra_restricted": false
        }
    },
    {
        "client_msg_id": "965dfc3e-69db-4442-85aa-c650ba1680c6",
        "type": "message",
        "text": "BRB team, I need to go to the drugstore before it gets closed....",
        "user": "U04LYRG90QZ",
        "ts": "1685742826.882579",
        "blocks": [
            {
                "type": "rich_text",
                "block_id": "3=K",
                "elements": [
                    {
                        "type": "rich_text_section",
                        "elements": [
                            {
                                "type": "text",
                                "text": "BRB team, I need to go to the drugstore before it gets closed...."
                            }
                        ]
                    }
                ]
            }
        ],
        "team": "T04LDH2CNBY",
        "user_team": "T04LDH2CNBY",
        "source_team": "T04LDH2CNBY",
        "user_profile": {
            "avatar_hash": "18034abdbce3",
            "image_72": "https:\/\/avatars.slack-edge.com\/2023-01-26\/4700726977909_18034abdbce385064283_72.jpg",
            "first_name": "Virginia",
            "real_name": "Virginia",
            "display_name": "Virginia",
            "team": "T04LDH2CNBY",
            "name": "virginia",
            "is_restricted": false,
            "is_ultra_restricted": false
        }
    },
    {
        "client_msg_id": "86ea1d90-272b-4856-9a63-1a875d951d9f",
        "type": "message",
        "text": "back",
        "user": "U04LYRG90QZ",
        "ts": "1685744406.343719",
        "blocks": [
            {
                "type": "rich_text",
                "block_id": "qCECE",
                "elements": [
                    {
                        "type": "rich_text_section",
                        "elements": [
                            {
                                "type": "text",
                                "text": "back"
                            }
                        ]
                    }
                ]
            }
        ],
        "team": "T04LDH2CNBY",
        "user_team": "T04LDH2CNBY",
        "source_team": "T04LDH2CNBY",
        "user_profile": {
            "avatar_hash": "18034abdbce3",
            "image_72": "https:\/\/avatars.slack-edge.com\/2023-01-26\/4700726977909_18034abdbce385064283_72.jpg",
            "first_name": "Virginia",
            "real_name": "Virginia",
            "display_name": "Virginia",
            "team": "T04LDH2CNBY",
            "name": "virginia",
            "is_restricted": false,
            "is_ultra_restricted": false
        }
    },
    {
        "client_msg_id": "1c8eb8cc-ee78-4615-980c-eac7251901c0",
        "type": "message",
        "text": "I'm leaving team, happy weekend!!!!!!! enjoy it!!!",
        "user": "U04LYRG90QZ",
        "ts": "1685750423.156359",
        "blocks": [
            {
                "type": "rich_text",
                "block_id": "\/mPV+",
                "elements": [
                    {
                        "type": "rich_text_section",
                        "elements": [
                            {
                                "type": "text",
                                "text": "I'm leaving team, happy weekend!!!!!!! enjoy it!!!"
                            }
                        ]
                    }
                ]
            }
        ],
        "team": "T04LDH2CNBY",
        "user_team": "T04LDH2CNBY",
        "source_team": "T04LDH2CNBY",
        "user_profile": {
            "avatar_hash": "18034abdbce3",
            "image_72": "https:\/\/avatars.slack-edge.com\/2023-01-26\/4700726977909_18034abdbce385064283_72.jpg",
            "first_name": "Virginia",
            "real_name": "Virginia",
            "display_name": "Virginia",
            "team": "T04LDH2CNBY",
            "name": "virginia",
            "is_restricted": false,
            "is_ultra_restricted": false
        },
        "reactions": [
            {
                "name": "raised_hands",
                "users": [
                    "U04LL2M6F99"
                ],
                "count": 1
            }
        ]
    },
    {
        "client_msg_id": "e043c162-f48b-484e-be69-764f63379892",
        "type": "message",
        "text": "out",
        "user": "U04LL2BJ5GB",
        "ts": "1685752014.222549",
        "blocks": [
            {
                "type": "rich_text",
                "block_id": "jjYsk",
                "elements": [
                    {
                        "type": "rich_text_section",
                        "elements": [
                            {
                                "type": "text",
                                "text": "out"
                            }
                        ]
                    }
                ]
            }
        ],
        "team": "T04LDH2CNBY",
        "user_team": "T04LDH2CNBY",
        "source_team": "T04LDH2CNBY",
        "user_profile": {
            "avatar_hash": "a0aaab73c433",
            "image_72": "https:\/\/avatars.slack-edge.com\/2023-06-02\/5369485068164_a0aaab73c43394143d32_72.png",
            "first_name": "Nestor",
            "real_name": "Nestor Guzman",
            "display_name": "Nestor Guzman",
            "team": "T04LDH2CNBY",
            "name": "nestor",
            "is_restricted": false,
            "is_ultra_restricted": false
        },
        "thread_ts": "1685725411.785059",
        "parent_user_id": "U04LL2BJ5GB"
    },
    {
        "client_msg_id": "ba2a7b40-d6d6-4ca2-bbda-b94a55fd43de",
        "type": "message",
        "text": "out , have a great weekend",
        "user": "U04LNK3DU84",
        "ts": "1685754474.083119",
        "blocks": [
            {
                "type": "rich_text",
                "block_id": "WhRI",
                "elements": [
                    {
                        "type": "rich_text_section",
                        "elements": [
                            {
                                "type": "text",
                                "text": "out , have a great weekend"
                            }
                        ]
                    }
                ]
            }
        ],
        "team": "T04LDH2CNBY",
        "user_team": "T04LDH2CNBY",
        "source_team": "T04LDH2CNBY",
        "user_profile": {
            "avatar_hash": "2ecdfc20bb56",
            "image_72": "https:\/\/avatars.slack-edge.com\/2023-01-25\/4702661419268_2ecdfc20bb56f2adcfd3_72.jpg",
            "first_name": "Eduardo",
            "real_name": "Eduardo Puyol-Martinez",
            "display_name": "Eduardo",
            "team": "T04LDH2CNBY",
            "name": "eduardo",
            "is_restricted": false,
            "is_ultra_restricted": false
        }
    }
]