[
    {
        "client_msg_id": "25174E57-3F67-4FE4-BE21-CBE356BE4EDB",
        "type": "message",
        "text": "Morning team ",
        "user": "U04LL2M6F99",
        "ts": "1683899412.832909",
        "blocks": [
            {
                "type": "rich_text",
                "block_id": "tiKls",
                "elements": [
                    {
                        "type": "rich_text_section",
                        "elements": [
                            {
                                "type": "text",
                                "text": "Morning team "
                            }
                        ]
                    }
                ]
            }
        ],
        "team": "T04LDH2CNBY",
        "user_team": "T04LDH2CNBY",
        "source_team": "T04LDH2CNBY",
        "user_profile": {
            "avatar_hash": "075a5725a539",
            "image_72": "https:\/\/avatars.slack-edge.com\/2023-02-16\/4793680204375_075a5725a53946ba72a8_72.png",
            "first_name": "Kristine",
            "real_name": "Kristine Noel",
            "display_name": "Kristine Noel",
            "team": "T04LDH2CNBY",
            "name": "kristine",
            "is_restricted": false,
            "is_ultra_restricted": false
        }
    },
    {
        "client_msg_id": "62d6341d-d76e-446f-8216-e635b7bd911d",
        "type": "message",
        "text": "morning!",
        "user": "U04LYRG90QZ",
        "ts": "1683900395.208759",
        "blocks": [
            {
                "type": "rich_text",
                "block_id": "Rg9",
                "elements": [
                    {
                        "type": "rich_text_section",
                        "elements": [
                            {
                                "type": "text",
                                "text": "morning!"
                            }
                        ]
                    }
                ]
            }
        ],
        "team": "T04LDH2CNBY",
        "user_team": "T04LDH2CNBY",
        "source_team": "T04LDH2CNBY",
        "user_profile": {
            "avatar_hash": "18034abdbce3",
            "image_72": "https:\/\/avatars.slack-edge.com\/2023-01-26\/4700726977909_18034abdbce385064283_72.jpg",
            "first_name": "Virginia",
            "real_name": "Virginia",
            "display_name": "Virginia",
            "team": "T04LDH2CNBY",
            "name": "virginia",
            "is_restricted": false,
            "is_ultra_restricted": false
        }
    },
    {
        "client_msg_id": "8ad62fb4-2cca-4af9-b4cc-e670f754d17b",
        "type": "message",
        "text": "quick lunch brb",
        "user": "U04LYRG90QZ",
        "ts": "1683906501.933019",
        "blocks": [
            {
                "type": "rich_text",
                "block_id": "VBE",
                "elements": [
                    {
                        "type": "rich_text_section",
                        "elements": [
                            {
                                "type": "text",
                                "text": "quick lunch brb"
                            }
                        ]
                    }
                ]
            }
        ],
        "team": "T04LDH2CNBY",
        "user_team": "T04LDH2CNBY",
        "source_team": "T04LDH2CNBY",
        "user_profile": {
            "avatar_hash": "18034abdbce3",
            "image_72": "https:\/\/avatars.slack-edge.com\/2023-01-26\/4700726977909_18034abdbce385064283_72.jpg",
            "first_name": "Virginia",
            "real_name": "Virginia",
            "display_name": "Virginia",
            "team": "T04LDH2CNBY",
            "name": "virginia",
            "is_restricted": false,
            "is_ultra_restricted": false
        }
    },
    {
        "client_msg_id": "890b5b70-1871-4831-b7bd-b195788a48c3",
        "type": "message",
        "text": "back",
        "user": "U04LYRG90QZ",
        "ts": "1683907664.180099",
        "blocks": [
            {
                "type": "rich_text",
                "block_id": "oFTi",
                "elements": [
                    {
                        "type": "rich_text_section",
                        "elements": [
                            {
                                "type": "text",
                                "text": "back"
                            }
                        ]
                    }
                ]
            }
        ],
        "team": "T04LDH2CNBY",
        "user_team": "T04LDH2CNBY",
        "source_team": "T04LDH2CNBY",
        "user_profile": {
            "avatar_hash": "18034abdbce3",
            "image_72": "https:\/\/avatars.slack-edge.com\/2023-01-26\/4700726977909_18034abdbce385064283_72.jpg",
            "first_name": "Virginia",
            "real_name": "Virginia",
            "display_name": "Virginia",
            "team": "T04LDH2CNBY",
            "name": "virginia",
            "is_restricted": false,
            "is_ultra_restricted": false
        }
    },
    {
        "client_msg_id": "BB20D6A0-7F8C-4EC6-8B75-7641D22550A8",
        "type": "message",
        "text": "In early today ",
        "user": "U04LL2BJ5GB",
        "ts": "1683909219.650409",
        "blocks": [
            {
                "type": "rich_text",
                "block_id": "sjMAO",
                "elements": [
                    {
                        "type": "rich_text_section",
                        "elements": [
                            {
                                "type": "text",
                                "text": "In early today "
                            }
                        ]
                    }
                ]
            }
        ],
        "team": "T04LDH2CNBY",
        "user_team": "T04LDH2CNBY",
        "source_team": "T04LDH2CNBY",
        "user_profile": {
            "avatar_hash": "a0aaab73c433",
            "image_72": "https:\/\/avatars.slack-edge.com\/2023-06-02\/5369485068164_a0aaab73c43394143d32_72.png",
            "first_name": "Nestor",
            "real_name": "Nestor Guzman",
            "display_name": "Nestor Guzman",
            "team": "T04LDH2CNBY",
            "name": "nestor",
            "is_restricted": false,
            "is_ultra_restricted": false
        },
        "thread_ts": "1683909219.650409",
        "reply_count": 1,
        "reply_users_count": 1,
        "latest_reply": "1683937852.881529",
        "reply_users": [
            "U04LL2BJ5GB"
        ],
        "replies": [
            {
                "user": "U04LL2BJ5GB",
                "ts": "1683937852.881529"
            }
        ],
        "is_locked": false,
        "subscribed": false
    },
    {
        "type": "message",
        "subtype": "channel_join",
        "ts": "1683909953.505739",
        "user": "U0583NMRYNL",
        "text": "<@U0583NMRYNL> has joined the channel"
    },
    {
        "client_msg_id": "0a74dbcd-28b5-4bf2-978b-092309f358c1",
        "type": "message",
        "text": "Team, I just need some mins, BRB!",
        "user": "U04LYRG90QZ",
        "ts": "1683910905.483109",
        "blocks": [
            {
                "type": "rich_text",
                "block_id": "biV",
                "elements": [
                    {
                        "type": "rich_text_section",
                        "elements": [
                            {
                                "type": "text",
                                "text": "Team, I just need some mins, BRB!"
                            }
                        ]
                    }
                ]
            }
        ],
        "team": "T04LDH2CNBY",
        "user_team": "T04LDH2CNBY",
        "source_team": "T04LDH2CNBY",
        "user_profile": {
            "avatar_hash": "18034abdbce3",
            "image_72": "https:\/\/avatars.slack-edge.com\/2023-01-26\/4700726977909_18034abdbce385064283_72.jpg",
            "first_name": "Virginia",
            "real_name": "Virginia",
            "display_name": "Virginia",
            "team": "T04LDH2CNBY",
            "name": "virginia",
            "is_restricted": false,
            "is_ultra_restricted": false
        }
    },
    {
        "client_msg_id": "6bc8f1c7-38de-48d7-9ed6-e2abbcf6f487",
        "type": "message",
        "text": "Welcome Hanna!!!!",
        "user": "U04LYRG90QZ",
        "ts": "1683910908.328589",
        "blocks": [
            {
                "type": "rich_text",
                "block_id": "oGa",
                "elements": [
                    {
                        "type": "rich_text_section",
                        "elements": [
                            {
                                "type": "text",
                                "text": "Welcome Hanna!!!!"
                            }
                        ]
                    }
                ]
            }
        ],
        "team": "T04LDH2CNBY",
        "user_team": "T04LDH2CNBY",
        "source_team": "T04LDH2CNBY",
        "user_profile": {
            "avatar_hash": "18034abdbce3",
            "image_72": "https:\/\/avatars.slack-edge.com\/2023-01-26\/4700726977909_18034abdbce385064283_72.jpg",
            "first_name": "Virginia",
            "real_name": "Virginia",
            "display_name": "Virginia",
            "team": "T04LDH2CNBY",
            "name": "virginia",
            "is_restricted": false,
            "is_ultra_restricted": false
        }
    },
    {
        "client_msg_id": "8199fedf-698e-4457-8f41-9a608799bfec",
        "type": "message",
        "text": "Thank you so much! Happy to be here!",
        "user": "U0583NMRYNL",
        "ts": "1683911130.139659",
        "blocks": [
            {
                "type": "rich_text",
                "block_id": "uTd2+",
                "elements": [
                    {
                        "type": "rich_text_section",
                        "elements": [
                            {
                                "type": "text",
                                "text": "Thank you so much! Happy to be here!"
                            }
                        ]
                    }
                ]
            }
        ],
        "team": "T04LDH2CNBY",
        "user_team": "T04LDH2CNBY",
        "source_team": "T04LDH2CNBY",
        "user_profile": {
            "avatar_hash": "5e6f62d55b08",
            "image_72": "https:\/\/avatars.slack-edge.com\/2023-06-16\/5432096346342_5e6f62d55b081b9b60e7_72.jpg",
            "first_name": "Hanna",
            "real_name": "Hanna Jacobson",
            "display_name": "Hanna Jacobson",
            "team": "T04LDH2CNBY",
            "name": "hanna",
            "is_restricted": false,
            "is_ultra_restricted": false
        },
        "reactions": [
            {
                "name": "+1",
                "users": [
                    "U04LL2BJ5GB"
                ],
                "count": 1
            },
            {
                "name": "heart",
                "users": [
                    "U04LL2M6F99",
                    "U04LYRG90QZ",
                    "U0576JVJF1Q"
                ],
                "count": 3
            }
        ]
    },
    {
        "client_msg_id": "b7347f5a-8820-4b76-ba83-241e2b2e01d1",
        "type": "message",
        "text": "sick",
        "user": "U04LDKWRDB8",
        "ts": "1683911152.286049",
        "blocks": [
            {
                "type": "rich_text",
                "block_id": "kSsxG",
                "elements": [
                    {
                        "type": "rich_text_section",
                        "elements": [
                            {
                                "type": "text",
                                "text": "sick"
                            }
                        ]
                    }
                ]
            }
        ],
        "team": "T04LDH2CNBY",
        "user_team": "T04LDH2CNBY",
        "source_team": "T04LDH2CNBY",
        "user_profile": {
            "avatar_hash": "a437520525b3",
            "image_72": "https:\/\/avatars.slack-edge.com\/2023-01-31\/4728630296242_a437520525b309207ab3_72.png",
            "first_name": "Kelly",
            "real_name": "Kelly Moody",
            "display_name": "Kelly Moody",
            "team": "T04LDH2CNBY",
            "name": "kelly",
            "is_restricted": false,
            "is_ultra_restricted": false
        },
        "reactions": [
            {
                "name": "face_with_spiral_eyes",
                "users": [
                    "U04LYRG90QZ"
                ],
                "count": 1
            }
        ]
    },
    {
        "client_msg_id": "96279720-8379-4c2e-a21a-1df9aa5ad574",
        "type": "message",
        "text": "back",
        "user": "U04LYRG90QZ",
        "ts": "1683912152.499189",
        "blocks": [
            {
                "type": "rich_text",
                "block_id": "P9FU",
                "elements": [
                    {
                        "type": "rich_text_section",
                        "elements": [
                            {
                                "type": "text",
                                "text": "back"
                            }
                        ]
                    }
                ]
            }
        ],
        "team": "T04LDH2CNBY",
        "user_team": "T04LDH2CNBY",
        "source_team": "T04LDH2CNBY",
        "user_profile": {
            "avatar_hash": "18034abdbce3",
            "image_72": "https:\/\/avatars.slack-edge.com\/2023-01-26\/4700726977909_18034abdbce385064283_72.jpg",
            "first_name": "Virginia",
            "real_name": "Virginia",
            "display_name": "Virginia",
            "team": "T04LDH2CNBY",
            "name": "virginia",
            "is_restricted": false,
            "is_ultra_restricted": false
        }
    },
    {
        "client_msg_id": "76101187-98ae-4119-a634-aacb2f26bc34",
        "type": "message",
        "text": "in...",
        "user": "U04LNK3DU84",
        "ts": "1683913125.496389",
        "blocks": [
            {
                "type": "rich_text",
                "block_id": "Cds",
                "elements": [
                    {
                        "type": "rich_text_section",
                        "elements": [
                            {
                                "type": "text",
                                "text": "in..."
                            }
                        ]
                    }
                ]
            }
        ],
        "team": "T04LDH2CNBY",
        "user_team": "T04LDH2CNBY",
        "source_team": "T04LDH2CNBY",
        "user_profile": {
            "avatar_hash": "2ecdfc20bb56",
            "image_72": "https:\/\/avatars.slack-edge.com\/2023-01-25\/4702661419268_2ecdfc20bb56f2adcfd3_72.jpg",
            "first_name": "Eduardo",
            "real_name": "Eduardo Puyol-Martinez",
            "display_name": "Eduardo",
            "team": "T04LDH2CNBY",
            "name": "eduardo",
            "is_restricted": false,
            "is_ultra_restricted": false
        }
    },
    {
        "client_msg_id": "74124515-e83b-41f9-9848-0609c4074e88",
        "type": "message",
        "text": "welcome to the team <@U0583NMRYNL>",
        "user": "U04LNK3DU84",
        "ts": "1683913184.938849",
        "blocks": [
            {
                "type": "rich_text",
                "block_id": "KWuNU",
                "elements": [
                    {
                        "type": "rich_text_section",
                        "elements": [
                            {
                                "type": "text",
                                "text": "welcome to the team "
                            },
                            {
                                "type": "user",
                                "user_id": "U0583NMRYNL"
                            }
                        ]
                    }
                ]
            }
        ],
        "team": "T04LDH2CNBY",
        "user_team": "T04LDH2CNBY",
        "source_team": "T04LDH2CNBY",
        "user_profile": {
            "avatar_hash": "2ecdfc20bb56",
            "image_72": "https:\/\/avatars.slack-edge.com\/2023-01-25\/4702661419268_2ecdfc20bb56f2adcfd3_72.jpg",
            "first_name": "Eduardo",
            "real_name": "Eduardo Puyol-Martinez",
            "display_name": "Eduardo",
            "team": "T04LDH2CNBY",
            "name": "eduardo",
            "is_restricted": false,
            "is_ultra_restricted": false
        },
        "reactions": [
            {
                "name": "heart",
                "users": [
                    "U0583NMRYNL"
                ],
                "count": 1
            }
        ]
    },
    {
        "client_msg_id": "7fda331c-d51d-4d8c-bced-0d01f9c95702",
        "type": "message",
        "text": "BRB team",
        "user": "U04LYRG90QZ",
        "ts": "1683922908.417469",
        "blocks": [
            {
                "type": "rich_text",
                "block_id": "chTIh",
                "elements": [
                    {
                        "type": "rich_text_section",
                        "elements": [
                            {
                                "type": "text",
                                "text": "BRB team"
                            }
                        ]
                    }
                ]
            }
        ],
        "team": "T04LDH2CNBY",
        "user_team": "T04LDH2CNBY",
        "source_team": "T04LDH2CNBY",
        "user_profile": {
            "avatar_hash": "18034abdbce3",
            "image_72": "https:\/\/avatars.slack-edge.com\/2023-01-26\/4700726977909_18034abdbce385064283_72.jpg",
            "first_name": "Virginia",
            "real_name": "Virginia",
            "display_name": "Virginia",
            "team": "T04LDH2CNBY",
            "name": "virginia",
            "is_restricted": false,
            "is_ultra_restricted": false
        }
    },
    {
        "client_msg_id": "68bb3ce7-875e-4b0e-b991-679db0f5c88f",
        "type": "message",
        "text": "BRB",
        "user": "U04LYRG90QZ",
        "ts": "1683930254.171989",
        "blocks": [
            {
                "type": "rich_text",
                "block_id": "nVsRb",
                "elements": [
                    {
                        "type": "rich_text_section",
                        "elements": [
                            {
                                "type": "text",
                                "text": "BRB"
                            }
                        ]
                    }
                ]
            }
        ],
        "team": "T04LDH2CNBY",
        "user_team": "T04LDH2CNBY",
        "source_team": "T04LDH2CNBY",
        "user_profile": {
            "avatar_hash": "18034abdbce3",
            "image_72": "https:\/\/avatars.slack-edge.com\/2023-01-26\/4700726977909_18034abdbce385064283_72.jpg",
            "first_name": "Virginia",
            "real_name": "Virginia",
            "display_name": "Virginia",
            "team": "T04LDH2CNBY",
            "name": "virginia",
            "is_restricted": false,
            "is_ultra_restricted": false
        }
    },
    {
        "client_msg_id": "2b61df2e-9828-45e4-9aa1-3ae8347346bc",
        "type": "message",
        "text": "well, i came back but i forgot to mention it..",
        "user": "U04LYRG90QZ",
        "ts": "1683930268.146379",
        "blocks": [
            {
                "type": "rich_text",
                "block_id": "+931H",
                "elements": [
                    {
                        "type": "rich_text_section",
                        "elements": [
                            {
                                "type": "text",
                                "text": "well, i came back but i forgot to mention it.."
                            }
                        ]
                    }
                ]
            }
        ],
        "team": "T04LDH2CNBY",
        "user_team": "T04LDH2CNBY",
        "source_team": "T04LDH2CNBY",
        "user_profile": {
            "avatar_hash": "18034abdbce3",
            "image_72": "https:\/\/avatars.slack-edge.com\/2023-01-26\/4700726977909_18034abdbce385064283_72.jpg",
            "first_name": "Virginia",
            "real_name": "Virginia",
            "display_name": "Virginia",
            "team": "T04LDH2CNBY",
            "name": "virginia",
            "is_restricted": false,
            "is_ultra_restricted": false
        }
    },
    {
        "client_msg_id": "6c2a8945-7bbe-4ec2-a799-a5645375cc11",
        "type": "message",
        "text": "Happy weekend to everybody!!!",
        "user": "U04LYRG90QZ",
        "ts": "1683936165.556729",
        "blocks": [
            {
                "type": "rich_text",
                "block_id": "MZveN",
                "elements": [
                    {
                        "type": "rich_text_section",
                        "elements": [
                            {
                                "type": "text",
                                "text": "Happy weekend to everybody!!!"
                            }
                        ]
                    }
                ]
            }
        ],
        "team": "T04LDH2CNBY",
        "user_team": "T04LDH2CNBY",
        "source_team": "T04LDH2CNBY",
        "user_profile": {
            "avatar_hash": "18034abdbce3",
            "image_72": "https:\/\/avatars.slack-edge.com\/2023-01-26\/4700726977909_18034abdbce385064283_72.jpg",
            "first_name": "Virginia",
            "real_name": "Virginia",
            "display_name": "Virginia",
            "team": "T04LDH2CNBY",
            "name": "virginia",
            "is_restricted": false,
            "is_ultra_restricted": false
        }
    },
    {
        "client_msg_id": "4c81e844-9648-4be8-987c-bbb2836ae688",
        "type": "message",
        "text": "Hi guys! I'm going to be OOO mostly Monday-Tuesday for FEMA APEC in Detroit. Please reach out to <@U04LNK3DU84> for anything urgent, or text\/call my cell at <tel:2134472223|213-447-2223>. I'm also spending most of the day clearing USCIS linguists, so I won't be as available or or I might be slow to response. Once we get through this biggest surge (we are processing around 20-50 people a week, hopefully it can go up to 100 soon), things will clear up more. Thank you!",
        "user": "U04LNKU8YF6",
        "ts": "1683936965.361649",
        "blocks": [
            {
                "type": "rich_text",
                "block_id": "9lQB",
                "elements": [
                    {
                        "type": "rich_text_section",
                        "elements": [
                            {
                                "type": "text",
                                "text": "Hi guys! I'm going to be OOO mostly Monday-Tuesday for FEMA APEC in Detroit. Please reach out to "
                            },
                            {
                                "type": "user",
                                "user_id": "U04LNK3DU84"
                            },
                            {
                                "type": "text",
                                "text": " for anything urgent, or text\/call my cell at "
                            },
                            {
                                "type": "link",
                                "url": "tel:2134472223",
                                "text": "213-447-2223"
                            },
                            {
                                "type": "text",
                                "text": ". I'm also spending most of the day clearing USCIS linguists, so I won't be as available or or I might be slow to response. Once we get through this biggest surge (we are processing around 20-50 people a week, hopefully it can go up to 100 soon), things will clear up more. Thank you!"
                            }
                        ]
                    }
                ]
            }
        ],
        "team": "T04LDH2CNBY",
        "user_team": "T04LDH2CNBY",
        "source_team": "T04LDH2CNBY",
        "user_profile": {
            "avatar_hash": "212b82b4d92e",
            "image_72": "https:\/\/avatars.slack-edge.com\/2023-01-25\/4700546482018_212b82b4d92ed2471a10_72.jpg",
            "first_name": "Caroline",
            "real_name": "Caroline Lee",
            "display_name": "Caroline Lee",
            "team": "T04LDH2CNBY",
            "name": "caroline",
            "is_restricted": false,
            "is_ultra_restricted": false
        },
        "reactions": [
            {
                "name": "+1",
                "users": [
                    "U04LNK3DU84",
                    "U0576JVJF1Q"
                ],
                "count": 2
            }
        ]
    },
    {
        "client_msg_id": "45c78032-2f41-4a1d-9911-a72b75951d7e",
        "type": "message",
        "text": "Also <!here> I'd like to introduce you to <@U0583NMRYNL>. She officially started today as our full time employee! She has a really great background and is excited to get into the language industry! She lives in Ohio. We actually met up for a few hours today to go through a few company items! For now, she'll work with me closely on USCIS OPI interpreter clearance. I expect her also jump into interpreting coordination tasks with our dear <@U04LYRG90QZ> very soon, too! Please give Hanna your warmest welcome. Thank you! :raised_hands::heartbeat::tada:",
        "user": "U04LNKU8YF6",
        "ts": "1683937137.568419",
        "blocks": [
            {
                "type": "rich_text",
                "block_id": "Ns8",
                "elements": [
                    {
                        "type": "rich_text_section",
                        "elements": [
                            {
                                "type": "text",
                                "text": "Also "
                            },
                            {
                                "type": "broadcast",
                                "range": "here"
                            },
                            {
                                "type": "text",
                                "text": " I'd like to introduce you to "
                            },
                            {
                                "type": "user",
                                "user_id": "U0583NMRYNL"
                            },
                            {
                                "type": "text",
                                "text": ". She officially started today as our full time employee! She has a really great background and is excited to get into the language industry! She lives in Ohio. We actually met up for a few hours today to go through a few company items! For now, she'll work with me closely on USCIS OPI interpreter clearance. I expect her also jump into interpreting coordination tasks with our dear "
                            },
                            {
                                "type": "user",
                                "user_id": "U04LYRG90QZ"
                            },
                            {
                                "type": "text",
                                "text": " very soon, too! Please give Hanna your warmest welcome. Thank you! "
                            },
                            {
                                "type": "emoji",
                                "name": "raised_hands",
                                "unicode": "1f64c"
                            },
                            {
                                "type": "emoji",
                                "name": "heartbeat",
                                "unicode": "1f493"
                            },
                            {
                                "type": "emoji",
                                "name": "tada",
                                "unicode": "1f389"
                            }
                        ]
                    }
                ]
            }
        ],
        "team": "T04LDH2CNBY",
        "user_team": "T04LDH2CNBY",
        "source_team": "T04LDH2CNBY",
        "user_profile": {
            "avatar_hash": "212b82b4d92e",
            "image_72": "https:\/\/avatars.slack-edge.com\/2023-01-25\/4700546482018_212b82b4d92ed2471a10_72.jpg",
            "first_name": "Caroline",
            "real_name": "Caroline Lee",
            "display_name": "Caroline Lee",
            "team": "T04LDH2CNBY",
            "name": "caroline",
            "is_restricted": false,
            "is_ultra_restricted": false
        },
        "reactions": [
            {
                "name": "raised_hands",
                "users": [
                    "U04LH7FMHGD",
                    "U0576JVJF1Q"
                ],
                "count": 2
            },
            {
                "name": "tada",
                "users": [
                    "U04LNK3DU84"
                ],
                "count": 1
            }
        ]
    },
    {
        "client_msg_id": "e132274e-2539-423a-a490-0ef85f86517c",
        "type": "message",
        "text": "In addition, we will have <@U0576JVJF1Q> coming on board as of 6\/1. He's waiting for his visa status to be cleared to formally start! He'll be working with both <@U04LYRG90QZ> and <@U0583NMRYNL> on interpreting! I'm so excited about our new additions. Please welcome Kai as well!!!! :fire::blush::clap:",
        "user": "U04LNKU8YF6",
        "ts": "1683937231.101759",
        "blocks": [
            {
                "type": "rich_text",
                "block_id": "8c2A",
                "elements": [
                    {
                        "type": "rich_text_section",
                        "elements": [
                            {
                                "type": "text",
                                "text": "In addition, we will have "
                            },
                            {
                                "type": "user",
                                "user_id": "U0576JVJF1Q"
                            },
                            {
                                "type": "text",
                                "text": " coming on board as of 6\/1. He's waiting for his visa status to be cleared to formally start! He'll be working with both "
                            },
                            {
                                "type": "user",
                                "user_id": "U04LYRG90QZ"
                            },
                            {
                                "type": "text",
                                "text": " and "
                            },
                            {
                                "type": "user",
                                "user_id": "U0583NMRYNL"
                            },
                            {
                                "type": "text",
                                "text": " on interpreting! I'm so excited about our new additions. Please welcome Kai as well!!!! "
                            },
                            {
                                "type": "emoji",
                                "name": "fire",
                                "unicode": "1f525"
                            },
                            {
                                "type": "emoji",
                                "name": "blush",
                                "unicode": "1f60a"
                            },
                            {
                                "type": "emoji",
                                "name": "clap",
                                "unicode": "1f44f"
                            }
                        ]
                    }
                ]
            }
        ],
        "team": "T04LDH2CNBY",
        "user_team": "T04LDH2CNBY",
        "source_team": "T04LDH2CNBY",
        "user_profile": {
            "avatar_hash": "212b82b4d92e",
            "image_72": "https:\/\/avatars.slack-edge.com\/2023-01-25\/4700546482018_212b82b4d92ed2471a10_72.jpg",
            "first_name": "Caroline",
            "real_name": "Caroline Lee",
            "display_name": "Caroline Lee",
            "team": "T04LDH2CNBY",
            "name": "caroline",
            "is_restricted": false,
            "is_ultra_restricted": false
        },
        "reactions": [
            {
                "name": "raised_hands",
                "users": [
                    "U04LH7FMHGD"
                ],
                "count": 1
            },
            {
                "name": "tada",
                "users": [
                    "U04LNK3DU84"
                ],
                "count": 1
            },
            {
                "name": "heart",
                "users": [
                    "U0576JVJF1Q"
                ],
                "count": 1
            }
        ]
    },
    {
        "client_msg_id": "86bd91c4-00b4-4fdf-9567-539a4e518663",
        "type": "message",
        "text": "Kai now lives in Monterey, and he will be moving to Berkeley or somewhere close by!",
        "user": "U04LNKU8YF6",
        "ts": "1683937262.427429",
        "blocks": [
            {
                "type": "rich_text",
                "block_id": "Gip",
                "elements": [
                    {
                        "type": "rich_text_section",
                        "elements": [
                            {
                                "type": "text",
                                "text": "Kai now lives in Monterey, and he will be moving to Berkeley or somewhere close by!"
                            }
                        ]
                    }
                ]
            }
        ],
        "team": "T04LDH2CNBY",
        "user_team": "T04LDH2CNBY",
        "source_team": "T04LDH2CNBY",
        "user_profile": {
            "avatar_hash": "212b82b4d92e",
            "image_72": "https:\/\/avatars.slack-edge.com\/2023-01-25\/4700546482018_212b82b4d92ed2471a10_72.jpg",
            "first_name": "Caroline",
            "real_name": "Caroline Lee",
            "display_name": "Caroline Lee",
            "team": "T04LDH2CNBY",
            "name": "caroline",
            "is_restricted": false,
            "is_ultra_restricted": false
        }
    },
    {
        "client_msg_id": "aad218b7-c357-41a9-9ba4-77319b194d39",
        "type": "message",
        "text": "Welcome!",
        "user": "U04LH7FMHGD",
        "ts": "1683937575.558519",
        "blocks": [
            {
                "type": "rich_text",
                "block_id": "==rZ5",
                "elements": [
                    {
                        "type": "rich_text_section",
                        "elements": [
                            {
                                "type": "text",
                                "text": "Welcome!"
                            }
                        ]
                    }
                ]
            }
        ],
        "team": "T04LDH2CNBY",
        "user_team": "T04LDH2CNBY",
        "source_team": "T04LDH2CNBY",
        "user_profile": {
            "avatar_hash": "g265bf305f0f",
            "image_72": "https:\/\/secure.gravatar.com\/avatar\/265bf305f0fb80067245ba0e6117995c.jpg?s=72&d=https%3A%2F%2Fa.slack-edge.com%2Fdf10d%2Fimg%2Favatars%2Fava_0019-72.png",
            "first_name": "Baoze",
            "real_name": "Baoze Zhang",
            "display_name": "Baoze Zhang",
            "team": "T04LDH2CNBY",
            "name": "baoze",
            "is_restricted": false,
            "is_ultra_restricted": false
        }
    },
    {
        "client_msg_id": "944B2146-35E7-40DB-A8DB-257F1ABA1130",
        "type": "message",
        "text": "Out ",
        "user": "U04LL2BJ5GB",
        "ts": "1683937852.881529",
        "blocks": [
            {
                "type": "rich_text",
                "block_id": "blZo",
                "elements": [
                    {
                        "type": "rich_text_section",
                        "elements": [
                            {
                                "type": "text",
                                "text": "Out "
                            }
                        ]
                    }
                ]
            }
        ],
        "team": "T04LDH2CNBY",
        "user_team": "T04LDH2CNBY",
        "source_team": "T04LDH2CNBY",
        "user_profile": {
            "avatar_hash": "a0aaab73c433",
            "image_72": "https:\/\/avatars.slack-edge.com\/2023-06-02\/5369485068164_a0aaab73c43394143d32_72.png",
            "first_name": "Nestor",
            "real_name": "Nestor Guzman",
            "display_name": "Nestor Guzman",
            "team": "T04LDH2CNBY",
            "name": "nestor",
            "is_restricted": false,
            "is_ultra_restricted": false
        },
        "thread_ts": "1683909219.650409",
        "parent_user_id": "U04LL2BJ5GB"
    },
    {
        "client_msg_id": "1edea17a-eeab-4260-812e-0ec7e57ee770",
        "type": "message",
        "text": "Indeed, welcome to the team <@U0576JVJF1Q> and <@U0583NMRYNL>",
        "user": "U04LNK3DU84",
        "ts": "1683937908.607929",
        "blocks": [
            {
                "type": "rich_text",
                "block_id": "Vm=dh",
                "elements": [
                    {
                        "type": "rich_text_section",
                        "elements": [
                            {
                                "type": "text",
                                "text": "Indeed, welcome to the team "
                            },
                            {
                                "type": "user",
                                "user_id": "U0576JVJF1Q"
                            },
                            {
                                "type": "text",
                                "text": " and "
                            },
                            {
                                "type": "user",
                                "user_id": "U0583NMRYNL"
                            }
                        ]
                    }
                ]
            }
        ],
        "team": "T04LDH2CNBY",
        "user_team": "T04LDH2CNBY",
        "source_team": "T04LDH2CNBY",
        "user_profile": {
            "avatar_hash": "2ecdfc20bb56",
            "image_72": "https:\/\/avatars.slack-edge.com\/2023-01-25\/4702661419268_2ecdfc20bb56f2adcfd3_72.jpg",
            "first_name": "Eduardo",
            "real_name": "Eduardo Puyol-Martinez",
            "display_name": "Eduardo",
            "team": "T04LDH2CNBY",
            "name": "eduardo",
            "is_restricted": false,
            "is_ultra_restricted": false
        }
    },
    {
        "client_msg_id": "8c5c94d5-f5a0-44d4-a326-f55c547707d4",
        "type": "message",
        "text": "out, have a great weekend",
        "user": "U04LNK3DU84",
        "ts": "1683946043.081659",
        "blocks": [
            {
                "type": "rich_text",
                "block_id": "dNM5v",
                "elements": [
                    {
                        "type": "rich_text_section",
                        "elements": [
                            {
                                "type": "text",
                                "text": "out, have a great weekend"
                            }
                        ]
                    }
                ]
            }
        ],
        "team": "T04LDH2CNBY",
        "user_team": "T04LDH2CNBY",
        "source_team": "T04LDH2CNBY",
        "user_profile": {
            "avatar_hash": "2ecdfc20bb56",
            "image_72": "https:\/\/avatars.slack-edge.com\/2023-01-25\/4702661419268_2ecdfc20bb56f2adcfd3_72.jpg",
            "first_name": "Eduardo",
            "real_name": "Eduardo Puyol-Martinez",
            "display_name": "Eduardo",
            "team": "T04LDH2CNBY",
            "name": "eduardo",
            "is_restricted": false,
            "is_ultra_restricted": false
        }
    }
]