[
    {
        "client_msg_id": "FEF355C3-AC0F-4765-8F53-BECE52A2869B",
        "type": "message",
        "text": "Good morning ",
        "user": "U04LL2M6F99",
        "ts": "1696942089.245409",
        "blocks": [
            {
                "type": "rich_text",
                "block_id": "hOYhm",
                "elements": [
                    {
                        "type": "rich_text_section",
                        "elements": [
                            {
                                "type": "text",
                                "text": "Good morning "
                            }
                        ]
                    }
                ]
            }
        ],
        "team": "T04LDH2CNBY",
        "user_team": "T04LDH2CNBY",
        "source_team": "T04LDH2CNBY",
        "user_profile": {
            "avatar_hash": "075a5725a539",
            "image_72": "https:\/\/avatars.slack-edge.com\/2023-02-16\/4793680204375_075a5725a53946ba72a8_72.png",
            "first_name": "Kristine",
            "real_name": "Kristine Noel",
            "display_name": "Kristine Noel",
            "team": "T04LDH2CNBY",
            "name": "kristine",
            "is_restricted": false,
            "is_ultra_restricted": false
        }
    },
    {
        "client_msg_id": "7a9a8acb-8dd1-4210-a610-0f275a984437",
        "type": "message",
        "text": "Good morning!!",
        "user": "U0583NMRYNL",
        "ts": "1696942933.397019",
        "blocks": [
            {
                "type": "rich_text",
                "block_id": "FEVVO",
                "elements": [
                    {
                        "type": "rich_text_section",
                        "elements": [
                            {
                                "type": "text",
                                "text": "Good morning!!"
                            }
                        ]
                    }
                ]
            }
        ],
        "team": "T04LDH2CNBY",
        "user_team": "T04LDH2CNBY",
        "source_team": "T04LDH2CNBY",
        "user_profile": {
            "avatar_hash": "5e6f62d55b08",
            "image_72": "https:\/\/avatars.slack-edge.com\/2023-06-16\/5432096346342_5e6f62d55b081b9b60e7_72.jpg",
            "first_name": "Hanna",
            "real_name": "Hanna Jacobson",
            "display_name": "Hanna Jacobson",
            "team": "T04LDH2CNBY",
            "name": "hanna",
            "is_restricted": false,
            "is_ultra_restricted": false
        }
    },
    {
        "client_msg_id": "0f89daa8-0dee-4f86-bbab-d787d09693c8",
        "type": "message",
        "text": "morning!!!",
        "user": "U04LYRG90QZ",
        "ts": "1696946611.638229",
        "blocks": [
            {
                "type": "rich_text",
                "block_id": "8FcoA",
                "elements": [
                    {
                        "type": "rich_text_section",
                        "elements": [
                            {
                                "type": "text",
                                "text": "morning!!!"
                            }
                        ]
                    }
                ]
            }
        ],
        "team": "T04LDH2CNBY",
        "user_team": "T04LDH2CNBY",
        "source_team": "T04LDH2CNBY",
        "user_profile": {
            "avatar_hash": "18034abdbce3",
            "image_72": "https:\/\/avatars.slack-edge.com\/2023-01-26\/4700726977909_18034abdbce385064283_72.jpg",
            "first_name": "Virginia",
            "real_name": "Virginia",
            "display_name": "Virginia",
            "team": "T04LDH2CNBY",
            "name": "virginia",
            "is_restricted": false,
            "is_ultra_restricted": false
        }
    },
    {
        "client_msg_id": "fac292dd-f2b1-4d1e-8ccb-7bcd1dcf6ea7",
        "type": "message",
        "text": "Is Jefferson County a client of Accent?",
        "user": "U05S8DD1T6U",
        "ts": "1696947421.739009",
        "blocks": [
            {
                "type": "rich_text",
                "block_id": "RYbD3",
                "elements": [
                    {
                        "type": "rich_text_section",
                        "elements": [
                            {
                                "type": "text",
                                "text": "Is Jefferson County a client of Accent?"
                            }
                        ]
                    }
                ]
            }
        ],
        "team": "T04LDH2CNBY",
        "user_team": "T04LDH2CNBY",
        "source_team": "T04LDH2CNBY",
        "user_profile": {
            "avatar_hash": "ca5e0665d6f3",
            "image_72": "https:\/\/avatars.slack-edge.com\/2023-09-12\/5882865387955_ca5e0665d6f32f4c3bb4_72.jpg",
            "first_name": "Virginia",
            "real_name": "Virginia Abrigo",
            "display_name": "Virginia Abrigo",
            "team": "T04LDH2CNBY",
            "name": "virginia.abrigo",
            "is_restricted": false,
            "is_ultra_restricted": false
        }
    },
    {
        "client_msg_id": "0a01452e-b0e3-4693-8df4-58a28282091b",
        "type": "message",
        "text": "I have someone on the line requesting OPI for Spanish",
        "user": "U05S8DD1T6U",
        "ts": "1696947432.715609",
        "blocks": [
            {
                "type": "rich_text",
                "block_id": "TvOCq",
                "elements": [
                    {
                        "type": "rich_text_section",
                        "elements": [
                            {
                                "type": "text",
                                "text": "I have someone on the line requesting OPI for Spanish"
                            }
                        ]
                    }
                ]
            }
        ],
        "team": "T04LDH2CNBY",
        "user_team": "T04LDH2CNBY",
        "source_team": "T04LDH2CNBY",
        "user_profile": {
            "avatar_hash": "ca5e0665d6f3",
            "image_72": "https:\/\/avatars.slack-edge.com\/2023-09-12\/5882865387955_ca5e0665d6f32f4c3bb4_72.jpg",
            "first_name": "Virginia",
            "real_name": "Virginia Abrigo",
            "display_name": "Virginia Abrigo",
            "team": "T04LDH2CNBY",
            "name": "virginia.abrigo",
            "is_restricted": false,
            "is_ultra_restricted": false
        }
    },
    {
        "client_msg_id": "2d568645-931b-4620-b81c-c95565190a67",
        "type": "message",
        "text": "yes it's on the client list",
        "user": "U04LNKU8YF6",
        "ts": "1696947722.737159",
        "blocks": [
            {
                "type": "rich_text",
                "block_id": "tPTmq",
                "elements": [
                    {
                        "type": "rich_text_section",
                        "elements": [
                            {
                                "type": "text",
                                "text": "yes it's on the client list"
                            }
                        ]
                    }
                ]
            }
        ],
        "team": "T04LDH2CNBY",
        "user_team": "T04LDH2CNBY",
        "source_team": "T04LDH2CNBY",
        "user_profile": {
            "avatar_hash": "212b82b4d92e",
            "image_72": "https:\/\/avatars.slack-edge.com\/2023-01-25\/4700546482018_212b82b4d92ed2471a10_72.jpg",
            "first_name": "Caroline",
            "real_name": "Caroline Lee",
            "display_name": "Caroline Lee",
            "team": "T04LDH2CNBY",
            "name": "caroline",
            "is_restricted": false,
            "is_ultra_restricted": false
        },
        "thread_ts": "1696947722.737159",
        "reply_count": 8,
        "reply_users_count": 2,
        "latest_reply": "1696947909.244049",
        "reply_users": [
            "U05S8DD1T6U",
            "U04LNKU8YF6"
        ],
        "replies": [
            {
                "user": "U05S8DD1T6U",
                "ts": "1696947741.278759"
            },
            {
                "user": "U05S8DD1T6U",
                "ts": "1696947752.378449"
            },
            {
                "user": "U04LNKU8YF6",
                "ts": "1696947760.448239"
            },
            {
                "user": "U05S8DD1T6U",
                "ts": "1696947845.433079"
            },
            {
                "user": "U05S8DD1T6U",
                "ts": "1696947864.505429"
            },
            {
                "user": "U04LNKU8YF6",
                "ts": "1696947898.288689"
            },
            {
                "user": "U04LNKU8YF6",
                "ts": "1696947903.693709"
            },
            {
                "user": "U04LNKU8YF6",
                "ts": "1696947909.244049"
            }
        ],
        "is_locked": false,
        "subscribed": true,
        "last_read": "1696947909.244049"
    },
    {
        "client_msg_id": "9df6dbe4-6693-4371-bbd0-b533520c0978",
        "type": "message",
        "text": "who should I trasnfer this call to?",
        "user": "U05S8DD1T6U",
        "ts": "1696947741.278759",
        "blocks": [
            {
                "type": "rich_text",
                "block_id": "xVmN4",
                "elements": [
                    {
                        "type": "rich_text_section",
                        "elements": [
                            {
                                "type": "text",
                                "text": "who should I trasnfer this call to?"
                            }
                        ]
                    }
                ]
            }
        ],
        "team": "T04LDH2CNBY",
        "user_team": "T04LDH2CNBY",
        "source_team": "T04LDH2CNBY",
        "user_profile": {
            "avatar_hash": "ca5e0665d6f3",
            "image_72": "https:\/\/avatars.slack-edge.com\/2023-09-12\/5882865387955_ca5e0665d6f32f4c3bb4_72.jpg",
            "first_name": "Virginia",
            "real_name": "Virginia Abrigo",
            "display_name": "Virginia Abrigo",
            "team": "T04LDH2CNBY",
            "name": "virginia.abrigo",
            "is_restricted": false,
            "is_ultra_restricted": false
        },
        "thread_ts": "1696947722.737159",
        "parent_user_id": "U04LNKU8YF6"
    },
    {
        "client_msg_id": "e9fd4fe7-abf3-4024-8566-db5cd25880ae",
        "type": "message",
        "text": "or how do I connect them with a Spanish itnerpreter?",
        "user": "U05S8DD1T6U",
        "ts": "1696947752.378449",
        "blocks": [
            {
                "type": "rich_text",
                "block_id": "Hu+oJ",
                "elements": [
                    {
                        "type": "rich_text_section",
                        "elements": [
                            {
                                "type": "text",
                                "text": "or how do I connect them with a Spanish itnerpreter?"
                            }
                        ]
                    }
                ]
            }
        ],
        "team": "T04LDH2CNBY",
        "user_team": "T04LDH2CNBY",
        "source_team": "T04LDH2CNBY",
        "user_profile": {
            "avatar_hash": "ca5e0665d6f3",
            "image_72": "https:\/\/avatars.slack-edge.com\/2023-09-12\/5882865387955_ca5e0665d6f32f4c3bb4_72.jpg",
            "first_name": "Virginia",
            "real_name": "Virginia Abrigo",
            "display_name": "Virginia Abrigo",
            "team": "T04LDH2CNBY",
            "name": "virginia.abrigo",
            "is_restricted": false,
            "is_ultra_restricted": false
        },
        "thread_ts": "1696947722.737159",
        "parent_user_id": "U04LNKU8YF6"
    },
    {
        "client_msg_id": "d47060c4-05ae-4f09-bcec-61f70904e175",
        "type": "message",
        "text": "take the number. I will call them back",
        "user": "U04LNKU8YF6",
        "ts": "1696947760.448239",
        "blocks": [
            {
                "type": "rich_text",
                "block_id": "\/EJHL",
                "elements": [
                    {
                        "type": "rich_text_section",
                        "elements": [
                            {
                                "type": "text",
                                "text": "take the number. I will call them back"
                            }
                        ]
                    }
                ]
            }
        ],
        "team": "T04LDH2CNBY",
        "user_team": "T04LDH2CNBY",
        "source_team": "T04LDH2CNBY",
        "user_profile": {
            "avatar_hash": "212b82b4d92e",
            "image_72": "https:\/\/avatars.slack-edge.com\/2023-01-25\/4700546482018_212b82b4d92ed2471a10_72.jpg",
            "first_name": "Caroline",
            "real_name": "Caroline Lee",
            "display_name": "Caroline Lee",
            "team": "T04LDH2CNBY",
            "name": "caroline",
            "is_restricted": false,
            "is_ultra_restricted": false
        },
        "thread_ts": "1696947722.737159",
        "parent_user_id": "U04LNKU8YF6",
        "reactions": [
            {
                "name": "white_check_mark",
                "users": [
                    "U05S8DD1T6U"
                ],
                "count": 1
            }
        ]
    },
    {
        "client_msg_id": "b29dd65b-76bd-4696-ba99-dcc88ad6a037",
        "type": "message",
        "text": "<tel:3032714041|303 271 4041> - Alexis",
        "user": "U05S8DD1T6U",
        "ts": "1696947845.433079",
        "blocks": [
            {
                "type": "rich_text",
                "block_id": "LO6Jx",
                "elements": [
                    {
                        "type": "rich_text_section",
                        "elements": [
                            {
                                "type": "link",
                                "url": "tel:3032714041",
                                "text": "303 271 4041"
                            },
                            {
                                "type": "text",
                                "text": " - Alexis"
                            }
                        ]
                    }
                ]
            }
        ],
        "team": "T04LDH2CNBY",
        "user_team": "T04LDH2CNBY",
        "source_team": "T04LDH2CNBY",
        "user_profile": {
            "avatar_hash": "ca5e0665d6f3",
            "image_72": "https:\/\/avatars.slack-edge.com\/2023-09-12\/5882865387955_ca5e0665d6f32f4c3bb4_72.jpg",
            "first_name": "Virginia",
            "real_name": "Virginia Abrigo",
            "display_name": "Virginia Abrigo",
            "team": "T04LDH2CNBY",
            "name": "virginia.abrigo",
            "is_restricted": false,
            "is_ultra_restricted": false
        },
        "thread_ts": "1696947722.737159",
        "parent_user_id": "U04LNKU8YF6"
    },
    {
        "client_msg_id": "0ded44eb-8c2c-401f-b7aa-a2647fb2a9e8",
        "type": "message",
        "text": "they need a Spanish interpreter right away",
        "user": "U05S8DD1T6U",
        "ts": "1696947864.505429",
        "blocks": [
            {
                "type": "rich_text",
                "block_id": "17dFX",
                "elements": [
                    {
                        "type": "rich_text_section",
                        "elements": [
                            {
                                "type": "text",
                                "text": "they need a Spanish interpreter right away"
                            }
                        ]
                    }
                ]
            }
        ],
        "team": "T04LDH2CNBY",
        "user_team": "T04LDH2CNBY",
        "source_team": "T04LDH2CNBY",
        "user_profile": {
            "avatar_hash": "ca5e0665d6f3",
            "image_72": "https:\/\/avatars.slack-edge.com\/2023-09-12\/5882865387955_ca5e0665d6f32f4c3bb4_72.jpg",
            "first_name": "Virginia",
            "real_name": "Virginia Abrigo",
            "display_name": "Virginia Abrigo",
            "team": "T04LDH2CNBY",
            "name": "virginia.abrigo",
            "is_restricted": false,
            "is_ultra_restricted": false
        },
        "thread_ts": "1696947722.737159",
        "parent_user_id": "U04LNKU8YF6"
    },
    {
        "client_msg_id": "2dd1e907-77a4-46c4-add8-10434815f820",
        "type": "message",
        "text": "can you do it?",
        "user": "U04LNKU8YF6",
        "ts": "1696947898.288689",
        "blocks": [
            {
                "type": "rich_text",
                "block_id": "mRHwX",
                "elements": [
                    {
                        "type": "rich_text_section",
                        "elements": [
                            {
                                "type": "text",
                                "text": "can you do it?"
                            }
                        ]
                    }
                ]
            }
        ],
        "team": "T04LDH2CNBY",
        "user_team": "T04LDH2CNBY",
        "source_team": "T04LDH2CNBY",
        "user_profile": {
            "avatar_hash": "212b82b4d92e",
            "image_72": "https:\/\/avatars.slack-edge.com\/2023-01-25\/4700546482018_212b82b4d92ed2471a10_72.jpg",
            "first_name": "Caroline",
            "real_name": "Caroline Lee",
            "display_name": "Caroline Lee",
            "team": "T04LDH2CNBY",
            "name": "caroline",
            "is_restricted": false,
            "is_ultra_restricted": false
        },
        "thread_ts": "1696947722.737159",
        "parent_user_id": "U04LNKU8YF6"
    },
    {
        "client_msg_id": "6ac86400-f6a7-4995-8007-2d95b710fbb6",
        "type": "message",
        "text": "can you interpret?",
        "user": "U04LNKU8YF6",
        "ts": "1696947903.693709",
        "blocks": [
            {
                "type": "rich_text",
                "block_id": "vOkd9",
                "elements": [
                    {
                        "type": "rich_text_section",
                        "elements": [
                            {
                                "type": "text",
                                "text": "can you interpret?"
                            }
                        ]
                    }
                ]
            }
        ],
        "team": "T04LDH2CNBY",
        "user_team": "T04LDH2CNBY",
        "source_team": "T04LDH2CNBY",
        "user_profile": {
            "avatar_hash": "212b82b4d92e",
            "image_72": "https:\/\/avatars.slack-edge.com\/2023-01-25\/4700546482018_212b82b4d92ed2471a10_72.jpg",
            "first_name": "Caroline",
            "real_name": "Caroline Lee",
            "display_name": "Caroline Lee",
            "team": "T04LDH2CNBY",
            "name": "caroline",
            "is_restricted": false,
            "is_ultra_restricted": false
        },
        "thread_ts": "1696947722.737159",
        "parent_user_id": "U04LNKU8YF6"
    },
    {
        "client_msg_id": "3ab74ee2-5529-4348-8ed2-caf525194a9b",
        "type": "message",
        "text": "is the person already on the line?",
        "user": "U04LNKU8YF6",
        "ts": "1696947909.244049",
        "blocks": [
            {
                "type": "rich_text",
                "block_id": "kJyqe",
                "elements": [
                    {
                        "type": "rich_text_section",
                        "elements": [
                            {
                                "type": "text",
                                "text": "is the person already on the line?"
                            }
                        ]
                    }
                ]
            }
        ],
        "team": "T04LDH2CNBY",
        "user_team": "T04LDH2CNBY",
        "source_team": "T04LDH2CNBY",
        "user_profile": {
            "avatar_hash": "212b82b4d92e",
            "image_72": "https:\/\/avatars.slack-edge.com\/2023-01-25\/4700546482018_212b82b4d92ed2471a10_72.jpg",
            "first_name": "Caroline",
            "real_name": "Caroline Lee",
            "display_name": "Caroline Lee",
            "team": "T04LDH2CNBY",
            "name": "caroline",
            "is_restricted": false,
            "is_ultra_restricted": false
        },
        "thread_ts": "1696947722.737159",
        "parent_user_id": "U04LNKU8YF6"
    },
    {
        "client_msg_id": "43bfeb9f-2688-42c5-87dd-3bc728d65ac6",
        "type": "message",
        "text": "I just called Alexis. She needs an interpreter for 5 minutes only. Let me know if you are able to do it please, thanks'",
        "user": "U04LNKU8YF6",
        "ts": "1696948138.161999",
        "blocks": [
            {
                "type": "rich_text",
                "block_id": "7pK8f",
                "elements": [
                    {
                        "type": "rich_text_section",
                        "elements": [
                            {
                                "type": "text",
                                "text": "I just called Alexis. She needs an interpreter for 5 minutes only. Let me know if you are able to do it please, thanks'"
                            }
                        ]
                    }
                ]
            }
        ],
        "team": "T04LDH2CNBY",
        "user_team": "T04LDH2CNBY",
        "source_team": "T04LDH2CNBY",
        "user_profile": {
            "avatar_hash": "212b82b4d92e",
            "image_72": "https:\/\/avatars.slack-edge.com\/2023-01-25\/4700546482018_212b82b4d92ed2471a10_72.jpg",
            "first_name": "Caroline",
            "real_name": "Caroline Lee",
            "display_name": "Caroline Lee",
            "team": "T04LDH2CNBY",
            "name": "caroline",
            "is_restricted": false,
            "is_ultra_restricted": false
        }
    },
    {
        "client_msg_id": "d7ef8e6e-40f7-41cd-9679-f692858cd4f6",
        "type": "message",
        "text": "good morning, in , checking lots of emails today",
        "user": "U04LNK3DU84",
        "ts": "1696952482.603839",
        "blocks": [
            {
                "type": "rich_text",
                "block_id": "OpF7V",
                "elements": [
                    {
                        "type": "rich_text_section",
                        "elements": [
                            {
                                "type": "text",
                                "text": "good morning, in , checking lots of emails today"
                            }
                        ]
                    }
                ]
            }
        ],
        "team": "T04LDH2CNBY",
        "user_team": "T04LDH2CNBY",
        "source_team": "T04LDH2CNBY",
        "user_profile": {
            "avatar_hash": "2ecdfc20bb56",
            "image_72": "https:\/\/avatars.slack-edge.com\/2023-01-25\/4702661419268_2ecdfc20bb56f2adcfd3_72.jpg",
            "first_name": "Eduardo",
            "real_name": "Eduardo Puyol-Martinez",
            "display_name": "Eduardo",
            "team": "T04LDH2CNBY",
            "name": "eduardo",
            "is_restricted": false,
            "is_ultra_restricted": false
        }
    },
    {
        "client_msg_id": "89ab086a-380e-49b6-bd22-c860d1c9dc40",
        "type": "message",
        "text": "Good morning!",
        "user": "U0576JVJF1Q",
        "ts": "1696953180.015299",
        "blocks": [
            {
                "type": "rich_text",
                "block_id": "B69kT",
                "elements": [
                    {
                        "type": "rich_text_section",
                        "elements": [
                            {
                                "type": "text",
                                "text": "Good morning!"
                            }
                        ]
                    }
                ]
            }
        ],
        "team": "T04LDH2CNBY",
        "user_team": "T04LDH2CNBY",
        "source_team": "T04LDH2CNBY",
        "user_profile": {
            "avatar_hash": "g12be1dbd2bd",
            "image_72": "https:\/\/secure.gravatar.com\/avatar\/12be1dbd2bd270e15f2abc83ff193814.jpg?s=72&d=https%3A%2F%2Fa.slack-edge.com%2Fdf10d%2Fimg%2Favatars%2Fava_0010-72.png",
            "first_name": "Kai",
            "real_name": "Kai",
            "display_name": "Kai",
            "team": "T04LDH2CNBY",
            "name": "kai",
            "is_restricted": false,
            "is_ultra_restricted": false
        }
    },
    {
        "client_msg_id": "F832E7B4-A9CB-443C-8C8B-4FA5633DA7F9",
        "type": "message",
        "text": "In ",
        "user": "U04LL2BJ5GB",
        "ts": "1696957508.043429",
        "blocks": [
            {
                "type": "rich_text",
                "block_id": "ECgh6",
                "elements": [
                    {
                        "type": "rich_text_section",
                        "elements": [
                            {
                                "type": "text",
                                "text": "I"
                            },
                            {
                                "type": "text",
                                "text": "n "
                            }
                        ]
                    }
                ]
            }
        ],
        "team": "T04LDH2CNBY",
        "user_team": "T04LDH2CNBY",
        "source_team": "T04LDH2CNBY",
        "user_profile": {
            "avatar_hash": "a0aaab73c433",
            "image_72": "https:\/\/avatars.slack-edge.com\/2023-06-02\/5369485068164_a0aaab73c43394143d32_72.png",
            "first_name": "Nestor",
            "real_name": "Nestor Guzman",
            "display_name": "Nestor Guzman",
            "team": "T04LDH2CNBY",
            "name": "nestor",
            "is_restricted": false,
            "is_ultra_restricted": false
        },
        "thread_ts": "1696957508.043429",
        "reply_count": 1,
        "reply_users_count": 1,
        "latest_reply": "1696986482.748329",
        "reply_users": [
            "U04LL2BJ5GB"
        ],
        "replies": [
            {
                "user": "U04LL2BJ5GB",
                "ts": "1696986482.748329"
            }
        ],
        "is_locked": false,
        "subscribed": false
    },
    {
        "client_msg_id": "28297031-d06c-43db-8c8e-70cce223c04b",
        "type": "message",
        "text": "brb",
        "user": "U04LYRG90QZ",
        "ts": "1696963080.694349",
        "blocks": [
            {
                "type": "rich_text",
                "block_id": "H656t",
                "elements": [
                    {
                        "type": "rich_text_section",
                        "elements": [
                            {
                                "type": "text",
                                "text": "brb"
                            }
                        ]
                    }
                ]
            }
        ],
        "team": "T04LDH2CNBY",
        "user_team": "T04LDH2CNBY",
        "source_team": "T04LDH2CNBY",
        "user_profile": {
            "avatar_hash": "18034abdbce3",
            "image_72": "https:\/\/avatars.slack-edge.com\/2023-01-26\/4700726977909_18034abdbce385064283_72.jpg",
            "first_name": "Virginia",
            "real_name": "Virginia",
            "display_name": "Virginia",
            "team": "T04LDH2CNBY",
            "name": "virginia",
            "is_restricted": false,
            "is_ultra_restricted": false
        }
    },
    {
        "client_msg_id": "1a653738-4734-4fdf-974c-d141e47101f8",
        "type": "message",
        "text": "back",
        "user": "U04LYRG90QZ",
        "ts": "1696964806.634619",
        "blocks": [
            {
                "type": "rich_text",
                "block_id": "7tQGX",
                "elements": [
                    {
                        "type": "rich_text_section",
                        "elements": [
                            {
                                "type": "text",
                                "text": "back"
                            }
                        ]
                    }
                ]
            }
        ],
        "team": "T04LDH2CNBY",
        "user_team": "T04LDH2CNBY",
        "source_team": "T04LDH2CNBY",
        "user_profile": {
            "avatar_hash": "18034abdbce3",
            "image_72": "https:\/\/avatars.slack-edge.com\/2023-01-26\/4700726977909_18034abdbce385064283_72.jpg",
            "first_name": "Virginia",
            "real_name": "Virginia",
            "display_name": "Virginia",
            "team": "T04LDH2CNBY",
            "name": "virginia",
            "is_restricted": false,
            "is_ultra_restricted": false
        }
    },
    {
        "client_msg_id": "ab177b68-92d5-45e5-858d-361f0e30b2c4",
        "type": "message",
        "text": "leaving team, see u tomorrow",
        "user": "U04LYRG90QZ",
        "ts": "1696978921.834739",
        "blocks": [
            {
                "type": "rich_text",
                "block_id": "b7JJU",
                "elements": [
                    {
                        "type": "rich_text_section",
                        "elements": [
                            {
                                "type": "text",
                                "text": "leaving team, see u tomorrow"
                            }
                        ]
                    }
                ]
            }
        ],
        "team": "T04LDH2CNBY",
        "user_team": "T04LDH2CNBY",
        "source_team": "T04LDH2CNBY",
        "user_profile": {
            "avatar_hash": "18034abdbce3",
            "image_72": "https:\/\/avatars.slack-edge.com\/2023-01-26\/4700726977909_18034abdbce385064283_72.jpg",
            "first_name": "Virginia",
            "real_name": "Virginia",
            "display_name": "Virginia",
            "team": "T04LDH2CNBY",
            "name": "virginia",
            "is_restricted": false,
            "is_ultra_restricted": false
        }
    },
    {
        "client_msg_id": "9B59A3BD-7D8C-434E-9196-143A2A36CE83",
        "type": "message",
        "text": "Out ",
        "user": "U04LL2BJ5GB",
        "ts": "1696986482.748329",
        "blocks": [
            {
                "type": "rich_text",
                "block_id": "\/poCY",
                "elements": [
                    {
                        "type": "rich_text_section",
                        "elements": [
                            {
                                "type": "text",
                                "text": "Out "
                            }
                        ]
                    }
                ]
            }
        ],
        "team": "T04LDH2CNBY",
        "user_team": "T04LDH2CNBY",
        "source_team": "T04LDH2CNBY",
        "user_profile": {
            "avatar_hash": "a0aaab73c433",
            "image_72": "https:\/\/avatars.slack-edge.com\/2023-06-02\/5369485068164_a0aaab73c43394143d32_72.png",
            "first_name": "Nestor",
            "real_name": "Nestor Guzman",
            "display_name": "Nestor Guzman",
            "team": "T04LDH2CNBY",
            "name": "nestor",
            "is_restricted": false,
            "is_ultra_restricted": false
        },
        "thread_ts": "1696957508.043429",
        "parent_user_id": "U04LL2BJ5GB"
    }
]