[
    {
        "client_msg_id": "6f6ac5b3-667c-4b82-9d73-d5e6b56a4c4c",
        "type": "message",
        "text": "Morning Team",
        "user": "U04LL2M6F99",
        "ts": "1685022775.744469",
        "blocks": [
            {
                "type": "rich_text",
                "block_id": "9TtC",
                "elements": [
                    {
                        "type": "rich_text_section",
                        "elements": [
                            {
                                "type": "text",
                                "text": "Morning Team"
                            }
                        ]
                    }
                ]
            }
        ],
        "team": "T04LDH2CNBY",
        "user_team": "T04LDH2CNBY",
        "source_team": "T04LDH2CNBY",
        "user_profile": {
            "avatar_hash": "075a5725a539",
            "image_72": "https:\/\/avatars.slack-edge.com\/2023-02-16\/4793680204375_075a5725a53946ba72a8_72.png",
            "first_name": "Kristine",
            "real_name": "Kristine Noel",
            "display_name": "Kristine Noel",
            "team": "T04LDH2CNBY",
            "name": "kristine",
            "is_restricted": false,
            "is_ultra_restricted": false
        }
    },
    {
        "client_msg_id": "f2a513ac-b861-4297-bcea-31a00fc1364a",
        "type": "message",
        "text": "hi team!!",
        "user": "U04LYRG90QZ",
        "ts": "1685023125.024159",
        "blocks": [
            {
                "type": "rich_text",
                "block_id": "ezU2k",
                "elements": [
                    {
                        "type": "rich_text_section",
                        "elements": [
                            {
                                "type": "text",
                                "text": "hi team!!"
                            }
                        ]
                    }
                ]
            }
        ],
        "team": "T04LDH2CNBY",
        "user_team": "T04LDH2CNBY",
        "source_team": "T04LDH2CNBY",
        "user_profile": {
            "avatar_hash": "18034abdbce3",
            "image_72": "https:\/\/avatars.slack-edge.com\/2023-01-26\/4700726977909_18034abdbce385064283_72.jpg",
            "first_name": "Virginia",
            "real_name": "Virginia",
            "display_name": "Virginia",
            "team": "T04LDH2CNBY",
            "name": "virginia",
            "is_restricted": false,
            "is_ultra_restricted": false
        }
    },
    {
        "client_msg_id": "f0d98a82-4f0f-4830-b64f-2e707c6b4be2",
        "type": "message",
        "text": "quick lunch",
        "user": "U04LYRG90QZ",
        "ts": "1685031133.332299",
        "blocks": [
            {
                "type": "rich_text",
                "block_id": "w\/f",
                "elements": [
                    {
                        "type": "rich_text_section",
                        "elements": [
                            {
                                "type": "text",
                                "text": "quick lunch"
                            }
                        ]
                    }
                ]
            }
        ],
        "team": "T04LDH2CNBY",
        "user_team": "T04LDH2CNBY",
        "source_team": "T04LDH2CNBY",
        "user_profile": {
            "avatar_hash": "18034abdbce3",
            "image_72": "https:\/\/avatars.slack-edge.com\/2023-01-26\/4700726977909_18034abdbce385064283_72.jpg",
            "first_name": "Virginia",
            "real_name": "Virginia",
            "display_name": "Virginia",
            "team": "T04LDH2CNBY",
            "name": "virginia",
            "is_restricted": false,
            "is_ultra_restricted": false
        }
    },
    {
        "client_msg_id": "542209aa-8dfa-4f91-95e1-90c1be2b27d5",
        "type": "message",
        "text": "back",
        "user": "U04LYRG90QZ",
        "ts": "1685032039.831369",
        "blocks": [
            {
                "type": "rich_text",
                "block_id": "5pEL0",
                "elements": [
                    {
                        "type": "rich_text_section",
                        "elements": [
                            {
                                "type": "text",
                                "text": "back"
                            }
                        ]
                    }
                ]
            }
        ],
        "team": "T04LDH2CNBY",
        "user_team": "T04LDH2CNBY",
        "source_team": "T04LDH2CNBY",
        "user_profile": {
            "avatar_hash": "18034abdbce3",
            "image_72": "https:\/\/avatars.slack-edge.com\/2023-01-26\/4700726977909_18034abdbce385064283_72.jpg",
            "first_name": "Virginia",
            "real_name": "Virginia",
            "display_name": "Virginia",
            "team": "T04LDH2CNBY",
            "name": "virginia",
            "is_restricted": false,
            "is_ultra_restricted": false
        }
    },
    {
        "client_msg_id": "1ec2c498-348a-45e7-a863-6c9c23db3a52",
        "type": "message",
        "text": "typical meal from Argentina, May 25th, it's a holiday here..",
        "user": "U04LYRG90QZ",
        "ts": "1685032059.424859",
        "blocks": [
            {
                "type": "rich_text",
                "block_id": "RZGCS",
                "elements": [
                    {
                        "type": "rich_text_section",
                        "elements": [
                            {
                                "type": "text",
                                "text": "typical meal from Argentina, May 25th, it's a holiday here.."
                            }
                        ]
                    }
                ]
            }
        ],
        "team": "T04LDH2CNBY",
        "user_team": "T04LDH2CNBY",
        "source_team": "T04LDH2CNBY",
        "user_profile": {
            "avatar_hash": "18034abdbce3",
            "image_72": "https:\/\/avatars.slack-edge.com\/2023-01-26\/4700726977909_18034abdbce385064283_72.jpg",
            "first_name": "Virginia",
            "real_name": "Virginia",
            "display_name": "Virginia",
            "team": "T04LDH2CNBY",
            "name": "virginia",
            "is_restricted": false,
            "is_ultra_restricted": false
        }
    },
    {
        "client_msg_id": "5f3fff2b-0099-40fd-afd7-35b88c0cbe29",
        "type": "message",
        "text": "Locro:",
        "user": "U04LYRG90QZ",
        "ts": "1685032063.886469",
        "blocks": [
            {
                "type": "rich_text",
                "block_id": "yqzS",
                "elements": [
                    {
                        "type": "rich_text_section",
                        "elements": [
                            {
                                "type": "text",
                                "text": "Locro:"
                            }
                        ]
                    }
                ]
            }
        ],
        "team": "T04LDH2CNBY",
        "user_team": "T04LDH2CNBY",
        "source_team": "T04LDH2CNBY",
        "user_profile": {
            "avatar_hash": "18034abdbce3",
            "image_72": "https:\/\/avatars.slack-edge.com\/2023-01-26\/4700726977909_18034abdbce385064283_72.jpg",
            "first_name": "Virginia",
            "real_name": "Virginia",
            "display_name": "Virginia",
            "team": "T04LDH2CNBY",
            "name": "virginia",
            "is_restricted": false,
            "is_ultra_restricted": false
        },
        "reactions": [
            {
                "name": "+1",
                "users": [
                    "U04LH7FMHGD"
                ],
                "count": 1
            },
            {
                "name": "heart",
                "users": [
                    "U04LNKU8YF6"
                ],
                "count": 1
            }
        ]
    },
    {
        "type": "message",
        "text": "",
        "files": [
            {
                "id": "F05A7P636L8",
                "created": 1685032103,
                "timestamp": 1685032103,
                "name": "image.png",
                "title": "image.png",
                "mimetype": "image\/png",
                "filetype": "png",
                "pretty_type": "PNG",
                "user": "U04LYRG90QZ",
                "user_team": "T04LDH2CNBY",
                "editable": false,
                "size": 399553,
                "mode": "hosted",
                "is_external": false,
                "external_type": "",
                "is_public": true,
                "public_url_shared": false,
                "display_as_bot": false,
                "username": "",
                "url_private": "https:\/\/files.slack.com\/files-pri\/T04LDH2CNBY-F05A7P636L8\/image.png?t=xoxe-4693580430406-6172009281334-6191283381473-91f87957d7d1493b6bfd4aa78cb61a3d",
                "url_private_download": "https:\/\/files.slack.com\/files-pri\/T04LDH2CNBY-F05A7P636L8\/download\/image.png?t=xoxe-4693580430406-6172009281334-6191283381473-91f87957d7d1493b6bfd4aa78cb61a3d",
                "media_display_type": "unknown",
                "thumb_64": "https:\/\/files.slack.com\/files-tmb\/T04LDH2CNBY-F05A7P636L8-b34f04fe0d\/image_64.png?t=xoxe-4693580430406-6172009281334-6191283381473-91f87957d7d1493b6bfd4aa78cb61a3d",
                "thumb_80": "https:\/\/files.slack.com\/files-tmb\/T04LDH2CNBY-F05A7P636L8-b34f04fe0d\/image_80.png?t=xoxe-4693580430406-6172009281334-6191283381473-91f87957d7d1493b6bfd4aa78cb61a3d",
                "thumb_360": "https:\/\/files.slack.com\/files-tmb\/T04LDH2CNBY-F05A7P636L8-b34f04fe0d\/image_360.png?t=xoxe-4693580430406-6172009281334-6191283381473-91f87957d7d1493b6bfd4aa78cb61a3d",
                "thumb_360_w": 360,
                "thumb_360_h": 232,
                "thumb_480": "https:\/\/files.slack.com\/files-tmb\/T04LDH2CNBY-F05A7P636L8-b34f04fe0d\/image_480.png?t=xoxe-4693580430406-6172009281334-6191283381473-91f87957d7d1493b6bfd4aa78cb61a3d",
                "thumb_480_w": 480,
                "thumb_480_h": 309,
                "thumb_160": "https:\/\/files.slack.com\/files-tmb\/T04LDH2CNBY-F05A7P636L8-b34f04fe0d\/image_160.png?t=xoxe-4693580430406-6172009281334-6191283381473-91f87957d7d1493b6bfd4aa78cb61a3d",
                "original_w": 597,
                "original_h": 384,
                "thumb_tiny": "AwAeADC0j4yV4UdSaa1wASR+dMvJMMsaZ+gFVsE8HPFDlYFEs+cg5ZqcJ4z\/ABVT6E9B9etBbapyRzUczKsi\/jfGdjCq4jKt8x5qNJMfMuQKm8zcAGI3A\/mKE7jaLrAEVRmQLKdpwT2Pf6VcTfg7yDzxio5QSVIOKbVyU7FJx6Zz\/KmFDndkk+mKmlXmoiCOpqeVou6EPHLHA9KljG9ssP0piruqZRjFUlYlu5\/\/2Q==",
                "permalink": "https:\/\/accent-on-languages.slack.com\/files\/U04LYRG90QZ\/F05A7P636L8\/image.png",
                "permalink_public": "https:\/\/slack-files.com\/T04LDH2CNBY-F05A7P636L8-4e3b10d42d",
                "is_starred": false,
                "has_rich_preview": false,
                "file_access": "visible"
            }
        ],
        "upload": false,
        "user": "U04LYRG90QZ",
        "display_as_bot": false,
        "ts": "1685032112.992789",
        "client_msg_id": "4f79fd50-cd36-47b4-bdff-c36b4882f212"
    },
    {
        "client_msg_id": "7a240bb1-6c62-497b-9817-9131f5e7f9b6",
        "type": "message",
        "text": "I looked it up. it looks good kinda like chili",
        "user": "U04LL2M6F99",
        "ts": "1685032114.033749",
        "blocks": [
            {
                "type": "rich_text",
                "block_id": "QuB",
                "elements": [
                    {
                        "type": "rich_text_section",
                        "elements": [
                            {
                                "type": "text",
                                "text": "I looked it up. it looks good kinda like chili"
                            }
                        ]
                    }
                ]
            }
        ],
        "team": "T04LDH2CNBY",
        "user_team": "T04LDH2CNBY",
        "source_team": "T04LDH2CNBY",
        "user_profile": {
            "avatar_hash": "075a5725a539",
            "image_72": "https:\/\/avatars.slack-edge.com\/2023-02-16\/4793680204375_075a5725a53946ba72a8_72.png",
            "first_name": "Kristine",
            "real_name": "Kristine Noel",
            "display_name": "Kristine Noel",
            "team": "T04LDH2CNBY",
            "name": "kristine",
            "is_restricted": false,
            "is_ultra_restricted": false
        },
        "reactions": [
            {
                "name": "white_check_mark",
                "users": [
                    "U04LYRG90QZ"
                ],
                "count": 1
            }
        ]
    },
    {
        "client_msg_id": "e6a536bb-8b66-436b-9454-7c8db1926a5d",
        "type": "message",
        "text": "Training with Kai!!",
        "user": "U04LYRG90QZ",
        "ts": "1685032206.477949",
        "blocks": [
            {
                "type": "rich_text",
                "block_id": "XU+qD",
                "elements": [
                    {
                        "type": "rich_text_section",
                        "elements": [
                            {
                                "type": "text",
                                "text": "Training with Kai!!"
                            }
                        ]
                    }
                ]
            }
        ],
        "team": "T04LDH2CNBY",
        "user_team": "T04LDH2CNBY",
        "source_team": "T04LDH2CNBY",
        "user_profile": {
            "avatar_hash": "18034abdbce3",
            "image_72": "https:\/\/avatars.slack-edge.com\/2023-01-26\/4700726977909_18034abdbce385064283_72.jpg",
            "first_name": "Virginia",
            "real_name": "Virginia",
            "display_name": "Virginia",
            "team": "T04LDH2CNBY",
            "name": "virginia",
            "is_restricted": false,
            "is_ultra_restricted": false
        }
    },
    {
        "client_msg_id": "80FDE7E7-28F6-4127-B7C6-1D176C4C9166",
        "type": "message",
        "text": "In ",
        "user": "U04LL2BJ5GB",
        "ts": "1685034273.799269",
        "blocks": [
            {
                "type": "rich_text",
                "block_id": "lv7W",
                "elements": [
                    {
                        "type": "rich_text_section",
                        "elements": [
                            {
                                "type": "text",
                                "text": "In "
                            }
                        ]
                    }
                ]
            }
        ],
        "team": "T04LDH2CNBY",
        "user_team": "T04LDH2CNBY",
        "source_team": "T04LDH2CNBY",
        "user_profile": {
            "avatar_hash": "a0aaab73c433",
            "image_72": "https:\/\/avatars.slack-edge.com\/2023-06-02\/5369485068164_a0aaab73c43394143d32_72.png",
            "first_name": "Nestor",
            "real_name": "Nestor Guzman",
            "display_name": "Nestor Guzman",
            "team": "T04LDH2CNBY",
            "name": "nestor",
            "is_restricted": false,
            "is_ultra_restricted": false
        }
    },
    {
        "client_msg_id": "e1a9234e-9604-45aa-a771-11f73ab66724",
        "type": "message",
        "text": "I'm back.. Training is over now. oh this message has not been sent out...\nBRB",
        "user": "U04LYRG90QZ",
        "ts": "1685038918.792449",
        "blocks": [
            {
                "type": "rich_text",
                "block_id": "XUtv",
                "elements": [
                    {
                        "type": "rich_text_section",
                        "elements": [
                            {
                                "type": "text",
                                "text": "I'm back.. Training is over now. oh this message has not been sent out...\nBRB"
                            }
                        ]
                    }
                ]
            }
        ],
        "team": "T04LDH2CNBY",
        "user_team": "T04LDH2CNBY",
        "source_team": "T04LDH2CNBY",
        "user_profile": {
            "avatar_hash": "18034abdbce3",
            "image_72": "https:\/\/avatars.slack-edge.com\/2023-01-26\/4700726977909_18034abdbce385064283_72.jpg",
            "first_name": "Virginia",
            "real_name": "Virginia",
            "display_name": "Virginia",
            "team": "T04LDH2CNBY",
            "name": "virginia",
            "is_restricted": false,
            "is_ultra_restricted": false
        }
    },
    {
        "client_msg_id": "89a7c00a-3724-480d-827d-663e03fa4167",
        "type": "message",
        "text": "back",
        "user": "U04LYRG90QZ",
        "ts": "1685039635.759369",
        "blocks": [
            {
                "type": "rich_text",
                "block_id": "3YW",
                "elements": [
                    {
                        "type": "rich_text_section",
                        "elements": [
                            {
                                "type": "text",
                                "text": "back"
                            }
                        ]
                    }
                ]
            }
        ],
        "team": "T04LDH2CNBY",
        "user_team": "T04LDH2CNBY",
        "source_team": "T04LDH2CNBY",
        "user_profile": {
            "avatar_hash": "18034abdbce3",
            "image_72": "https:\/\/avatars.slack-edge.com\/2023-01-26\/4700726977909_18034abdbce385064283_72.jpg",
            "first_name": "Virginia",
            "real_name": "Virginia",
            "display_name": "Virginia",
            "team": "T04LDH2CNBY",
            "name": "virginia",
            "is_restricted": false,
            "is_ultra_restricted": false
        }
    },
    {
        "type": "message",
        "text": "Hi Guys! Sharing that today we handled our very first OPI call with USCIS for Credible Fear Interviews in the New Orleans office, and we got very positive feedback (see below)! I'd like to thank <@U0583NMRYNL> for all the hard work and long hours she spent on clearing the interpreters. We are just starting and hope we can get more calls soon!",
        "files": [
            {
                "id": "F059XUTUH17",
                "created": 1685044200,
                "timestamp": 1685044200,
                "name": "image.png",
                "title": "image.png",
                "mimetype": "image\/png",
                "filetype": "png",
                "pretty_type": "PNG",
                "user": "U04LNKU8YF6",
                "user_team": "T04LDH2CNBY",
                "editable": false,
                "size": 83086,
                "mode": "hosted",
                "is_external": false,
                "external_type": "",
                "is_public": true,
                "public_url_shared": false,
                "display_as_bot": false,
                "username": "",
                "url_private": "https:\/\/files.slack.com\/files-pri\/T04LDH2CNBY-F059XUTUH17\/image.png?t=xoxe-4693580430406-6172009281334-6191283381473-91f87957d7d1493b6bfd4aa78cb61a3d",
                "url_private_download": "https:\/\/files.slack.com\/files-pri\/T04LDH2CNBY-F059XUTUH17\/download\/image.png?t=xoxe-4693580430406-6172009281334-6191283381473-91f87957d7d1493b6bfd4aa78cb61a3d",
                "media_display_type": "unknown",
                "thumb_64": "https:\/\/files.slack.com\/files-tmb\/T04LDH2CNBY-F059XUTUH17-434a2adaee\/image_64.png?t=xoxe-4693580430406-6172009281334-6191283381473-91f87957d7d1493b6bfd4aa78cb61a3d",
                "thumb_80": "https:\/\/files.slack.com\/files-tmb\/T04LDH2CNBY-F059XUTUH17-434a2adaee\/image_80.png?t=xoxe-4693580430406-6172009281334-6191283381473-91f87957d7d1493b6bfd4aa78cb61a3d",
                "thumb_360": "https:\/\/files.slack.com\/files-tmb\/T04LDH2CNBY-F059XUTUH17-434a2adaee\/image_360.png?t=xoxe-4693580430406-6172009281334-6191283381473-91f87957d7d1493b6bfd4aa78cb61a3d",
                "thumb_360_w": 360,
                "thumb_360_h": 62,
                "thumb_480": "https:\/\/files.slack.com\/files-tmb\/T04LDH2CNBY-F059XUTUH17-434a2adaee\/image_480.png?t=xoxe-4693580430406-6172009281334-6191283381473-91f87957d7d1493b6bfd4aa78cb61a3d",
                "thumb_480_w": 480,
                "thumb_480_h": 83,
                "thumb_160": "https:\/\/files.slack.com\/files-tmb\/T04LDH2CNBY-F059XUTUH17-434a2adaee\/image_160.png?t=xoxe-4693580430406-6172009281334-6191283381473-91f87957d7d1493b6bfd4aa78cb61a3d",
                "thumb_720": "https:\/\/files.slack.com\/files-tmb\/T04LDH2CNBY-F059XUTUH17-434a2adaee\/image_720.png?t=xoxe-4693580430406-6172009281334-6191283381473-91f87957d7d1493b6bfd4aa78cb61a3d",
                "thumb_720_w": 720,
                "thumb_720_h": 124,
                "thumb_800": "https:\/\/files.slack.com\/files-tmb\/T04LDH2CNBY-F059XUTUH17-434a2adaee\/image_800.png?t=xoxe-4693580430406-6172009281334-6191283381473-91f87957d7d1493b6bfd4aa78cb61a3d",
                "thumb_800_w": 800,
                "thumb_800_h": 138,
                "thumb_960": "https:\/\/files.slack.com\/files-tmb\/T04LDH2CNBY-F059XUTUH17-434a2adaee\/image_960.png?t=xoxe-4693580430406-6172009281334-6191283381473-91f87957d7d1493b6bfd4aa78cb61a3d",
                "thumb_960_w": 960,
                "thumb_960_h": 166,
                "thumb_1024": "https:\/\/files.slack.com\/files-tmb\/T04LDH2CNBY-F059XUTUH17-434a2adaee\/image_1024.png?t=xoxe-4693580430406-6172009281334-6191283381473-91f87957d7d1493b6bfd4aa78cb61a3d",
                "thumb_1024_w": 1024,
                "thumb_1024_h": 177,
                "original_w": 1157,
                "original_h": 200,
                "thumb_tiny": "AwAIADDR244BP50uD60veigBMH1pefWiigBMGlAoooA\/\/9k=",
                "permalink": "https:\/\/accent-on-languages.slack.com\/files\/U04LNKU8YF6\/F059XUTUH17\/image.png",
                "permalink_public": "https:\/\/slack-files.com\/T04LDH2CNBY-F059XUTUH17-5013f0e293",
                "is_starred": false,
                "has_rich_preview": false,
                "file_access": "visible"
            }
        ],
        "upload": false,
        "user": "U04LNKU8YF6",
        "display_as_bot": false,
        "ts": "1685044236.096229",
        "blocks": [
            {
                "type": "rich_text",
                "block_id": "y7iq",
                "elements": [
                    {
                        "type": "rich_text_section",
                        "elements": [
                            {
                                "type": "text",
                                "text": "Hi Guys! Sharing that today we handled our very first OPI call with USCIS for Credible Fear Interviews in the New Orleans office, and we got very positive feedback (see below)! I'd like to thank "
                            },
                            {
                                "type": "user",
                                "user_id": "U0583NMRYNL"
                            },
                            {
                                "type": "text",
                                "text": " for all the hard work and long hours she spent on clearing the interpreters. We are just starting and hope we can get more calls soon!"
                            }
                        ]
                    }
                ]
            }
        ],
        "client_msg_id": "81d92973-ca50-4cf9-a28e-f346be1d6291",
        "thread_ts": "1685044236.096229",
        "reply_count": 3,
        "reply_users_count": 3,
        "latest_reply": "1685045500.996709",
        "reply_users": [
            "U04LL2M6F99",
            "U0583NMRYNL",
            "U04LYRG90QZ"
        ],
        "replies": [
            {
                "user": "U04LL2M6F99",
                "ts": "1685044311.830089"
            },
            {
                "user": "U0583NMRYNL",
                "ts": "1685044337.798229"
            },
            {
                "user": "U04LYRG90QZ",
                "ts": "1685045500.996709"
            }
        ],
        "is_locked": false,
        "subscribed": true,
        "last_read": "1685045500.996709",
        "reactions": [
            {
                "name": "raised_hands",
                "users": [
                    "U04LL2M6F99"
                ],
                "count": 1
            },
            {
                "name": "heart",
                "users": [
                    "U04LL2M6F99",
                    "U0583NMRYNL",
                    "U0576JVJF1Q"
                ],
                "count": 3
            },
            {
                "name": "+1",
                "users": [
                    "U04LH7FMHGD",
                    "U04LNK3DU84",
                    "U0576JVJF1Q"
                ],
                "count": 3
            },
            {
                "name": "white_check_mark",
                "users": [
                    "U04LYRG90QZ"
                ],
                "count": 1
            },
            {
                "name": "telephone_receiver",
                "users": [
                    "U04LNK3DU84"
                ],
                "count": 1
            }
        ]
    },
    {
        "client_msg_id": "61cb3fdb-0ccd-457b-9bc3-1e9f69f6c6a5",
        "type": "message",
        "text": "Yay! :tada::tada: What a good start.",
        "user": "U04LL2M6F99",
        "ts": "1685044311.830089",
        "blocks": [
            {
                "type": "rich_text",
                "block_id": "9Kq",
                "elements": [
                    {
                        "type": "rich_text_section",
                        "elements": [
                            {
                                "type": "text",
                                "text": "Yay! "
                            },
                            {
                                "type": "emoji",
                                "name": "tada",
                                "unicode": "1f389"
                            },
                            {
                                "type": "emoji",
                                "name": "tada",
                                "unicode": "1f389"
                            },
                            {
                                "type": "text",
                                "text": " What a good start."
                            }
                        ]
                    }
                ]
            }
        ],
        "team": "T04LDH2CNBY",
        "user_team": "T04LDH2CNBY",
        "source_team": "T04LDH2CNBY",
        "user_profile": {
            "avatar_hash": "075a5725a539",
            "image_72": "https:\/\/avatars.slack-edge.com\/2023-02-16\/4793680204375_075a5725a53946ba72a8_72.png",
            "first_name": "Kristine",
            "real_name": "Kristine Noel",
            "display_name": "Kristine Noel",
            "team": "T04LDH2CNBY",
            "name": "kristine",
            "is_restricted": false,
            "is_ultra_restricted": false
        },
        "thread_ts": "1685044236.096229",
        "parent_user_id": "U04LNKU8YF6"
    },
    {
        "client_msg_id": "a0188de7-ff23-44a9-a8f1-14e7480b4c8f",
        "type": "message",
        "text": "Aww this is so so awesome so see!:tada:",
        "user": "U0583NMRYNL",
        "ts": "1685044337.798229",
        "blocks": [
            {
                "type": "rich_text",
                "block_id": "uKDY6",
                "elements": [
                    {
                        "type": "rich_text_section",
                        "elements": [
                            {
                                "type": "text",
                                "text": "Aww this is so so awesome so see!"
                            },
                            {
                                "type": "emoji",
                                "name": "tada",
                                "unicode": "1f389"
                            }
                        ]
                    }
                ]
            }
        ],
        "team": "T04LDH2CNBY",
        "user_team": "T04LDH2CNBY",
        "source_team": "T04LDH2CNBY",
        "user_profile": {
            "avatar_hash": "5e6f62d55b08",
            "image_72": "https:\/\/avatars.slack-edge.com\/2023-06-16\/5432096346342_5e6f62d55b081b9b60e7_72.jpg",
            "first_name": "Hanna",
            "real_name": "Hanna Jacobson",
            "display_name": "Hanna Jacobson",
            "team": "T04LDH2CNBY",
            "name": "hanna",
            "is_restricted": false,
            "is_ultra_restricted": false
        },
        "thread_ts": "1685044236.096229",
        "parent_user_id": "U04LNKU8YF6",
        "reactions": [
            {
                "name": "sob",
                "users": [
                    "U04LNKU8YF6"
                ],
                "count": 1
            },
            {
                "name": "clap",
                "users": [
                    "U0576JVJF1Q"
                ],
                "count": 1
            }
        ]
    },
    {
        "client_msg_id": "37425879-136c-4deb-be6c-2f837aebb337",
        "type": "message",
        "text": "Good job!!!!! keep up! :raised_hands:",
        "user": "U04LYRG90QZ",
        "ts": "1685045500.996709",
        "blocks": [
            {
                "type": "rich_text",
                "block_id": "HI3",
                "elements": [
                    {
                        "type": "rich_text_section",
                        "elements": [
                            {
                                "type": "text",
                                "text": "Good job!!!!! keep up! "
                            },
                            {
                                "type": "emoji",
                                "name": "raised_hands",
                                "unicode": "1f64c"
                            }
                        ]
                    }
                ]
            }
        ],
        "team": "T04LDH2CNBY",
        "user_team": "T04LDH2CNBY",
        "source_team": "T04LDH2CNBY",
        "user_profile": {
            "avatar_hash": "18034abdbce3",
            "image_72": "https:\/\/avatars.slack-edge.com\/2023-01-26\/4700726977909_18034abdbce385064283_72.jpg",
            "first_name": "Virginia",
            "real_name": "Virginia",
            "display_name": "Virginia",
            "team": "T04LDH2CNBY",
            "name": "virginia",
            "is_restricted": false,
            "is_ultra_restricted": false
        },
        "thread_ts": "1685044236.096229",
        "parent_user_id": "U04LNKU8YF6",
        "reactions": [
            {
                "name": "raised_hands",
                "users": [
                    "U04LNKU8YF6"
                ],
                "count": 1
            }
        ]
    },
    {
        "client_msg_id": "242d04a7-f8f7-49a5-aace-850aed0a7748",
        "type": "message",
        "text": "BRB",
        "user": "U04LYRG90QZ",
        "ts": "1685045701.433329",
        "blocks": [
            {
                "type": "rich_text",
                "block_id": "BdtTV",
                "elements": [
                    {
                        "type": "rich_text_section",
                        "elements": [
                            {
                                "type": "text",
                                "text": "BRB"
                            }
                        ]
                    }
                ]
            }
        ],
        "team": "T04LDH2CNBY",
        "user_team": "T04LDH2CNBY",
        "source_team": "T04LDH2CNBY",
        "user_profile": {
            "avatar_hash": "18034abdbce3",
            "image_72": "https:\/\/avatars.slack-edge.com\/2023-01-26\/4700726977909_18034abdbce385064283_72.jpg",
            "first_name": "Virginia",
            "real_name": "Virginia",
            "display_name": "Virginia",
            "team": "T04LDH2CNBY",
            "name": "virginia",
            "is_restricted": false,
            "is_ultra_restricted": false
        }
    },
    {
        "client_msg_id": "ebcebc05-6a73-439c-9e94-1de00dcaac96",
        "type": "message",
        "text": "Lunch, brb",
        "user": "U04LL2M6F99",
        "ts": "1685046237.115679",
        "blocks": [
            {
                "type": "rich_text",
                "block_id": "VH8p",
                "elements": [
                    {
                        "type": "rich_text_section",
                        "elements": [
                            {
                                "type": "text",
                                "text": "Lunch, brb"
                            }
                        ]
                    }
                ]
            }
        ],
        "team": "T04LDH2CNBY",
        "user_team": "T04LDH2CNBY",
        "source_team": "T04LDH2CNBY",
        "user_profile": {
            "avatar_hash": "075a5725a539",
            "image_72": "https:\/\/avatars.slack-edge.com\/2023-02-16\/4793680204375_075a5725a53946ba72a8_72.png",
            "first_name": "Kristine",
            "real_name": "Kristine Noel",
            "display_name": "Kristine Noel",
            "team": "T04LDH2CNBY",
            "name": "kristine",
            "is_restricted": false,
            "is_ultra_restricted": false
        }
    },
    {
        "client_msg_id": "cd09798e-d4a5-4c78-bb22-647e3998ba6d",
        "type": "message",
        "text": "Hello <@U04LYRG90QZ> <@U04LH7FMHGD> <@U04LNKU8YF6> I created a contact info sheet for Alameda County BHCS as a follow up to our meeting last Monday...any suggestions? let me know and I plan to send to Stephanie Montgomery at BHCS later today....thank you! <https:\/\/docs.google.com\/document\/d\/1Xy_bA6G8M4_06ARiceQgipdbMjvcgMMMVWwMwabZRBA\/edit?usp=sharing>",
        "user": "U04LNK3DU84",
        "ts": "1685046687.735909",
        "blocks": [
            {
                "type": "rich_text",
                "block_id": "7aAR",
                "elements": [
                    {
                        "type": "rich_text_section",
                        "elements": [
                            {
                                "type": "text",
                                "text": "Hello "
                            },
                            {
                                "type": "user",
                                "user_id": "U04LYRG90QZ"
                            },
                            {
                                "type": "text",
                                "text": " "
                            },
                            {
                                "type": "user",
                                "user_id": "U04LH7FMHGD"
                            },
                            {
                                "type": "text",
                                "text": " "
                            },
                            {
                                "type": "user",
                                "user_id": "U04LNKU8YF6"
                            },
                            {
                                "type": "text",
                                "text": " I created a contact info sheet for Alameda County BHCS as a follow up to our meeting last Monday...any suggestions? let me know and I plan to send to Stephanie Montgomery at BHCS later today....thank you! "
                            },
                            {
                                "type": "link",
                                "url": "https:\/\/docs.google.com\/document\/d\/1Xy_bA6G8M4_06ARiceQgipdbMjvcgMMMVWwMwabZRBA\/edit?usp=sharing"
                            }
                        ]
                    }
                ]
            }
        ],
        "team": "T04LDH2CNBY",
        "user_team": "T04LDH2CNBY",
        "source_team": "T04LDH2CNBY",
        "user_profile": {
            "avatar_hash": "2ecdfc20bb56",
            "image_72": "https:\/\/avatars.slack-edge.com\/2023-01-25\/4702661419268_2ecdfc20bb56f2adcfd3_72.jpg",
            "first_name": "Eduardo",
            "real_name": "Eduardo Puyol-Martinez",
            "display_name": "Eduardo",
            "team": "T04LDH2CNBY",
            "name": "eduardo",
            "is_restricted": false,
            "is_ultra_restricted": false
        },
        "thread_ts": "1685046687.735909",
        "reply_count": 2,
        "reply_users_count": 2,
        "latest_reply": "1685047792.498339",
        "reply_users": [
            "U04LH7FMHGD",
            "U04LNK3DU84"
        ],
        "replies": [
            {
                "user": "U04LH7FMHGD",
                "ts": "1685047297.541249"
            },
            {
                "user": "U04LNK3DU84",
                "ts": "1685047792.498339"
            }
        ],
        "is_locked": false,
        "subscribed": true,
        "last_read": "1685047792.498339",
        "reactions": [
            {
                "name": "white_check_mark",
                "users": [
                    "U04LYRG90QZ"
                ],
                "count": 1
            }
        ]
    },
    {
        "client_msg_id": "3c42395b-a868-4d64-a6e1-e12f2be4cb7d",
        "type": "message",
        "text": "back",
        "user": "U04LYRG90QZ",
        "ts": "1685047280.574979",
        "blocks": [
            {
                "type": "rich_text",
                "block_id": "3N8d",
                "elements": [
                    {
                        "type": "rich_text_section",
                        "elements": [
                            {
                                "type": "text",
                                "text": "back"
                            }
                        ]
                    }
                ]
            }
        ],
        "team": "T04LDH2CNBY",
        "user_team": "T04LDH2CNBY",
        "source_team": "T04LDH2CNBY",
        "user_profile": {
            "avatar_hash": "18034abdbce3",
            "image_72": "https:\/\/avatars.slack-edge.com\/2023-01-26\/4700726977909_18034abdbce385064283_72.jpg",
            "first_name": "Virginia",
            "real_name": "Virginia",
            "display_name": "Virginia",
            "team": "T04LDH2CNBY",
            "name": "virginia",
            "is_restricted": false,
            "is_ultra_restricted": false
        }
    },
    {
        "client_msg_id": "667a8e3a-4611-4de5-bff6-c176c13c953e",
        "type": "message",
        "text": "Two things I think might be useful:\n1. Services - we also have VO jobs for them.\n2. Maybe we can create a ACBH email for them? Their headache is that when Erin handles the projects with us alone, the rest of the team will not get timely updates. Maybe a shared email will help? Like what we have for FEMA, when one email sent to that address, all of them can receive it?",
        "user": "U04LH7FMHGD",
        "ts": "1685047297.541249",
        "blocks": [
            {
                "type": "rich_text",
                "block_id": "qN2q",
                "elements": [
                    {
                        "type": "rich_text_section",
                        "elements": [
                            {
                                "type": "text",
                                "text": "Two things I think might be useful:\n"
                            }
                        ]
                    },
                    {
                        "type": "rich_text_list",
                        "elements": [
                            {
                                "type": "rich_text_section",
                                "elements": [
                                    {
                                        "type": "text",
                                        "text": "Services - we also have VO jobs for them."
                                    }
                                ]
                            },
                            {
                                "type": "rich_text_section",
                                "elements": [
                                    {
                                        "type": "text",
                                        "text": "Maybe we can create a ACBH email for them? Their headache is that when Erin handles the projects with us alone, the rest of the team will not get timely updates. Maybe a shared email will help? Like what we have for FEMA, when one email sent to that address, all of them can receive it?"
                                    }
                                ]
                            }
                        ],
                        "style": "ordered",
                        "indent": 0,
                        "border": 0
                    }
                ]
            }
        ],
        "team": "T04LDH2CNBY",
        "user_team": "T04LDH2CNBY",
        "source_team": "T04LDH2CNBY",
        "user_profile": {
            "avatar_hash": "g265bf305f0f",
            "image_72": "https:\/\/secure.gravatar.com\/avatar\/265bf305f0fb80067245ba0e6117995c.jpg?s=72&d=https%3A%2F%2Fa.slack-edge.com%2Fdf10d%2Fimg%2Favatars%2Fava_0019-72.png",
            "first_name": "Baoze",
            "real_name": "Baoze Zhang",
            "display_name": "Baoze Zhang",
            "team": "T04LDH2CNBY",
            "name": "baoze",
            "is_restricted": false,
            "is_ultra_restricted": false
        },
        "thread_ts": "1685046687.735909",
        "parent_user_id": "U04LNK3DU84"
    },
    {
        "client_msg_id": "23054807-8b9f-43be-8034-ae5ff0cd6131",
        "type": "message",
        "text": "Hello Baoze, we can do this, I will add it, thank you!",
        "user": "U04LNK3DU84",
        "ts": "1685047792.498339",
        "blocks": [
            {
                "type": "rich_text",
                "block_id": "Rn4",
                "elements": [
                    {
                        "type": "rich_text_section",
                        "elements": [
                            {
                                "type": "text",
                                "text": "Hello Baoze, we can do this, I will add it, thank you!"
                            }
                        ]
                    }
                ]
            }
        ],
        "team": "T04LDH2CNBY",
        "user_team": "T04LDH2CNBY",
        "source_team": "T04LDH2CNBY",
        "user_profile": {
            "avatar_hash": "2ecdfc20bb56",
            "image_72": "https:\/\/avatars.slack-edge.com\/2023-01-25\/4702661419268_2ecdfc20bb56f2adcfd3_72.jpg",
            "first_name": "Eduardo",
            "real_name": "Eduardo Puyol-Martinez",
            "display_name": "Eduardo",
            "team": "T04LDH2CNBY",
            "name": "eduardo",
            "is_restricted": false,
            "is_ultra_restricted": false
        },
        "thread_ts": "1685046687.735909",
        "parent_user_id": "U04LNK3DU84",
        "reactions": [
            {
                "name": "+1",
                "users": [
                    "U04LH7FMHGD"
                ],
                "count": 1
            }
        ]
    },
    {
        "client_msg_id": "4a0e960a-d5be-4041-8c3e-c506653d8b6a",
        "type": "message",
        "text": "BRB",
        "user": "U04LYRG90QZ",
        "ts": "1685056313.137319",
        "blocks": [
            {
                "type": "rich_text",
                "block_id": "WCW",
                "elements": [
                    {
                        "type": "rich_text_section",
                        "elements": [
                            {
                                "type": "text",
                                "text": "BRB"
                            }
                        ]
                    }
                ]
            }
        ],
        "team": "T04LDH2CNBY",
        "user_team": "T04LDH2CNBY",
        "source_team": "T04LDH2CNBY",
        "user_profile": {
            "avatar_hash": "18034abdbce3",
            "image_72": "https:\/\/avatars.slack-edge.com\/2023-01-26\/4700726977909_18034abdbce385064283_72.jpg",
            "first_name": "Virginia",
            "real_name": "Virginia",
            "display_name": "Virginia",
            "team": "T04LDH2CNBY",
            "name": "virginia",
            "is_restricted": false,
            "is_ultra_restricted": false
        }
    },
    {
        "client_msg_id": "484f10e1-62c4-4cf7-8c6c-fb49895d3dac",
        "type": "message",
        "text": "back",
        "user": "U04LYRG90QZ",
        "ts": "1685057121.466749",
        "blocks": [
            {
                "type": "rich_text",
                "block_id": "gUhGx",
                "elements": [
                    {
                        "type": "rich_text_section",
                        "elements": [
                            {
                                "type": "text",
                                "text": "back"
                            }
                        ]
                    }
                ]
            }
        ],
        "team": "T04LDH2CNBY",
        "user_team": "T04LDH2CNBY",
        "source_team": "T04LDH2CNBY",
        "user_profile": {
            "avatar_hash": "18034abdbce3",
            "image_72": "https:\/\/avatars.slack-edge.com\/2023-01-26\/4700726977909_18034abdbce385064283_72.jpg",
            "first_name": "Virginia",
            "real_name": "Virginia",
            "display_name": "Virginia",
            "team": "T04LDH2CNBY",
            "name": "virginia",
            "is_restricted": false,
            "is_ultra_restricted": false
        }
    },
    {
        "client_msg_id": "ea23b6ae-40de-4136-be7a-a6c50f514a12",
        "type": "message",
        "text": "leaving team. see you 2morrow.. :smile:",
        "user": "U04LYRG90QZ",
        "ts": "1685059332.571809",
        "blocks": [
            {
                "type": "rich_text",
                "block_id": "gGd7D",
                "elements": [
                    {
                        "type": "rich_text_section",
                        "elements": [
                            {
                                "type": "text",
                                "text": "leaving team. see you 2morrow.. "
                            },
                            {
                                "type": "emoji",
                                "name": "smile",
                                "unicode": "1f604"
                            }
                        ]
                    }
                ]
            }
        ],
        "team": "T04LDH2CNBY",
        "user_team": "T04LDH2CNBY",
        "source_team": "T04LDH2CNBY",
        "user_profile": {
            "avatar_hash": "18034abdbce3",
            "image_72": "https:\/\/avatars.slack-edge.com\/2023-01-26\/4700726977909_18034abdbce385064283_72.jpg",
            "first_name": "Virginia",
            "real_name": "Virginia",
            "display_name": "Virginia",
            "team": "T04LDH2CNBY",
            "name": "virginia",
            "is_restricted": false,
            "is_ultra_restricted": false
        }
    }
]