[
    {
        "client_msg_id": "20AF7CB1-2D4A-42B4-B44D-9B1A0C68720F",
        "type": "message",
        "text": "<@U060AJCUJCR> it happened to me last week. Just reach out to IT and they’ll restart your virtual machine",
        "user": "U05S8DD1T6U",
        "ts": "1697204102.960469",
        "blocks": [
            {
                "type": "rich_text",
                "block_id": "Nt4NB",
                "elements": [
                    {
                        "type": "rich_text_section",
                        "elements": [
                            {
                                "type": "user",
                                "user_id": "U060AJCUJCR"
                            },
                            {
                                "type": "text",
                                "text": " it happened to me last week. Just reach out to IT and "
                            },
                            {
                                "type": "text",
                                "text": "they’ll"
                            },
                            {
                                "type": "text",
                                "text": " restart"
                            },
                            {
                                "type": "text",
                                "text": " "
                            },
                            {
                                "type": "text",
                                "text": "your virtual machine"
                            }
                        ]
                    }
                ]
            }
        ],
        "team": "T04LDH2CNBY",
        "user_team": "T04LDH2CNBY",
        "source_team": "T04LDH2CNBY",
        "user_profile": {
            "avatar_hash": "ca5e0665d6f3",
            "image_72": "https:\/\/avatars.slack-edge.com\/2023-09-12\/5882865387955_ca5e0665d6f32f4c3bb4_72.jpg",
            "first_name": "Virginia",
            "real_name": "Virginia Abrigo",
            "display_name": "Virginia Abrigo",
            "team": "T04LDH2CNBY",
            "name": "virginia.abrigo",
            "is_restricted": false,
            "is_ultra_restricted": false
        },
        "thread_ts": "1697148726.764799",
        "parent_user_id": "U060AJCUJCR",
        "reactions": [
            {
                "name": "+1",
                "users": [
                    "U060AJCUJCR"
                ],
                "count": 1
            }
        ]
    },
    {
        "client_msg_id": "008a7092-0d94-4ae0-b5cd-a13aba1c6bc4",
        "type": "message",
        "text": "morning!!! happy Friday!!",
        "user": "U04LYRG90QZ",
        "ts": "1697205997.286619",
        "blocks": [
            {
                "type": "rich_text",
                "block_id": "d2unx",
                "elements": [
                    {
                        "type": "rich_text_section",
                        "elements": [
                            {
                                "type": "text",
                                "text": "morning!!! happy Friday!!"
                            }
                        ]
                    }
                ]
            }
        ],
        "team": "T04LDH2CNBY",
        "user_team": "T04LDH2CNBY",
        "source_team": "T04LDH2CNBY",
        "user_profile": {
            "avatar_hash": "18034abdbce3",
            "image_72": "https:\/\/avatars.slack-edge.com\/2023-01-26\/4700726977909_18034abdbce385064283_72.jpg",
            "first_name": "Virginia",
            "real_name": "Virginia",
            "display_name": "Virginia",
            "team": "T04LDH2CNBY",
            "name": "virginia",
            "is_restricted": false,
            "is_ultra_restricted": false
        }
    },
    {
        "client_msg_id": "fba80720-0f6b-45e4-8ab1-2747a70d01e3",
        "type": "message",
        "text": "Happy Friday!!!",
        "user": "U0583NMRYNL",
        "ts": "1697206449.149089",
        "blocks": [
            {
                "type": "rich_text",
                "block_id": "zQIOO",
                "elements": [
                    {
                        "type": "rich_text_section",
                        "elements": [
                            {
                                "type": "text",
                                "text": "Happy Friday!!!"
                            }
                        ]
                    }
                ]
            }
        ],
        "team": "T04LDH2CNBY",
        "user_team": "T04LDH2CNBY",
        "source_team": "T04LDH2CNBY",
        "user_profile": {
            "avatar_hash": "5e6f62d55b08",
            "image_72": "https:\/\/avatars.slack-edge.com\/2023-06-16\/5432096346342_5e6f62d55b081b9b60e7_72.jpg",
            "first_name": "Hanna",
            "real_name": "Hanna Jacobson",
            "display_name": "Hanna Jacobson",
            "team": "T04LDH2CNBY",
            "name": "hanna",
            "is_restricted": false,
            "is_ultra_restricted": false
        }
    },
    {
        "client_msg_id": "DEE7ADDD-C5C0-4185-B6EE-7EA7EA523AA2",
        "type": "message",
        "text": "Korning",
        "user": "U04LL2M6F99",
        "ts": "1697208406.995259",
        "blocks": [
            {
                "type": "rich_text",
                "block_id": "RkouT",
                "elements": [
                    {
                        "type": "rich_text_section",
                        "elements": [
                            {
                                "type": "text",
                                "text": "Korning"
                            }
                        ]
                    }
                ]
            }
        ],
        "team": "T04LDH2CNBY",
        "user_team": "T04LDH2CNBY",
        "source_team": "T04LDH2CNBY",
        "user_profile": {
            "avatar_hash": "075a5725a539",
            "image_72": "https:\/\/avatars.slack-edge.com\/2023-02-16\/4793680204375_075a5725a53946ba72a8_72.png",
            "first_name": "Kristine",
            "real_name": "Kristine Noel",
            "display_name": "Kristine Noel",
            "team": "T04LDH2CNBY",
            "name": "kristine",
            "is_restricted": false,
            "is_ultra_restricted": false
        }
    },
    {
        "client_msg_id": "207226cc-1131-4a1f-bc7f-1b8a9512564e",
        "type": "message",
        "text": "Morning!",
        "user": "U0576JVJF1Q",
        "ts": "1697212356.372509",
        "blocks": [
            {
                "type": "rich_text",
                "block_id": "G7k3E",
                "elements": [
                    {
                        "type": "rich_text_section",
                        "elements": [
                            {
                                "type": "text",
                                "text": "Morning!"
                            }
                        ]
                    }
                ]
            }
        ],
        "team": "T04LDH2CNBY",
        "user_team": "T04LDH2CNBY",
        "source_team": "T04LDH2CNBY",
        "user_profile": {
            "avatar_hash": "g12be1dbd2bd",
            "image_72": "https:\/\/secure.gravatar.com\/avatar\/12be1dbd2bd270e15f2abc83ff193814.jpg?s=72&d=https%3A%2F%2Fa.slack-edge.com%2Fdf10d%2Fimg%2Favatars%2Fava_0010-72.png",
            "first_name": "Kai",
            "real_name": "Kai",
            "display_name": "Kai",
            "team": "T04LDH2CNBY",
            "name": "kai",
            "is_restricted": false,
            "is_ultra_restricted": false
        }
    },
    {
        "client_msg_id": "36BE9288-4E47-4EE6-9433-D26F54273373",
        "type": "message",
        "text": "In ",
        "user": "U04LL2BJ5GB",
        "ts": "1697216613.832199",
        "blocks": [
            {
                "type": "rich_text",
                "block_id": "ycsMW",
                "elements": [
                    {
                        "type": "rich_text_section",
                        "elements": [
                            {
                                "type": "text",
                                "text": "In "
                            }
                        ]
                    }
                ]
            }
        ],
        "team": "T04LDH2CNBY",
        "user_team": "T04LDH2CNBY",
        "source_team": "T04LDH2CNBY",
        "user_profile": {
            "avatar_hash": "a0aaab73c433",
            "image_72": "https:\/\/avatars.slack-edge.com\/2023-06-02\/5369485068164_a0aaab73c43394143d32_72.png",
            "first_name": "Nestor",
            "real_name": "Nestor Guzman",
            "display_name": "Nestor Guzman",
            "team": "T04LDH2CNBY",
            "name": "nestor",
            "is_restricted": false,
            "is_ultra_restricted": false
        },
        "thread_ts": "1697216613.832199",
        "reply_count": 1,
        "reply_users_count": 1,
        "latest_reply": "1697244941.368709",
        "reply_users": [
            "U04LL2BJ5GB"
        ],
        "replies": [
            {
                "user": "U04LL2BJ5GB",
                "ts": "1697244941.368709"
            }
        ],
        "is_locked": false,
        "subscribed": false
    },
    {
        "type": "message",
        "text": "Hi team, it's <@U04LH7FMHGD> birthday, let's all wish him a Happy Birthday!",
        "files": [
            {
                "id": "F061S4HUY4Q",
                "created": 1697217942,
                "timestamp": 1697217942,
                "name": "Happy Birthday Baoze.png",
                "title": "Happy Birthday Baoze.png",
                "mimetype": "image\/png",
                "filetype": "png",
                "pretty_type": "PNG",
                "user": "U04LL2M6F99",
                "user_team": "T04LDH2CNBY",
                "editable": false,
                "size": 319114,
                "mode": "hosted",
                "is_external": false,
                "external_type": "",
                "is_public": true,
                "public_url_shared": false,
                "display_as_bot": false,
                "username": "",
                "url_private": "https:\/\/files.slack.com\/files-pri\/T04LDH2CNBY-F061S4HUY4Q\/happy_birthday_baoze.png?t=xoxe-4693580430406-6172009281334-6191283381473-91f87957d7d1493b6bfd4aa78cb61a3d",
                "url_private_download": "https:\/\/files.slack.com\/files-pri\/T04LDH2CNBY-F061S4HUY4Q\/download\/happy_birthday_baoze.png?t=xoxe-4693580430406-6172009281334-6191283381473-91f87957d7d1493b6bfd4aa78cb61a3d",
                "media_display_type": "unknown",
                "thumb_64": "https:\/\/files.slack.com\/files-tmb\/T04LDH2CNBY-F061S4HUY4Q-5b9f81d1ac\/happy_birthday_baoze_64.png?t=xoxe-4693580430406-6172009281334-6191283381473-91f87957d7d1493b6bfd4aa78cb61a3d",
                "thumb_80": "https:\/\/files.slack.com\/files-tmb\/T04LDH2CNBY-F061S4HUY4Q-5b9f81d1ac\/happy_birthday_baoze_80.png?t=xoxe-4693580430406-6172009281334-6191283381473-91f87957d7d1493b6bfd4aa78cb61a3d",
                "thumb_360": "https:\/\/files.slack.com\/files-tmb\/T04LDH2CNBY-F061S4HUY4Q-5b9f81d1ac\/happy_birthday_baoze_360.png?t=xoxe-4693580430406-6172009281334-6191283381473-91f87957d7d1493b6bfd4aa78cb61a3d",
                "thumb_360_w": 360,
                "thumb_360_h": 255,
                "thumb_480": "https:\/\/files.slack.com\/files-tmb\/T04LDH2CNBY-F061S4HUY4Q-5b9f81d1ac\/happy_birthday_baoze_480.png?t=xoxe-4693580430406-6172009281334-6191283381473-91f87957d7d1493b6bfd4aa78cb61a3d",
                "thumb_480_w": 480,
                "thumb_480_h": 341,
                "thumb_160": "https:\/\/files.slack.com\/files-tmb\/T04LDH2CNBY-F061S4HUY4Q-5b9f81d1ac\/happy_birthday_baoze_160.png?t=xoxe-4693580430406-6172009281334-6191283381473-91f87957d7d1493b6bfd4aa78cb61a3d",
                "thumb_720": "https:\/\/files.slack.com\/files-tmb\/T04LDH2CNBY-F061S4HUY4Q-5b9f81d1ac\/happy_birthday_baoze_720.png?t=xoxe-4693580430406-6172009281334-6191283381473-91f87957d7d1493b6bfd4aa78cb61a3d",
                "thumb_720_w": 720,
                "thumb_720_h": 511,
                "thumb_800": "https:\/\/files.slack.com\/files-tmb\/T04LDH2CNBY-F061S4HUY4Q-5b9f81d1ac\/happy_birthday_baoze_800.png?t=xoxe-4693580430406-6172009281334-6191283381473-91f87957d7d1493b6bfd4aa78cb61a3d",
                "thumb_800_w": 800,
                "thumb_800_h": 568,
                "thumb_960": "https:\/\/files.slack.com\/files-tmb\/T04LDH2CNBY-F061S4HUY4Q-5b9f81d1ac\/happy_birthday_baoze_960.png?t=xoxe-4693580430406-6172009281334-6191283381473-91f87957d7d1493b6bfd4aa78cb61a3d",
                "thumb_960_w": 960,
                "thumb_960_h": 681,
                "thumb_1024": "https:\/\/files.slack.com\/files-tmb\/T04LDH2CNBY-F061S4HUY4Q-5b9f81d1ac\/happy_birthday_baoze_1024.png?t=xoxe-4693580430406-6172009281334-6191283381473-91f87957d7d1493b6bfd4aa78cb61a3d",
                "thumb_1024_w": 1024,
                "thumb_1024_h": 726,
                "original_w": 1748,
                "original_h": 1240,
                "thumb_tiny": "AwAiADDQpNw59jilzjHvSSNtQnv2oGKHHrSblNRrJtJDnn\/61PMqgZOemcYpAHX7vNAGDzTxyM0pwaLAJikPPajdilByM0wGgAdKXjJO0ZNLx6UnHpQAufakxgk+tHOenHrS0AR9qctN7ClWkA+iiimAUlLSUAf\/2Q==",
                "permalink": "https:\/\/accent-on-languages.slack.com\/files\/U04LL2M6F99\/F061S4HUY4Q\/happy_birthday_baoze.png",
                "permalink_public": "https:\/\/slack-files.com\/T04LDH2CNBY-F061S4HUY4Q-5254ed9a13",
                "is_starred": false,
                "has_rich_preview": false,
                "file_access": "visible"
            }
        ],
        "upload": false,
        "user": "U04LL2M6F99",
        "display_as_bot": false,
        "ts": "1697218024.251959",
        "blocks": [
            {
                "type": "rich_text",
                "block_id": "cd2jV",
                "elements": [
                    {
                        "type": "rich_text_section",
                        "elements": [
                            {
                                "type": "text",
                                "text": "Hi team, it's "
                            },
                            {
                                "type": "user",
                                "user_id": "U04LH7FMHGD"
                            },
                            {
                                "type": "text",
                                "text": " birthday, let's all wish him a Happy Birthday!"
                            }
                        ]
                    }
                ]
            }
        ],
        "client_msg_id": "70884f42-856d-4991-92a4-15198b57a702",
        "reactions": [
            {
                "name": "tada",
                "users": [
                    "U04LL2BJ5GB",
                    "U04LNK3DU84",
                    "U0576JVJF1Q",
                    "U04LNKU8YF6"
                ],
                "count": 4
            },
            {
                "name": "heart",
                "users": [
                    "U04LH7FMHGD",
                    "U04LNKU8YF6"
                ],
                "count": 2
            },
            {
                "name": "birthday",
                "users": [
                    "U04LNKU8YF6"
                ],
                "count": 1
            },
            {
                "name": "purple_heart",
                "users": [
                    "U04LNKU8YF6"
                ],
                "count": 1
            }
        ]
    },
    {
        "client_msg_id": "4339c5cc-8554-4d9c-b4ae-0f136b6ffbee",
        "type": "message",
        "text": "Feliz Cumpleaños Baoze!",
        "user": "U04LNK3DU84",
        "ts": "1697218511.213869",
        "blocks": [
            {
                "type": "rich_text",
                "block_id": "MLZUS",
                "elements": [
                    {
                        "type": "rich_text_section",
                        "elements": [
                            {
                                "type": "text",
                                "text": "Feliz Cumpleaños Baoze!"
                            }
                        ]
                    }
                ]
            }
        ],
        "team": "T04LDH2CNBY",
        "user_team": "T04LDH2CNBY",
        "source_team": "T04LDH2CNBY",
        "user_profile": {
            "avatar_hash": "2ecdfc20bb56",
            "image_72": "https:\/\/avatars.slack-edge.com\/2023-01-25\/4702661419268_2ecdfc20bb56f2adcfd3_72.jpg",
            "first_name": "Eduardo",
            "real_name": "Eduardo Puyol-Martinez",
            "display_name": "Eduardo",
            "team": "T04LDH2CNBY",
            "name": "eduardo",
            "is_restricted": false,
            "is_ultra_restricted": false
        },
        "reactions": [
            {
                "name": "heart",
                "users": [
                    "U04LH7FMHGD"
                ],
                "count": 1
            }
        ]
    },
    {
        "client_msg_id": "F52578C1-7A1B-4ACE-A6F9-F8E79278F9F1",
        "type": "message",
        "text": "Thank you all!!! ",
        "user": "U04LH7FMHGD",
        "ts": "1697218621.428889",
        "blocks": [
            {
                "type": "rich_text",
                "block_id": "jAEdy",
                "elements": [
                    {
                        "type": "rich_text_section",
                        "elements": [
                            {
                                "type": "text",
                                "text": "Thank you all!!! "
                            }
                        ]
                    }
                ]
            }
        ],
        "team": "T04LDH2CNBY",
        "user_team": "T04LDH2CNBY",
        "source_team": "T04LDH2CNBY",
        "user_profile": {
            "avatar_hash": "g265bf305f0f",
            "image_72": "https:\/\/secure.gravatar.com\/avatar\/265bf305f0fb80067245ba0e6117995c.jpg?s=72&d=https%3A%2F%2Fa.slack-edge.com%2Fdf10d%2Fimg%2Favatars%2Fava_0019-72.png",
            "first_name": "Baoze",
            "real_name": "Baoze Zhang",
            "display_name": "Baoze Zhang",
            "team": "T04LDH2CNBY",
            "name": "baoze",
            "is_restricted": false,
            "is_ultra_restricted": false
        },
        "reactions": [
            {
                "name": "tada",
                "users": [
                    "U0576JVJF1Q",
                    "U04LL2M6F99"
                ],
                "count": 2
            }
        ]
    },
    {
        "client_msg_id": "c32ab50e-3719-4c09-aa2c-c93dff2544e7",
        "type": "message",
        "text": "生日快乐！",
        "user": "U060AJCUJCR",
        "ts": "1697218722.117469",
        "blocks": [
            {
                "type": "rich_text",
                "block_id": "d8TOf",
                "elements": [
                    {
                        "type": "rich_text_section",
                        "elements": [
                            {
                                "type": "text",
                                "text": "生日快乐！"
                            }
                        ]
                    }
                ]
            }
        ],
        "team": "T04LDH2CNBY",
        "user_team": "T04LDH2CNBY",
        "source_team": "T04LDH2CNBY",
        "user_profile": {
            "avatar_hash": "035916c0adf9",
            "image_72": "https:\/\/avatars.slack-edge.com\/2023-10-06\/6002431104325_035916c0adf9aefe2e29_72.png",
            "first_name": "Cecilia",
            "real_name": "Cecilia Lin",
            "display_name": "Cecilia Lin",
            "team": "T04LDH2CNBY",
            "name": "cecilia",
            "is_restricted": false,
            "is_ultra_restricted": false
        },
        "reactions": [
            {
                "name": "tada",
                "users": [
                    "U04LH7FMHGD",
                    "U0576JVJF1Q"
                ],
                "count": 2
            }
        ]
    },
    {
        "client_msg_id": "86DAD28E-7ABD-4D2E-B755-9899C158FDFC",
        "type": "message",
        "text": "Feliz cumple Baoze!",
        "user": "U05S8DD1T6U",
        "ts": "1697218765.224799",
        "blocks": [
            {
                "type": "rich_text",
                "block_id": "6RtNU",
                "elements": [
                    {
                        "type": "rich_text_section",
                        "elements": [
                            {
                                "type": "text",
                                "text": "Feliz cumple Baoze!"
                            }
                        ]
                    }
                ]
            }
        ],
        "team": "T04LDH2CNBY",
        "user_team": "T04LDH2CNBY",
        "source_team": "T04LDH2CNBY",
        "user_profile": {
            "avatar_hash": "ca5e0665d6f3",
            "image_72": "https:\/\/avatars.slack-edge.com\/2023-09-12\/5882865387955_ca5e0665d6f32f4c3bb4_72.jpg",
            "first_name": "Virginia",
            "real_name": "Virginia Abrigo",
            "display_name": "Virginia Abrigo",
            "team": "T04LDH2CNBY",
            "name": "virginia.abrigo",
            "is_restricted": false,
            "is_ultra_restricted": false
        },
        "reactions": [
            {
                "name": "tada",
                "users": [
                    "U04LH7FMHGD"
                ],
                "count": 1
            }
        ]
    },
    {
        "type": "message",
        "text": "Happy birthday, my dynamic duo <@U04LH7FMHGD>! :partying_face:\nWishing you the best always! :birthday: ",
        "files": [
            {
                "id": "F060NLV5RFH",
                "created": 1697218936,
                "timestamp": 1697218936,
                "name": "IMG_0478.gif",
                "title": "IMG_0478",
                "mimetype": "image\/gif",
                "filetype": "gif",
                "pretty_type": "GIF",
                "user": "U04LL2BJ5GB",
                "user_team": "T04LDH2CNBY",
                "editable": false,
                "size": 1647593,
                "mode": "hosted",
                "is_external": false,
                "external_type": "",
                "is_public": true,
                "public_url_shared": false,
                "display_as_bot": false,
                "username": "",
                "url_private": "https:\/\/files.slack.com\/files-pri\/T04LDH2CNBY-F060NLV5RFH\/img_0478.gif?t=xoxe-4693580430406-6172009281334-6191283381473-91f87957d7d1493b6bfd4aa78cb61a3d",
                "url_private_download": "https:\/\/files.slack.com\/files-pri\/T04LDH2CNBY-F060NLV5RFH\/download\/img_0478.gif?t=xoxe-4693580430406-6172009281334-6191283381473-91f87957d7d1493b6bfd4aa78cb61a3d",
                "media_display_type": "unknown",
                "thumb_64": "https:\/\/files.slack.com\/files-tmb\/T04LDH2CNBY-F060NLV5RFH-08a0ff1b91\/img_0478_64.png?t=xoxe-4693580430406-6172009281334-6191283381473-91f87957d7d1493b6bfd4aa78cb61a3d",
                "thumb_80": "https:\/\/files.slack.com\/files-tmb\/T04LDH2CNBY-F060NLV5RFH-08a0ff1b91\/img_0478_80.png?t=xoxe-4693580430406-6172009281334-6191283381473-91f87957d7d1493b6bfd4aa78cb61a3d",
                "thumb_360": "https:\/\/files.slack.com\/files-tmb\/T04LDH2CNBY-F060NLV5RFH-08a0ff1b91\/img_0478_360.png?t=xoxe-4693580430406-6172009281334-6191283381473-91f87957d7d1493b6bfd4aa78cb61a3d",
                "thumb_360_w": 360,
                "thumb_360_h": 203,
                "thumb_480": "https:\/\/files.slack.com\/files-tmb\/T04LDH2CNBY-F060NLV5RFH-08a0ff1b91\/img_0478_480.png?t=xoxe-4693580430406-6172009281334-6191283381473-91f87957d7d1493b6bfd4aa78cb61a3d",
                "thumb_480_w": 480,
                "thumb_480_h": 271,
                "thumb_160": "https:\/\/files.slack.com\/files-tmb\/T04LDH2CNBY-F060NLV5RFH-08a0ff1b91\/img_0478_160.png?t=xoxe-4693580430406-6172009281334-6191283381473-91f87957d7d1493b6bfd4aa78cb61a3d",
                "thumb_360_gif": "https:\/\/files.slack.com\/files-tmb\/T04LDH2CNBY-F060NLV5RFH-08a0ff1b91\/img_0478_360.gif?t=xoxe-4693580430406-6172009281334-6191283381473-91f87957d7d1493b6bfd4aa78cb61a3d",
                "thumb_480_gif": "https:\/\/files.slack.com\/files-tmb\/T04LDH2CNBY-F060NLV5RFH-08a0ff1b91\/img_0478_480.gif?t=xoxe-4693580430406-6172009281334-6191283381473-91f87957d7d1493b6bfd4aa78cb61a3d",
                "original_w": 498,
                "original_h": 281,
                "deanimate": "https:\/\/files.slack.com\/files-tmb\/T04LDH2CNBY-F060NLV5RFH-08a0ff1b91\/img_0478_deanimate.png?t=xoxe-4693580430406-6172009281334-6191283381473-91f87957d7d1493b6bfd4aa78cb61a3d",
                "deanimate_gif": "https:\/\/files.slack.com\/files-tmb\/T04LDH2CNBY-F060NLV5RFH-08a0ff1b91\/img_0478_deanimate_gif.png?t=xoxe-4693580430406-6172009281334-6191283381473-91f87957d7d1493b6bfd4aa78cb61a3d",
                "thumb_tiny": "AwAbADC80MbdUH5VUu4VTy9gxk81a3Sf7P5VBdEsEzjr2oAqMhUAkjntmmk7QDnr1qMEg49DTpcGJD+FIY4ngHtT45ETlzgfSqoJyKefumgRotdoLhkL4A9aryuGkLb8jPHPAFUicsSeuamYA24J6\/8A16q1wHSOu0ggZJ4NNYgwqARnPSoCTgDsKcelIAA5qUj5D9KiWph9w\/SkDP\/Z",
                "permalink": "https:\/\/accent-on-languages.slack.com\/files\/U04LL2BJ5GB\/F060NLV5RFH\/img_0478.gif",
                "permalink_public": "https:\/\/slack-files.com\/T04LDH2CNBY-F060NLV5RFH-05057d11bb",
                "is_starred": false,
                "has_rich_preview": false,
                "file_access": "visible"
            }
        ],
        "upload": false,
        "user": "U04LL2BJ5GB",
        "display_as_bot": false,
        "ts": "1697218986.311299",
        "blocks": [
            {
                "type": "rich_text",
                "block_id": "rqV\/U",
                "elements": [
                    {
                        "type": "rich_text_section",
                        "elements": [
                            {
                                "type": "text",
                                "text": "Happy birthday, my dynamic duo "
                            },
                            {
                                "type": "user",
                                "user_id": "U04LH7FMHGD"
                            },
                            {
                                "type": "text",
                                "text": "! "
                            },
                            {
                                "type": "emoji",
                                "name": "partying_face",
                                "unicode": "1f973"
                            },
                            {
                                "type": "text",
                                "text": "\nWishing you the best always! "
                            },
                            {
                                "type": "emoji",
                                "name": "birthday",
                                "unicode": "1f382"
                            },
                            {
                                "type": "text",
                                "text": " "
                            }
                        ]
                    }
                ]
            }
        ],
        "client_msg_id": "311158b5-385a-4941-97f0-207350724073",
        "thread_ts": "1697218986.311299",
        "reply_count": 1,
        "reply_users_count": 1,
        "latest_reply": "1697219067.132479",
        "reply_users": [
            "U04LH7FMHGD"
        ],
        "replies": [
            {
                "user": "U04LH7FMHGD",
                "ts": "1697219067.132479"
            }
        ],
        "is_locked": false,
        "subscribed": false,
        "reactions": [
            {
                "name": "+1",
                "users": [
                    "U04LH7FMHGD",
                    "U0576JVJF1Q"
                ],
                "count": 2
            },
            {
                "name": "heart",
                "users": [
                    "U04LYRG90QZ",
                    "U04LL2M6F99"
                ],
                "count": 2
            }
        ]
    },
    {
        "client_msg_id": "921DECCB-000A-4887-8F81-9507140F00E7",
        "type": "message",
        "text": "Thank you!",
        "user": "U04LH7FMHGD",
        "ts": "1697219067.132479",
        "blocks": [
            {
                "type": "rich_text",
                "block_id": "B+CwO",
                "elements": [
                    {
                        "type": "rich_text_section",
                        "elements": [
                            {
                                "type": "text",
                                "text": "Thank you!"
                            }
                        ]
                    }
                ]
            }
        ],
        "team": "T04LDH2CNBY",
        "user_team": "T04LDH2CNBY",
        "source_team": "T04LDH2CNBY",
        "user_profile": {
            "avatar_hash": "g265bf305f0f",
            "image_72": "https:\/\/secure.gravatar.com\/avatar\/265bf305f0fb80067245ba0e6117995c.jpg?s=72&d=https%3A%2F%2Fa.slack-edge.com%2Fdf10d%2Fimg%2Favatars%2Fava_0019-72.png",
            "first_name": "Baoze",
            "real_name": "Baoze Zhang",
            "display_name": "Baoze Zhang",
            "team": "T04LDH2CNBY",
            "name": "baoze",
            "is_restricted": false,
            "is_ultra_restricted": false
        },
        "thread_ts": "1697218986.311299",
        "parent_user_id": "U04LL2BJ5GB"
    },
    {
        "client_msg_id": "749489bf-23c6-47c3-a122-3817773044bf",
        "type": "message",
        "text": "Happy birthday Baoze!!!!! Wishing u the best!!",
        "user": "U04LYRG90QZ",
        "ts": "1697219148.000109",
        "blocks": [
            {
                "type": "rich_text",
                "block_id": "GxiFJ",
                "elements": [
                    {
                        "type": "rich_text_section",
                        "elements": [
                            {
                                "type": "text",
                                "text": "Happy birthday Baoze!!!!! Wishing u the best!!"
                            }
                        ]
                    }
                ]
            }
        ],
        "team": "T04LDH2CNBY",
        "user_team": "T04LDH2CNBY",
        "source_team": "T04LDH2CNBY",
        "user_profile": {
            "avatar_hash": "18034abdbce3",
            "image_72": "https:\/\/avatars.slack-edge.com\/2023-01-26\/4700726977909_18034abdbce385064283_72.jpg",
            "first_name": "Virginia",
            "real_name": "Virginia",
            "display_name": "Virginia",
            "team": "T04LDH2CNBY",
            "name": "virginia",
            "is_restricted": false,
            "is_ultra_restricted": false
        },
        "reactions": [
            {
                "name": "heart",
                "users": [
                    "U04LH7FMHGD"
                ],
                "count": 1
            }
        ]
    },
    {
        "client_msg_id": "d77581ad-39a3-4d86-908e-c2b277087529",
        "type": "message",
        "text": "brb",
        "user": "U04LYRG90QZ",
        "ts": "1697222094.330719",
        "blocks": [
            {
                "type": "rich_text",
                "block_id": "H656t",
                "elements": [
                    {
                        "type": "rich_text_section",
                        "elements": [
                            {
                                "type": "text",
                                "text": "brb"
                            }
                        ]
                    }
                ]
            }
        ],
        "team": "T04LDH2CNBY",
        "user_team": "T04LDH2CNBY",
        "source_team": "T04LDH2CNBY",
        "user_profile": {
            "avatar_hash": "18034abdbce3",
            "image_72": "https:\/\/avatars.slack-edge.com\/2023-01-26\/4700726977909_18034abdbce385064283_72.jpg",
            "first_name": "Virginia",
            "real_name": "Virginia",
            "display_name": "Virginia",
            "team": "T04LDH2CNBY",
            "name": "virginia",
            "is_restricted": false,
            "is_ultra_restricted": false
        }
    },
    {
        "client_msg_id": "d10a0f7c-bc6f-4dbd-9894-d361a59b0343",
        "type": "message",
        "text": "Happy birthday Baoze!! I hope you have an amazing day!!:tada:",
        "user": "U0583NMRYNL",
        "ts": "1697224082.238169",
        "blocks": [
            {
                "type": "rich_text",
                "block_id": "Ad2x7",
                "elements": [
                    {
                        "type": "rich_text_section",
                        "elements": [
                            {
                                "type": "text",
                                "text": "Happy birthday Baoze!! I hope you have an amazing day!!"
                            },
                            {
                                "type": "emoji",
                                "name": "tada",
                                "unicode": "1f389"
                            }
                        ]
                    }
                ]
            }
        ],
        "team": "T04LDH2CNBY",
        "user_team": "T04LDH2CNBY",
        "source_team": "T04LDH2CNBY",
        "user_profile": {
            "avatar_hash": "5e6f62d55b08",
            "image_72": "https:\/\/avatars.slack-edge.com\/2023-06-16\/5432096346342_5e6f62d55b081b9b60e7_72.jpg",
            "first_name": "Hanna",
            "real_name": "Hanna Jacobson",
            "display_name": "Hanna Jacobson",
            "team": "T04LDH2CNBY",
            "name": "hanna",
            "is_restricted": false,
            "is_ultra_restricted": false
        }
    },
    {
        "client_msg_id": "4721e882-d21e-4f41-8196-aed5949350b3",
        "type": "message",
        "text": "back",
        "user": "U04LYRG90QZ",
        "ts": "1697224149.407659",
        "blocks": [
            {
                "type": "rich_text",
                "block_id": "7tQGX",
                "elements": [
                    {
                        "type": "rich_text_section",
                        "elements": [
                            {
                                "type": "text",
                                "text": "back"
                            }
                        ]
                    }
                ]
            }
        ],
        "team": "T04LDH2CNBY",
        "user_team": "T04LDH2CNBY",
        "source_team": "T04LDH2CNBY",
        "user_profile": {
            "avatar_hash": "18034abdbce3",
            "image_72": "https:\/\/avatars.slack-edge.com\/2023-01-26\/4700726977909_18034abdbce385064283_72.jpg",
            "first_name": "Virginia",
            "real_name": "Virginia",
            "display_name": "Virginia",
            "team": "T04LDH2CNBY",
            "name": "virginia",
            "is_restricted": false,
            "is_ultra_restricted": false
        },
        "edited": {
            "user": "U04LYRG90QZ",
            "ts": "1697224158.000000"
        }
    },
    {
        "client_msg_id": "3ca31109-61b3-46bb-9311-339304e802bc",
        "type": "message",
        "text": "HAPPY BIRTHDAY <@U04LH7FMHGD>!!!!!!!!! :clinking_glasses:",
        "user": "U04LNKU8YF6",
        "ts": "1697227672.052079",
        "blocks": [
            {
                "type": "rich_text",
                "block_id": "3VlnF",
                "elements": [
                    {
                        "type": "rich_text_section",
                        "elements": [
                            {
                                "type": "text",
                                "text": "HAPPY BIRTHDAY "
                            },
                            {
                                "type": "user",
                                "user_id": "U04LH7FMHGD"
                            },
                            {
                                "type": "text",
                                "text": "!!!!!!!!! "
                            },
                            {
                                "type": "emoji",
                                "name": "clinking_glasses",
                                "unicode": "1f942"
                            }
                        ]
                    }
                ]
            }
        ],
        "team": "T04LDH2CNBY",
        "user_team": "T04LDH2CNBY",
        "source_team": "T04LDH2CNBY",
        "user_profile": {
            "avatar_hash": "212b82b4d92e",
            "image_72": "https:\/\/avatars.slack-edge.com\/2023-01-25\/4700546482018_212b82b4d92ed2471a10_72.jpg",
            "first_name": "Caroline",
            "real_name": "Caroline Lee",
            "display_name": "Caroline Lee",
            "team": "T04LDH2CNBY",
            "name": "caroline",
            "is_restricted": false,
            "is_ultra_restricted": false
        },
        "reactions": [
            {
                "name": "heart",
                "users": [
                    "U04LH7FMHGD"
                ],
                "count": 1
            }
        ]
    },
    {
        "client_msg_id": "d759f0ad-cb21-4126-baa0-6f6ea33d7050",
        "type": "message",
        "text": "Thank you everyone! :heart:",
        "user": "U04LH7FMHGD",
        "ts": "1697228214.670809",
        "blocks": [
            {
                "type": "rich_text",
                "block_id": "xOLO\/",
                "elements": [
                    {
                        "type": "rich_text_section",
                        "elements": [
                            {
                                "type": "text",
                                "text": "Thank you everyone! "
                            },
                            {
                                "type": "emoji",
                                "name": "heart",
                                "unicode": "2764-fe0f"
                            }
                        ]
                    }
                ]
            }
        ],
        "team": "T04LDH2CNBY",
        "user_team": "T04LDH2CNBY",
        "source_team": "T04LDH2CNBY",
        "user_profile": {
            "avatar_hash": "g265bf305f0f",
            "image_72": "https:\/\/secure.gravatar.com\/avatar\/265bf305f0fb80067245ba0e6117995c.jpg?s=72&d=https%3A%2F%2Fa.slack-edge.com%2Fdf10d%2Fimg%2Favatars%2Fava_0019-72.png",
            "first_name": "Baoze",
            "real_name": "Baoze Zhang",
            "display_name": "Baoze Zhang",
            "team": "T04LDH2CNBY",
            "name": "baoze",
            "is_restricted": false,
            "is_ultra_restricted": false
        },
        "reactions": [
            {
                "name": "heart",
                "users": [
                    "U04LNKU8YF6"
                ],
                "count": 1
            }
        ]
    },
    {
        "client_msg_id": "e3211048-7586-4203-aa36-b41819409641",
        "type": "message",
        "text": "Happy Friday everyone! I'll see y'all on Monday : D",
        "user": "U060AJCUJCR",
        "ts": "1697237182.233149",
        "blocks": [
            {
                "type": "rich_text",
                "block_id": "k5BoY",
                "elements": [
                    {
                        "type": "rich_text_section",
                        "elements": [
                            {
                                "type": "text",
                                "text": "Happy Friday everyone! I'll see y'all on Monday : D"
                            }
                        ]
                    }
                ]
            }
        ],
        "team": "T04LDH2CNBY",
        "user_team": "T04LDH2CNBY",
        "source_team": "T04LDH2CNBY",
        "user_profile": {
            "avatar_hash": "035916c0adf9",
            "image_72": "https:\/\/avatars.slack-edge.com\/2023-10-06\/6002431104325_035916c0adf9aefe2e29_72.png",
            "first_name": "Cecilia",
            "real_name": "Cecilia Lin",
            "display_name": "Cecilia Lin",
            "team": "T04LDH2CNBY",
            "name": "cecilia",
            "is_restricted": false,
            "is_ultra_restricted": false
        },
        "reactions": [
            {
                "name": "heart",
                "users": [
                    "U04LL2M6F99",
                    "U04LL2BJ5GB",
                    "U04LNKU8YF6"
                ],
                "count": 3
            }
        ]
    },
    {
        "client_msg_id": "62f70e7c-f10f-467c-8f4e-f5794af1e8a2",
        "type": "message",
        "text": "thank you! u too!",
        "user": "U04LYRG90QZ",
        "ts": "1697240284.172019",
        "blocks": [
            {
                "type": "rich_text",
                "block_id": "EXsEt",
                "elements": [
                    {
                        "type": "rich_text_section",
                        "elements": [
                            {
                                "type": "text",
                                "text": "thank you! u too!"
                            }
                        ]
                    }
                ]
            }
        ],
        "team": "T04LDH2CNBY",
        "user_team": "T04LDH2CNBY",
        "source_team": "T04LDH2CNBY",
        "user_profile": {
            "avatar_hash": "18034abdbce3",
            "image_72": "https:\/\/avatars.slack-edge.com\/2023-01-26\/4700726977909_18034abdbce385064283_72.jpg",
            "first_name": "Virginia",
            "real_name": "Virginia",
            "display_name": "Virginia",
            "team": "T04LDH2CNBY",
            "name": "virginia",
            "is_restricted": false,
            "is_ultra_restricted": false
        }
    },
    {
        "client_msg_id": "ca64f836-3290-440e-b926-5df457c25c48",
        "type": "message",
        "text": "team, i'm leaving now... be back on Tuesday!",
        "user": "U04LYRG90QZ",
        "ts": "1697240293.562569",
        "blocks": [
            {
                "type": "rich_text",
                "block_id": "a0V3R",
                "elements": [
                    {
                        "type": "rich_text_section",
                        "elements": [
                            {
                                "type": "text",
                                "text": "team, i'm leaving now... be back on Tuesday!"
                            }
                        ]
                    }
                ]
            }
        ],
        "team": "T04LDH2CNBY",
        "user_team": "T04LDH2CNBY",
        "source_team": "T04LDH2CNBY",
        "user_profile": {
            "avatar_hash": "18034abdbce3",
            "image_72": "https:\/\/avatars.slack-edge.com\/2023-01-26\/4700726977909_18034abdbce385064283_72.jpg",
            "first_name": "Virginia",
            "real_name": "Virginia",
            "display_name": "Virginia",
            "team": "T04LDH2CNBY",
            "name": "virginia",
            "is_restricted": false,
            "is_ultra_restricted": false
        },
        "reactions": [
            {
                "name": "heart",
                "users": [
                    "U04LL2M6F99",
                    "U04LL2BJ5GB"
                ],
                "count": 2
            }
        ]
    },
    {
        "client_msg_id": "1229FDA8-8475-4D59-856D-74FAC352273D",
        "type": "message",
        "text": "Out ",
        "user": "U04LL2BJ5GB",
        "ts": "1697244941.368709",
        "blocks": [
            {
                "type": "rich_text",
                "block_id": "\/poCY",
                "elements": [
                    {
                        "type": "rich_text_section",
                        "elements": [
                            {
                                "type": "text",
                                "text": "Out "
                            }
                        ]
                    }
                ]
            }
        ],
        "team": "T04LDH2CNBY",
        "user_team": "T04LDH2CNBY",
        "source_team": "T04LDH2CNBY",
        "user_profile": {
            "avatar_hash": "a0aaab73c433",
            "image_72": "https:\/\/avatars.slack-edge.com\/2023-06-02\/5369485068164_a0aaab73c43394143d32_72.png",
            "first_name": "Nestor",
            "real_name": "Nestor Guzman",
            "display_name": "Nestor Guzman",
            "team": "T04LDH2CNBY",
            "name": "nestor",
            "is_restricted": false,
            "is_ultra_restricted": false
        },
        "thread_ts": "1697216613.832199",
        "parent_user_id": "U04LL2BJ5GB"
    }
]