[
    {
        "client_msg_id": "9157fa97-5eae-471f-aa1a-e1f8e6880894",
        "type": "message",
        "text": "Good morning!!",
        "user": "U0583NMRYNL",
        "ts": "1687439855.169319",
        "blocks": [
            {
                "type": "rich_text",
                "block_id": "fbBf",
                "elements": [
                    {
                        "type": "rich_text_section",
                        "elements": [
                            {
                                "type": "text",
                                "text": "Good morning!!"
                            }
                        ]
                    }
                ]
            }
        ],
        "team": "T04LDH2CNBY",
        "user_team": "T04LDH2CNBY",
        "source_team": "T04LDH2CNBY",
        "user_profile": {
            "avatar_hash": "5e6f62d55b08",
            "image_72": "https:\/\/avatars.slack-edge.com\/2023-06-16\/5432096346342_5e6f62d55b081b9b60e7_72.jpg",
            "first_name": "Hanna",
            "real_name": "Hanna Jacobson",
            "display_name": "Hanna Jacobson",
            "team": "T04LDH2CNBY",
            "name": "hanna",
            "is_restricted": false,
            "is_ultra_restricted": false
        }
    },
    {
        "client_msg_id": "29FDE426-D448-46CC-BB06-1A3D0D9E2459",
        "type": "message",
        "text": "Morning",
        "user": "U04LL2M6F99",
        "ts": "1687441674.139289",
        "blocks": [
            {
                "type": "rich_text",
                "block_id": "Wj4kT",
                "elements": [
                    {
                        "type": "rich_text_section",
                        "elements": [
                            {
                                "type": "text",
                                "text": "Morning"
                            }
                        ]
                    }
                ]
            }
        ],
        "team": "T04LDH2CNBY",
        "user_team": "T04LDH2CNBY",
        "source_team": "T04LDH2CNBY",
        "user_profile": {
            "avatar_hash": "075a5725a539",
            "image_72": "https:\/\/avatars.slack-edge.com\/2023-02-16\/4793680204375_075a5725a53946ba72a8_72.png",
            "first_name": "Kristine",
            "real_name": "Kristine Noel",
            "display_name": "Kristine Noel",
            "team": "T04LDH2CNBY",
            "name": "kristine",
            "is_restricted": false,
            "is_ultra_restricted": false
        }
    },
    {
        "client_msg_id": "3a8fafbc-5caf-4414-a5d4-ff56466b9a8f",
        "type": "message",
        "text": "morning!!",
        "user": "U04LYRG90QZ",
        "ts": "1687442361.387179",
        "blocks": [
            {
                "type": "rich_text",
                "block_id": "qPJz",
                "elements": [
                    {
                        "type": "rich_text_section",
                        "elements": [
                            {
                                "type": "text",
                                "text": "morning!!"
                            }
                        ]
                    }
                ]
            }
        ],
        "team": "T04LDH2CNBY",
        "user_team": "T04LDH2CNBY",
        "source_team": "T04LDH2CNBY",
        "user_profile": {
            "avatar_hash": "18034abdbce3",
            "image_72": "https:\/\/avatars.slack-edge.com\/2023-01-26\/4700726977909_18034abdbce385064283_72.jpg",
            "first_name": "Virginia",
            "real_name": "Virginia",
            "display_name": "Virginia",
            "team": "T04LDH2CNBY",
            "name": "virginia",
            "is_restricted": false,
            "is_ultra_restricted": false
        }
    },
    {
        "client_msg_id": "a58bd3ac-0080-4a0f-9a35-32d4520393a4",
        "type": "message",
        "text": "in",
        "user": "U04LNK3DU84",
        "ts": "1687446234.098549",
        "blocks": [
            {
                "type": "rich_text",
                "block_id": "M\/p",
                "elements": [
                    {
                        "type": "rich_text_section",
                        "elements": [
                            {
                                "type": "text",
                                "text": "in"
                            }
                        ]
                    }
                ]
            }
        ],
        "team": "T04LDH2CNBY",
        "user_team": "T04LDH2CNBY",
        "source_team": "T04LDH2CNBY",
        "user_profile": {
            "avatar_hash": "2ecdfc20bb56",
            "image_72": "https:\/\/avatars.slack-edge.com\/2023-01-25\/4702661419268_2ecdfc20bb56f2adcfd3_72.jpg",
            "first_name": "Eduardo",
            "real_name": "Eduardo Puyol-Martinez",
            "display_name": "Eduardo",
            "team": "T04LDH2CNBY",
            "name": "eduardo",
            "is_restricted": false,
            "is_ultra_restricted": false
        }
    },
    {
        "client_msg_id": "b0224bfc-6cdc-4689-a74d-f541bca88e43",
        "type": "message",
        "text": "Why are you here so early?",
        "user": "U04LYRG90QZ",
        "ts": "1687446797.175049",
        "blocks": [
            {
                "type": "rich_text",
                "block_id": "GtOf",
                "elements": [
                    {
                        "type": "rich_text_section",
                        "elements": [
                            {
                                "type": "text",
                                "text": "Why are you here so early?"
                            }
                        ]
                    }
                ]
            }
        ],
        "team": "T04LDH2CNBY",
        "user_team": "T04LDH2CNBY",
        "source_team": "T04LDH2CNBY",
        "user_profile": {
            "avatar_hash": "18034abdbce3",
            "image_72": "https:\/\/avatars.slack-edge.com\/2023-01-26\/4700726977909_18034abdbce385064283_72.jpg",
            "first_name": "Virginia",
            "real_name": "Virginia",
            "display_name": "Virginia",
            "team": "T04LDH2CNBY",
            "name": "virginia",
            "is_restricted": false,
            "is_ultra_restricted": false
        }
    },
    {
        "client_msg_id": "91ceec76-afde-46f1-bf87-104cdffcb13a",
        "type": "message",
        "text": "need to send a few pending documents to customers, and to re-send the quote to Jordan Sticklin...I have an appointment at 9am also, will be away from my desk",
        "user": "U04LNK3DU84",
        "ts": "1687446837.479559",
        "blocks": [
            {
                "type": "rich_text",
                "block_id": "yHnbm",
                "elements": [
                    {
                        "type": "rich_text_section",
                        "elements": [
                            {
                                "type": "text",
                                "text": "need to send a few pending documents to customers, and to re-send the quote to Jordan Sticklin...I have an appointment at 9am also, will be away from my desk"
                            }
                        ]
                    }
                ]
            }
        ],
        "team": "T04LDH2CNBY",
        "user_team": "T04LDH2CNBY",
        "source_team": "T04LDH2CNBY",
        "user_profile": {
            "avatar_hash": "2ecdfc20bb56",
            "image_72": "https:\/\/avatars.slack-edge.com\/2023-01-25\/4702661419268_2ecdfc20bb56f2adcfd3_72.jpg",
            "first_name": "Eduardo",
            "real_name": "Eduardo Puyol-Martinez",
            "display_name": "Eduardo",
            "team": "T04LDH2CNBY",
            "name": "eduardo",
            "is_restricted": false,
            "is_ultra_restricted": false
        },
        "reactions": [
            {
                "name": "white_check_mark",
                "users": [
                    "U04LYRG90QZ"
                ],
                "count": 1
            }
        ]
    },
    {
        "client_msg_id": "a3850ec0-3253-40cd-83f4-551d94243a28",
        "type": "message",
        "text": "oki oki , just to know...",
        "user": "U04LYRG90QZ",
        "ts": "1687447290.389909",
        "blocks": [
            {
                "type": "rich_text",
                "block_id": "Oxq",
                "elements": [
                    {
                        "type": "rich_text_section",
                        "elements": [
                            {
                                "type": "text",
                                "text": "oki oki , just to know..."
                            }
                        ]
                    }
                ]
            }
        ],
        "team": "T04LDH2CNBY",
        "user_team": "T04LDH2CNBY",
        "source_team": "T04LDH2CNBY",
        "user_profile": {
            "avatar_hash": "18034abdbce3",
            "image_72": "https:\/\/avatars.slack-edge.com\/2023-01-26\/4700726977909_18034abdbce385064283_72.jpg",
            "first_name": "Virginia",
            "real_name": "Virginia",
            "display_name": "Virginia",
            "team": "T04LDH2CNBY",
            "name": "virginia",
            "is_restricted": false,
            "is_ultra_restricted": false
        }
    },
    {
        "client_msg_id": "ccb32fbb-a70f-499b-ac37-aa9d0af31ef2",
        "type": "message",
        "text": "quick lunch team, BRB very soon",
        "user": "U04LYRG90QZ",
        "ts": "1687447297.614589",
        "blocks": [
            {
                "type": "rich_text",
                "block_id": "gPT",
                "elements": [
                    {
                        "type": "rich_text_section",
                        "elements": [
                            {
                                "type": "text",
                                "text": "quick lunch team, BRB very soon"
                            }
                        ]
                    }
                ]
            }
        ],
        "team": "T04LDH2CNBY",
        "user_team": "T04LDH2CNBY",
        "source_team": "T04LDH2CNBY",
        "user_profile": {
            "avatar_hash": "18034abdbce3",
            "image_72": "https:\/\/avatars.slack-edge.com\/2023-01-26\/4700726977909_18034abdbce385064283_72.jpg",
            "first_name": "Virginia",
            "real_name": "Virginia",
            "display_name": "Virginia",
            "team": "T04LDH2CNBY",
            "name": "virginia",
            "is_restricted": false,
            "is_ultra_restricted": false
        }
    },
    {
        "client_msg_id": "b44448b6-36a2-43a2-b2d1-9730e8096257",
        "type": "message",
        "text": "Morning!",
        "user": "U0576JVJF1Q",
        "ts": "1687447615.331699",
        "blocks": [
            {
                "type": "rich_text",
                "block_id": "BR4",
                "elements": [
                    {
                        "type": "rich_text_section",
                        "elements": [
                            {
                                "type": "text",
                                "text": "Morning!"
                            }
                        ]
                    }
                ]
            }
        ],
        "team": "T04LDH2CNBY",
        "user_team": "T04LDH2CNBY",
        "source_team": "T04LDH2CNBY",
        "user_profile": {
            "avatar_hash": "g12be1dbd2bd",
            "image_72": "https:\/\/secure.gravatar.com\/avatar\/12be1dbd2bd270e15f2abc83ff193814.jpg?s=72&d=https%3A%2F%2Fa.slack-edge.com%2Fdf10d%2Fimg%2Favatars%2Fava_0010-72.png",
            "first_name": "Kai",
            "real_name": "Kai",
            "display_name": "Kai",
            "team": "T04LDH2CNBY",
            "name": "kai",
            "is_restricted": false,
            "is_ultra_restricted": false
        }
    },
    {
        "client_msg_id": "82ba47e4-a370-4366-9c8c-ee591098e3d4",
        "type": "message",
        "text": "back",
        "user": "U04LYRG90QZ",
        "ts": "1687448405.298859",
        "blocks": [
            {
                "type": "rich_text",
                "block_id": "ZS+",
                "elements": [
                    {
                        "type": "rich_text_section",
                        "elements": [
                            {
                                "type": "text",
                                "text": "back"
                            }
                        ]
                    }
                ]
            }
        ],
        "team": "T04LDH2CNBY",
        "user_team": "T04LDH2CNBY",
        "source_team": "T04LDH2CNBY",
        "user_profile": {
            "avatar_hash": "18034abdbce3",
            "image_72": "https:\/\/avatars.slack-edge.com\/2023-01-26\/4700726977909_18034abdbce385064283_72.jpg",
            "first_name": "Virginia",
            "real_name": "Virginia",
            "display_name": "Virginia",
            "team": "T04LDH2CNBY",
            "name": "virginia",
            "is_restricted": false,
            "is_ultra_restricted": false
        }
    },
    {
        "client_msg_id": "E575678A-9282-4A80-97AC-A9ADF7A7F9EC",
        "type": "message",
        "text": "In ",
        "user": "U04LL2BJ5GB",
        "ts": "1687452909.086599",
        "blocks": [
            {
                "type": "rich_text",
                "block_id": "5tc",
                "elements": [
                    {
                        "type": "rich_text_section",
                        "elements": [
                            {
                                "type": "text",
                                "text": "In "
                            }
                        ]
                    }
                ]
            }
        ],
        "team": "T04LDH2CNBY",
        "user_team": "T04LDH2CNBY",
        "source_team": "T04LDH2CNBY",
        "user_profile": {
            "avatar_hash": "a0aaab73c433",
            "image_72": "https:\/\/avatars.slack-edge.com\/2023-06-02\/5369485068164_a0aaab73c43394143d32_72.png",
            "first_name": "Nestor",
            "real_name": "Nestor Guzman",
            "display_name": "Nestor Guzman",
            "team": "T04LDH2CNBY",
            "name": "nestor",
            "is_restricted": false,
            "is_ultra_restricted": false
        },
        "thread_ts": "1687452909.086599",
        "reply_count": 1,
        "reply_users_count": 1,
        "latest_reply": "1687479957.933029",
        "reply_users": [
            "U04LL2BJ5GB"
        ],
        "replies": [
            {
                "user": "U04LL2BJ5GB",
                "ts": "1687479957.933029"
            }
        ],
        "is_locked": false,
        "subscribed": false
    },
    {
        "client_msg_id": "7d7edc7d-f78d-4265-ad5b-88ef81d1db91",
        "type": "message",
        "text": "BRB",
        "user": "U04LYRG90QZ",
        "ts": "1687463307.196199",
        "blocks": [
            {
                "type": "rich_text",
                "block_id": "+TkQ7",
                "elements": [
                    {
                        "type": "rich_text_section",
                        "elements": [
                            {
                                "type": "text",
                                "text": "BRB"
                            }
                        ]
                    }
                ]
            }
        ],
        "team": "T04LDH2CNBY",
        "user_team": "T04LDH2CNBY",
        "source_team": "T04LDH2CNBY",
        "user_profile": {
            "avatar_hash": "18034abdbce3",
            "image_72": "https:\/\/avatars.slack-edge.com\/2023-01-26\/4700726977909_18034abdbce385064283_72.jpg",
            "first_name": "Virginia",
            "real_name": "Virginia",
            "display_name": "Virginia",
            "team": "T04LDH2CNBY",
            "name": "virginia",
            "is_restricted": false,
            "is_ultra_restricted": false
        }
    },
    {
        "client_msg_id": "3065488d-9a6b-4c7e-b0c1-c5e47de49bbb",
        "type": "message",
        "text": "back",
        "user": "U04LYRG90QZ",
        "ts": "1687464331.217999",
        "blocks": [
            {
                "type": "rich_text",
                "block_id": "UZQV7",
                "elements": [
                    {
                        "type": "rich_text_section",
                        "elements": [
                            {
                                "type": "text",
                                "text": "back"
                            }
                        ]
                    }
                ]
            }
        ],
        "team": "T04LDH2CNBY",
        "user_team": "T04LDH2CNBY",
        "source_team": "T04LDH2CNBY",
        "user_profile": {
            "avatar_hash": "18034abdbce3",
            "image_72": "https:\/\/avatars.slack-edge.com\/2023-01-26\/4700726977909_18034abdbce385064283_72.jpg",
            "first_name": "Virginia",
            "real_name": "Virginia",
            "display_name": "Virginia",
            "team": "T04LDH2CNBY",
            "name": "virginia",
            "is_restricted": false,
            "is_ultra_restricted": false
        }
    },
    {
        "client_msg_id": "65b01ea2-6834-456a-b153-6efb24ce154d",
        "type": "message",
        "text": "BRB team..",
        "user": "U04LYRG90QZ",
        "ts": "1687468887.063779",
        "blocks": [
            {
                "type": "rich_text",
                "block_id": "Fucx",
                "elements": [
                    {
                        "type": "rich_text_section",
                        "elements": [
                            {
                                "type": "text",
                                "text": "BRB team.."
                            }
                        ]
                    }
                ]
            }
        ],
        "team": "T04LDH2CNBY",
        "user_team": "T04LDH2CNBY",
        "source_team": "T04LDH2CNBY",
        "user_profile": {
            "avatar_hash": "18034abdbce3",
            "image_72": "https:\/\/avatars.slack-edge.com\/2023-01-26\/4700726977909_18034abdbce385064283_72.jpg",
            "first_name": "Virginia",
            "real_name": "Virginia",
            "display_name": "Virginia",
            "team": "T04LDH2CNBY",
            "name": "virginia",
            "is_restricted": false,
            "is_ultra_restricted": false
        }
    },
    {
        "client_msg_id": "2802c160-d74a-4dfd-9339-ac5c12e873bd",
        "type": "message",
        "text": "back",
        "user": "U04LYRG90QZ",
        "ts": "1687470943.894199",
        "blocks": [
            {
                "type": "rich_text",
                "block_id": "AgwF",
                "elements": [
                    {
                        "type": "rich_text_section",
                        "elements": [
                            {
                                "type": "text",
                                "text": "back"
                            }
                        ]
                    }
                ]
            }
        ],
        "team": "T04LDH2CNBY",
        "user_team": "T04LDH2CNBY",
        "source_team": "T04LDH2CNBY",
        "user_profile": {
            "avatar_hash": "18034abdbce3",
            "image_72": "https:\/\/avatars.slack-edge.com\/2023-01-26\/4700726977909_18034abdbce385064283_72.jpg",
            "first_name": "Virginia",
            "real_name": "Virginia",
            "display_name": "Virginia",
            "team": "T04LDH2CNBY",
            "name": "virginia",
            "is_restricted": false,
            "is_ultra_restricted": false
        }
    },
    {
        "client_msg_id": "51c894de-8671-43a9-9d89-4374560284d7",
        "type": "message",
        "text": "I'm leaving... byeee",
        "user": "U04LYRG90QZ",
        "ts": "1687478582.140469",
        "blocks": [
            {
                "type": "rich_text",
                "block_id": "GJy",
                "elements": [
                    {
                        "type": "rich_text_section",
                        "elements": [
                            {
                                "type": "text",
                                "text": "I'm leaving... byeee"
                            }
                        ]
                    }
                ]
            }
        ],
        "team": "T04LDH2CNBY",
        "user_team": "T04LDH2CNBY",
        "source_team": "T04LDH2CNBY",
        "user_profile": {
            "avatar_hash": "18034abdbce3",
            "image_72": "https:\/\/avatars.slack-edge.com\/2023-01-26\/4700726977909_18034abdbce385064283_72.jpg",
            "first_name": "Virginia",
            "real_name": "Virginia",
            "display_name": "Virginia",
            "team": "T04LDH2CNBY",
            "name": "virginia",
            "is_restricted": false,
            "is_ultra_restricted": false
        }
    },
    {
        "client_msg_id": "96ec4594-5b8e-4802-ba22-8102f511765c",
        "type": "message",
        "text": "OUT",
        "user": "U04LL2BJ5GB",
        "ts": "1687479957.933029",
        "blocks": [
            {
                "type": "rich_text",
                "block_id": "VT+XL",
                "elements": [
                    {
                        "type": "rich_text_section",
                        "elements": [
                            {
                                "type": "text",
                                "text": "OUT"
                            }
                        ]
                    }
                ]
            }
        ],
        "team": "T04LDH2CNBY",
        "user_team": "T04LDH2CNBY",
        "source_team": "T04LDH2CNBY",
        "user_profile": {
            "avatar_hash": "a0aaab73c433",
            "image_72": "https:\/\/avatars.slack-edge.com\/2023-06-02\/5369485068164_a0aaab73c43394143d32_72.png",
            "first_name": "Nestor",
            "real_name": "Nestor Guzman",
            "display_name": "Nestor Guzman",
            "team": "T04LDH2CNBY",
            "name": "nestor",
            "is_restricted": false,
            "is_ultra_restricted": false
        },
        "thread_ts": "1687452909.086599",
        "parent_user_id": "U04LL2BJ5GB"
    }
]