[
    {
        "client_msg_id": "39E97F9B-761A-4E10-9DC7-F79C5D3397DE",
        "type": "message",
        "text": "Good Morning!",
        "user": "U04LL2M6F99",
        "ts": "1676300206.560099",
        "blocks": [
            {
                "type": "rich_text",
                "block_id": "IaMCG",
                "elements": [
                    {
                        "type": "rich_text_section",
                        "elements": [
                            {
                                "type": "text",
                                "text": "Good Morning!"
                            }
                        ]
                    }
                ]
            }
        ],
        "team": "T04LDH2CNBY",
        "user_team": "T04LDH2CNBY",
        "source_team": "T04LDH2CNBY",
        "user_profile": {
            "avatar_hash": "075a5725a539",
            "image_72": "https:\/\/avatars.slack-edge.com\/2023-02-16\/4793680204375_075a5725a53946ba72a8_72.png",
            "first_name": "Kristine",
            "real_name": "Kristine Noel",
            "display_name": "Kristine Noel",
            "team": "T04LDH2CNBY",
            "name": "kristine",
            "is_restricted": false,
            "is_ultra_restricted": false
        }
    },
    {
        "client_msg_id": "9EB51363-9D4C-43A0-A05C-135A277C721A",
        "type": "message",
        "text": "Happy Birthday to <@U04LDKWRDB8> ",
        "user": "U04LL2M6F99",
        "ts": "1676300218.215339",
        "blocks": [
            {
                "type": "rich_text",
                "block_id": "MQ=kU",
                "elements": [
                    {
                        "type": "rich_text_section",
                        "elements": [
                            {
                                "type": "text",
                                "text": "Happy Birthday to "
                            },
                            {
                                "type": "user",
                                "user_id": "U04LDKWRDB8"
                            },
                            {
                                "type": "text",
                                "text": " "
                            }
                        ]
                    }
                ]
            }
        ],
        "team": "T04LDH2CNBY",
        "user_team": "T04LDH2CNBY",
        "source_team": "T04LDH2CNBY",
        "user_profile": {
            "avatar_hash": "075a5725a539",
            "image_72": "https:\/\/avatars.slack-edge.com\/2023-02-16\/4793680204375_075a5725a53946ba72a8_72.png",
            "first_name": "Kristine",
            "real_name": "Kristine Noel",
            "display_name": "Kristine Noel",
            "team": "T04LDH2CNBY",
            "name": "kristine",
            "is_restricted": false,
            "is_ultra_restricted": false
        }
    },
    {
        "client_msg_id": "a36851f0-f0c0-4700-a782-ae8e9105a056",
        "type": "message",
        "text": "Morning team!!!!!",
        "user": "U04LYRG90QZ",
        "ts": "1676300336.134079",
        "blocks": [
            {
                "type": "rich_text",
                "block_id": "M8ZWW",
                "elements": [
                    {
                        "type": "rich_text_section",
                        "elements": [
                            {
                                "type": "text",
                                "text": "Morning team!!!!!"
                            }
                        ]
                    }
                ]
            }
        ],
        "team": "T04LDH2CNBY",
        "user_team": "T04LDH2CNBY",
        "source_team": "T04LDH2CNBY",
        "user_profile": {
            "avatar_hash": "18034abdbce3",
            "image_72": "https:\/\/avatars.slack-edge.com\/2023-01-26\/4700726977909_18034abdbce385064283_72.jpg",
            "first_name": "Virginia",
            "real_name": "Virginia",
            "display_name": "Virginia",
            "team": "T04LDH2CNBY",
            "name": "virginia",
            "is_restricted": false,
            "is_ultra_restricted": false
        }
    },
    {
        "client_msg_id": "110963d8-0a8e-426d-bae7-284aabd08e03",
        "type": "message",
        "text": "OHhhh, I didn't know... Happy b-day Kelly!!!!! :slightly_smiling_face::birthday::heart:",
        "user": "U04LYRG90QZ",
        "ts": "1676300373.177489",
        "blocks": [
            {
                "type": "rich_text",
                "block_id": "EzZX",
                "elements": [
                    {
                        "type": "rich_text_section",
                        "elements": [
                            {
                                "type": "text",
                                "text": "OHhhh, I didn't know... Happy b-day Kelly!!!!! "
                            },
                            {
                                "type": "emoji",
                                "name": "slightly_smiling_face",
                                "unicode": "1f642"
                            },
                            {
                                "type": "emoji",
                                "name": "birthday",
                                "unicode": "1f382"
                            },
                            {
                                "type": "emoji",
                                "name": "heart",
                                "unicode": "2764-fe0f"
                            }
                        ]
                    }
                ]
            }
        ],
        "team": "T04LDH2CNBY",
        "user_team": "T04LDH2CNBY",
        "source_team": "T04LDH2CNBY",
        "user_profile": {
            "avatar_hash": "18034abdbce3",
            "image_72": "https:\/\/avatars.slack-edge.com\/2023-01-26\/4700726977909_18034abdbce385064283_72.jpg",
            "first_name": "Virginia",
            "real_name": "Virginia",
            "display_name": "Virginia",
            "team": "T04LDH2CNBY",
            "name": "virginia",
            "is_restricted": false,
            "is_ultra_restricted": false
        }
    },
    {
        "client_msg_id": "969b73d2-ebc8-45fc-b914-9067d1a6db1c",
        "type": "message",
        "text": "HAPPY BIRTHDAY <@U04LDKWRDB8>!!!!!!!!!!!!!!!!!!!!!!!!!!!!!!!!!!!! :tada::birthday::ribbon::partying_face:",
        "user": "U04LNKU8YF6",
        "ts": "1676300665.529629",
        "blocks": [
            {
                "type": "rich_text",
                "block_id": "38fj",
                "elements": [
                    {
                        "type": "rich_text_section",
                        "elements": [
                            {
                                "type": "text",
                                "text": "HAPPY BIRTHDAY "
                            },
                            {
                                "type": "user",
                                "user_id": "U04LDKWRDB8"
                            },
                            {
                                "type": "text",
                                "text": "!!!!!!!!!!!!!!!!!!!!!!!!!!!!!!!!!!!! "
                            },
                            {
                                "type": "emoji",
                                "name": "tada",
                                "unicode": "1f389"
                            },
                            {
                                "type": "emoji",
                                "name": "birthday",
                                "unicode": "1f382"
                            },
                            {
                                "type": "emoji",
                                "name": "ribbon",
                                "unicode": "1f380"
                            },
                            {
                                "type": "emoji",
                                "name": "partying_face",
                                "unicode": "1f973"
                            }
                        ]
                    }
                ]
            }
        ],
        "team": "T04LDH2CNBY",
        "user_team": "T04LDH2CNBY",
        "source_team": "T04LDH2CNBY",
        "user_profile": {
            "avatar_hash": "212b82b4d92e",
            "image_72": "https:\/\/avatars.slack-edge.com\/2023-01-25\/4700546482018_212b82b4d92ed2471a10_72.jpg",
            "first_name": "Caroline",
            "real_name": "Caroline Lee",
            "display_name": "Caroline Lee",
            "team": "T04LDH2CNBY",
            "name": "caroline",
            "is_restricted": false,
            "is_ultra_restricted": false
        }
    },
    {
        "client_msg_id": "7c21ca47-af44-4b81-bc91-36cd1e873c05",
        "type": "message",
        "text": "in....feliz cumpleaños <@U04LDKWRDB8>",
        "user": "U04LNK3DU84",
        "ts": "1676303254.040219",
        "blocks": [
            {
                "type": "rich_text",
                "block_id": "\/zI",
                "elements": [
                    {
                        "type": "rich_text_section",
                        "elements": [
                            {
                                "type": "text",
                                "text": "in....feliz cumpleaños "
                            },
                            {
                                "type": "user",
                                "user_id": "U04LDKWRDB8"
                            }
                        ]
                    }
                ]
            }
        ],
        "team": "T04LDH2CNBY",
        "user_team": "T04LDH2CNBY",
        "source_team": "T04LDH2CNBY",
        "user_profile": {
            "avatar_hash": "2ecdfc20bb56",
            "image_72": "https:\/\/avatars.slack-edge.com\/2023-01-25\/4702661419268_2ecdfc20bb56f2adcfd3_72.jpg",
            "first_name": "Eduardo",
            "real_name": "Eduardo Puyol-Martinez",
            "display_name": "Eduardo",
            "team": "T04LDH2CNBY",
            "name": "eduardo",
            "is_restricted": false,
            "is_ultra_restricted": false
        }
    },
    {
        "client_msg_id": "2ba82eb3-6114-4d41-bcd8-5e74f017f2a7",
        "type": "message",
        "text": "I'm in. Thank you everybody for the bday wishes",
        "user": "U04LDKWRDB8",
        "ts": "1676307753.173229",
        "blocks": [
            {
                "type": "rich_text",
                "block_id": "Lle",
                "elements": [
                    {
                        "type": "rich_text_section",
                        "elements": [
                            {
                                "type": "text",
                                "text": "I'm in. Thank you everybody for the bday wishes"
                            }
                        ]
                    }
                ]
            }
        ],
        "team": "T04LDH2CNBY",
        "user_team": "T04LDH2CNBY",
        "source_team": "T04LDH2CNBY",
        "user_profile": {
            "avatar_hash": "a437520525b3",
            "image_72": "https:\/\/avatars.slack-edge.com\/2023-01-31\/4728630296242_a437520525b309207ab3_72.png",
            "first_name": "Kelly",
            "real_name": "Kelly Moody",
            "display_name": "Kelly Moody",
            "team": "T04LDH2CNBY",
            "name": "kelly",
            "is_restricted": false,
            "is_ultra_restricted": false
        },
        "thread_ts": "1676307753.173229",
        "reply_count": 1,
        "reply_users_count": 1,
        "latest_reply": "1676311454.000269",
        "reply_users": [
            "U04LL2BJ5GB"
        ],
        "replies": [
            {
                "user": "U04LL2BJ5GB",
                "ts": "1676311454.000269"
            }
        ],
        "is_locked": false,
        "subscribed": false,
        "reactions": [
            {
                "name": "smiling_face_with_3_hearts",
                "users": [
                    "U04LYRG90QZ",
                    "U04LNKU8YF6"
                ],
                "count": 2
            },
            {
                "name": "heart",
                "users": [
                    "U04LL2M6F99",
                    "U04LH7FMHGD",
                    "U04LNKU8YF6"
                ],
                "count": 3
            },
            {
                "name": "birthday",
                "users": [
                    "U04LNK3DU84",
                    "U04LNKU8YF6"
                ],
                "count": 2
            }
        ]
    },
    {
        "client_msg_id": "26D8CA56-A27D-4328-9899-180C2712AE75",
        "type": "message",
        "text": "In ",
        "user": "U04LL2BJ5GB",
        "ts": "1676311424.007949",
        "blocks": [
            {
                "type": "rich_text",
                "block_id": "owfBe",
                "elements": [
                    {
                        "type": "rich_text_section",
                        "elements": [
                            {
                                "type": "text",
                                "text": "In "
                            }
                        ]
                    }
                ]
            }
        ],
        "team": "T04LDH2CNBY",
        "user_team": "T04LDH2CNBY",
        "source_team": "T04LDH2CNBY",
        "user_profile": {
            "avatar_hash": "a0aaab73c433",
            "image_72": "https:\/\/avatars.slack-edge.com\/2023-06-02\/5369485068164_a0aaab73c43394143d32_72.png",
            "first_name": "Nestor",
            "real_name": "Nestor Guzman",
            "display_name": "Nestor Guzman",
            "team": "T04LDH2CNBY",
            "name": "nestor",
            "is_restricted": false,
            "is_ultra_restricted": false
        },
        "thread_ts": "1676311424.007949",
        "reply_count": 1,
        "reply_users_count": 1,
        "latest_reply": "1676338290.367319",
        "reply_users": [
            "U04LL2BJ5GB"
        ],
        "replies": [
            {
                "user": "U04LL2BJ5GB",
                "ts": "1676338290.367319"
            }
        ],
        "is_locked": false,
        "subscribed": false
    },
    {
        "client_msg_id": "AFCA505C-6AFE-45AA-9CE8-18E26104A88E",
        "type": "message",
        "text": "Happy birthday Kelly! :birthday: :partying_face: ",
        "user": "U04LL2BJ5GB",
        "ts": "1676311454.000269",
        "blocks": [
            {
                "type": "rich_text",
                "block_id": "X9ry",
                "elements": [
                    {
                        "type": "rich_text_section",
                        "elements": [
                            {
                                "type": "text",
                                "text": "Happy birthday Kelly! "
                            },
                            {
                                "type": "emoji",
                                "name": "birthday",
                                "unicode": "1f382"
                            },
                            {
                                "type": "text",
                                "text": " "
                            },
                            {
                                "type": "emoji",
                                "name": "partying_face",
                                "unicode": "1f973"
                            },
                            {
                                "type": "text",
                                "text": " "
                            }
                        ]
                    }
                ]
            }
        ],
        "team": "T04LDH2CNBY",
        "user_team": "T04LDH2CNBY",
        "source_team": "T04LDH2CNBY",
        "user_profile": {
            "avatar_hash": "a0aaab73c433",
            "image_72": "https:\/\/avatars.slack-edge.com\/2023-06-02\/5369485068164_a0aaab73c43394143d32_72.png",
            "first_name": "Nestor",
            "real_name": "Nestor Guzman",
            "display_name": "Nestor Guzman",
            "team": "T04LDH2CNBY",
            "name": "nestor",
            "is_restricted": false,
            "is_ultra_restricted": false
        },
        "thread_ts": "1676307753.173229",
        "parent_user_id": "U04LDKWRDB8",
        "reactions": [
            {
                "name": "heart",
                "users": [
                    "U04LDKWRDB8"
                ],
                "count": 1
            }
        ]
    },
    {
        "client_msg_id": "afeddc14-a9af-47df-9f99-40e0e9be083b",
        "type": "message",
        "text": "lunch break",
        "user": "U04LNK3DU84",
        "ts": "1676320157.012189",
        "blocks": [
            {
                "type": "rich_text",
                "block_id": "4oyK",
                "elements": [
                    {
                        "type": "rich_text_section",
                        "elements": [
                            {
                                "type": "text",
                                "text": "lunch break"
                            }
                        ]
                    }
                ]
            }
        ],
        "team": "T04LDH2CNBY",
        "user_team": "T04LDH2CNBY",
        "source_team": "T04LDH2CNBY",
        "user_profile": {
            "avatar_hash": "2ecdfc20bb56",
            "image_72": "https:\/\/avatars.slack-edge.com\/2023-01-25\/4702661419268_2ecdfc20bb56f2adcfd3_72.jpg",
            "first_name": "Eduardo",
            "real_name": "Eduardo Puyol-Martinez",
            "display_name": "Eduardo",
            "team": "T04LDH2CNBY",
            "name": "eduardo",
            "is_restricted": false,
            "is_ultra_restricted": false
        }
    },
    {
        "client_msg_id": "ec4f10da-171d-4530-8ad4-e9ac7d85b9b9",
        "type": "message",
        "text": "back",
        "user": "U04LNK3DU84",
        "ts": "1676322178.476409",
        "blocks": [
            {
                "type": "rich_text",
                "block_id": "SAa",
                "elements": [
                    {
                        "type": "rich_text_section",
                        "elements": [
                            {
                                "type": "text",
                                "text": "back"
                            }
                        ]
                    }
                ]
            }
        ],
        "team": "T04LDH2CNBY",
        "user_team": "T04LDH2CNBY",
        "source_team": "T04LDH2CNBY",
        "user_profile": {
            "avatar_hash": "2ecdfc20bb56",
            "image_72": "https:\/\/avatars.slack-edge.com\/2023-01-25\/4702661419268_2ecdfc20bb56f2adcfd3_72.jpg",
            "first_name": "Eduardo",
            "real_name": "Eduardo Puyol-Martinez",
            "display_name": "Eduardo",
            "team": "T04LDH2CNBY",
            "name": "eduardo",
            "is_restricted": false,
            "is_ultra_restricted": false
        }
    },
    {
        "client_msg_id": "5befc4ec-2d52-4137-bf07-1010ddaba45c",
        "type": "message",
        "text": "Taking my lunch team",
        "user": "U04LL2M6F99",
        "ts": "1676327053.820119",
        "blocks": [
            {
                "type": "rich_text",
                "block_id": "JONos",
                "elements": [
                    {
                        "type": "rich_text_section",
                        "elements": [
                            {
                                "type": "text",
                                "text": "Taking my lunch team"
                            }
                        ]
                    }
                ]
            }
        ],
        "team": "T04LDH2CNBY",
        "user_team": "T04LDH2CNBY",
        "source_team": "T04LDH2CNBY",
        "user_profile": {
            "avatar_hash": "075a5725a539",
            "image_72": "https:\/\/avatars.slack-edge.com\/2023-02-16\/4793680204375_075a5725a53946ba72a8_72.png",
            "first_name": "Kristine",
            "real_name": "Kristine Noel",
            "display_name": "Kristine Noel",
            "team": "T04LDH2CNBY",
            "name": "kristine",
            "is_restricted": false,
            "is_ultra_restricted": false
        },
        "reactions": [
            {
                "name": "+1::skin-tone-3",
                "users": [
                    "U04LDKWRDB8"
                ],
                "count": 1
            },
            {
                "name": "+1",
                "users": [
                    "U04LYRG90QZ"
                ],
                "count": 1
            }
        ]
    },
    {
        "client_msg_id": "338194B5-082F-4367-9A06-92E1A6E5CD51",
        "type": "message",
        "text": "Back",
        "user": "U04LL2M6F99",
        "ts": "1676331733.385689",
        "blocks": [
            {
                "type": "rich_text",
                "block_id": "gsJ7",
                "elements": [
                    {
                        "type": "rich_text_section",
                        "elements": [
                            {
                                "type": "text",
                                "text": "Back"
                            }
                        ]
                    }
                ]
            }
        ],
        "team": "T04LDH2CNBY",
        "user_team": "T04LDH2CNBY",
        "source_team": "T04LDH2CNBY",
        "user_profile": {
            "avatar_hash": "075a5725a539",
            "image_72": "https:\/\/avatars.slack-edge.com\/2023-02-16\/4793680204375_075a5725a53946ba72a8_72.png",
            "first_name": "Kristine",
            "real_name": "Kristine Noel",
            "display_name": "Kristine Noel",
            "team": "T04LDH2CNBY",
            "name": "kristine",
            "is_restricted": false,
            "is_ultra_restricted": false
        }
    },
    {
        "client_msg_id": "49f0cbb5-2c43-4840-808c-cfd72507ab43",
        "type": "message",
        "text": "Leaving... enjoy your day..",
        "user": "U04LYRG90QZ",
        "ts": "1676333194.000029",
        "blocks": [
            {
                "type": "rich_text",
                "block_id": "bKeZV",
                "elements": [
                    {
                        "type": "rich_text_section",
                        "elements": [
                            {
                                "type": "text",
                                "text": "Leaving... enjoy your day.."
                            }
                        ]
                    }
                ]
            }
        ],
        "team": "T04LDH2CNBY",
        "user_team": "T04LDH2CNBY",
        "source_team": "T04LDH2CNBY",
        "user_profile": {
            "avatar_hash": "18034abdbce3",
            "image_72": "https:\/\/avatars.slack-edge.com\/2023-01-26\/4700726977909_18034abdbce385064283_72.jpg",
            "first_name": "Virginia",
            "real_name": "Virginia",
            "display_name": "Virginia",
            "team": "T04LDH2CNBY",
            "name": "virginia",
            "is_restricted": false,
            "is_ultra_restricted": false
        },
        "reactions": [
            {
                "name": "heart",
                "users": [
                    "U04LL2M6F99"
                ],
                "count": 1
            }
        ]
    },
    {
        "client_msg_id": "5359c217-b83a-49ec-9a6f-a8dae2eda52a",
        "type": "message",
        "text": "Out",
        "user": "U04LL2BJ5GB",
        "ts": "1676338290.367319",
        "blocks": [
            {
                "type": "rich_text",
                "block_id": "D6n",
                "elements": [
                    {
                        "type": "rich_text_section",
                        "elements": [
                            {
                                "type": "text",
                                "text": "Out"
                            }
                        ]
                    }
                ]
            }
        ],
        "team": "T04LDH2CNBY",
        "user_team": "T04LDH2CNBY",
        "source_team": "T04LDH2CNBY",
        "user_profile": {
            "avatar_hash": "a0aaab73c433",
            "image_72": "https:\/\/avatars.slack-edge.com\/2023-06-02\/5369485068164_a0aaab73c43394143d32_72.png",
            "first_name": "Nestor",
            "real_name": "Nestor Guzman",
            "display_name": "Nestor Guzman",
            "team": "T04LDH2CNBY",
            "name": "nestor",
            "is_restricted": false,
            "is_ultra_restricted": false
        },
        "thread_ts": "1676311424.007949",
        "parent_user_id": "U04LL2BJ5GB"
    },
    {
        "client_msg_id": "e69d79f8-04bf-4473-a2bb-65e8ad93a643",
        "type": "message",
        "text": "out",
        "user": "U04LNK3DU84",
        "ts": "1676343200.364739",
        "blocks": [
            {
                "type": "rich_text",
                "block_id": "wL1k9",
                "elements": [
                    {
                        "type": "rich_text_section",
                        "elements": [
                            {
                                "type": "text",
                                "text": "out"
                            }
                        ]
                    }
                ]
            }
        ],
        "team": "T04LDH2CNBY",
        "user_team": "T04LDH2CNBY",
        "source_team": "T04LDH2CNBY",
        "user_profile": {
            "avatar_hash": "2ecdfc20bb56",
            "image_72": "https:\/\/avatars.slack-edge.com\/2023-01-25\/4702661419268_2ecdfc20bb56f2adcfd3_72.jpg",
            "first_name": "Eduardo",
            "real_name": "Eduardo Puyol-Martinez",
            "display_name": "Eduardo",
            "team": "T04LDH2CNBY",
            "name": "eduardo",
            "is_restricted": false,
            "is_ultra_restricted": false
        }
    }
]