[
    {
        "client_msg_id": "C6BD2DFF-3095-4051-B02F-4C5DDBC67C4A",
        "type": "message",
        "text": "Good morning ",
        "user": "U04LL2M6F99",
        "ts": "1694699485.550199",
        "blocks": [
            {
                "type": "rich_text",
                "block_id": "hOYhm",
                "elements": [
                    {
                        "type": "rich_text_section",
                        "elements": [
                            {
                                "type": "text",
                                "text": "Good morning "
                            }
                        ]
                    }
                ]
            }
        ],
        "team": "T04LDH2CNBY",
        "user_team": "T04LDH2CNBY",
        "source_team": "T04LDH2CNBY",
        "user_profile": {
            "avatar_hash": "075a5725a539",
            "image_72": "https:\/\/avatars.slack-edge.com\/2023-02-16\/4793680204375_075a5725a53946ba72a8_72.png",
            "first_name": "Kristine",
            "real_name": "Kristine Noel",
            "display_name": "Kristine Noel",
            "team": "T04LDH2CNBY",
            "name": "kristine",
            "is_restricted": false,
            "is_ultra_restricted": false
        }
    },
    {
        "client_msg_id": "73693698-d495-4e95-b8a8-88fd446dd07a",
        "type": "message",
        "text": "Good morning!!",
        "user": "U0583NMRYNL",
        "ts": "1694699665.776779",
        "blocks": [
            {
                "type": "rich_text",
                "block_id": "FEVVO",
                "elements": [
                    {
                        "type": "rich_text_section",
                        "elements": [
                            {
                                "type": "text",
                                "text": "Good morning!!"
                            }
                        ]
                    }
                ]
            }
        ],
        "team": "T04LDH2CNBY",
        "user_team": "T04LDH2CNBY",
        "source_team": "T04LDH2CNBY",
        "user_profile": {
            "avatar_hash": "5e6f62d55b08",
            "image_72": "https:\/\/avatars.slack-edge.com\/2023-06-16\/5432096346342_5e6f62d55b081b9b60e7_72.jpg",
            "first_name": "Hanna",
            "real_name": "Hanna Jacobson",
            "display_name": "Hanna Jacobson",
            "team": "T04LDH2CNBY",
            "name": "hanna",
            "is_restricted": false,
            "is_ultra_restricted": false
        }
    },
    {
        "client_msg_id": "469413c3-3b4f-4969-8a9d-3e9b79345bc5",
        "type": "message",
        "text": "morning!!!!",
        "user": "U04LYRG90QZ",
        "ts": "1694700091.889459",
        "blocks": [
            {
                "type": "rich_text",
                "block_id": "3Sxpn",
                "elements": [
                    {
                        "type": "rich_text_section",
                        "elements": [
                            {
                                "type": "text",
                                "text": "morning!!!!"
                            }
                        ]
                    }
                ]
            }
        ],
        "team": "T04LDH2CNBY",
        "user_team": "T04LDH2CNBY",
        "source_team": "T04LDH2CNBY",
        "user_profile": {
            "avatar_hash": "18034abdbce3",
            "image_72": "https:\/\/avatars.slack-edge.com\/2023-01-26\/4700726977909_18034abdbce385064283_72.jpg",
            "first_name": "Virginia",
            "real_name": "Virginia",
            "display_name": "Virginia",
            "team": "T04LDH2CNBY",
            "name": "virginia",
            "is_restricted": false,
            "is_ultra_restricted": false
        }
    },
    {
        "client_msg_id": "30da817c-6f0f-4c42-ad2e-7652c3a88e97",
        "type": "message",
        "text": "lunch, brb",
        "user": "U04LYRG90QZ",
        "ts": "1694704741.764189",
        "blocks": [
            {
                "type": "rich_text",
                "block_id": "IWomE",
                "elements": [
                    {
                        "type": "rich_text_section",
                        "elements": [
                            {
                                "type": "text",
                                "text": "lunch, brb"
                            }
                        ]
                    }
                ]
            }
        ],
        "team": "T04LDH2CNBY",
        "user_team": "T04LDH2CNBY",
        "source_team": "T04LDH2CNBY",
        "user_profile": {
            "avatar_hash": "18034abdbce3",
            "image_72": "https:\/\/avatars.slack-edge.com\/2023-01-26\/4700726977909_18034abdbce385064283_72.jpg",
            "first_name": "Virginia",
            "real_name": "Virginia",
            "display_name": "Virginia",
            "team": "T04LDH2CNBY",
            "name": "virginia",
            "is_restricted": false,
            "is_ultra_restricted": false
        }
    },
    {
        "client_msg_id": "a77053bf-6f93-44da-91c7-5a95a46d1060",
        "type": "message",
        "text": "back",
        "user": "U04LYRG90QZ",
        "ts": "1694706343.146749",
        "blocks": [
            {
                "type": "rich_text",
                "block_id": "7tQGX",
                "elements": [
                    {
                        "type": "rich_text_section",
                        "elements": [
                            {
                                "type": "text",
                                "text": "back"
                            }
                        ]
                    }
                ]
            }
        ],
        "team": "T04LDH2CNBY",
        "user_team": "T04LDH2CNBY",
        "source_team": "T04LDH2CNBY",
        "user_profile": {
            "avatar_hash": "18034abdbce3",
            "image_72": "https:\/\/avatars.slack-edge.com\/2023-01-26\/4700726977909_18034abdbce385064283_72.jpg",
            "first_name": "Virginia",
            "real_name": "Virginia",
            "display_name": "Virginia",
            "team": "T04LDH2CNBY",
            "name": "virginia",
            "is_restricted": false,
            "is_ultra_restricted": false
        }
    },
    {
        "client_msg_id": "55da5034-d737-483c-a55f-52a39d68e9da",
        "type": "message",
        "text": "Good morning!",
        "user": "U0576JVJF1Q",
        "ts": "1694707072.503979",
        "blocks": [
            {
                "type": "rich_text",
                "block_id": "B69kT",
                "elements": [
                    {
                        "type": "rich_text_section",
                        "elements": [
                            {
                                "type": "text",
                                "text": "Good morning!"
                            }
                        ]
                    }
                ]
            }
        ],
        "team": "T04LDH2CNBY",
        "user_team": "T04LDH2CNBY",
        "source_team": "T04LDH2CNBY",
        "user_profile": {
            "avatar_hash": "g12be1dbd2bd",
            "image_72": "https:\/\/secure.gravatar.com\/avatar\/12be1dbd2bd270e15f2abc83ff193814.jpg?s=72&d=https%3A%2F%2Fa.slack-edge.com%2Fdf10d%2Fimg%2Favatars%2Fava_0010-72.png",
            "first_name": "Kai",
            "real_name": "Kai",
            "display_name": "Kai",
            "team": "T04LDH2CNBY",
            "name": "kai",
            "is_restricted": false,
            "is_ultra_restricted": false
        }
    },
    {
        "client_msg_id": "f5ccd677-28af-45b6-af3b-b3410f812672",
        "type": "message",
        "text": "good morning, in",
        "user": "U04LNK3DU84",
        "ts": "1694708874.281519",
        "blocks": [
            {
                "type": "rich_text",
                "block_id": "rEPks",
                "elements": [
                    {
                        "type": "rich_text_section",
                        "elements": [
                            {
                                "type": "text",
                                "text": "good morning, in"
                            }
                        ]
                    }
                ]
            }
        ],
        "team": "T04LDH2CNBY",
        "user_team": "T04LDH2CNBY",
        "source_team": "T04LDH2CNBY",
        "user_profile": {
            "avatar_hash": "2ecdfc20bb56",
            "image_72": "https:\/\/avatars.slack-edge.com\/2023-01-25\/4702661419268_2ecdfc20bb56f2adcfd3_72.jpg",
            "first_name": "Eduardo",
            "real_name": "Eduardo Puyol-Martinez",
            "display_name": "Eduardo",
            "team": "T04LDH2CNBY",
            "name": "eduardo",
            "is_restricted": false,
            "is_ultra_restricted": false
        }
    },
    {
        "client_msg_id": "BBAB45AB-AE2B-4CB9-9241-C58931360F3E",
        "type": "message",
        "text": "In",
        "user": "U04LL2BJ5GB",
        "ts": "1694710831.395309",
        "blocks": [
            {
                "type": "rich_text",
                "block_id": "jqZwl",
                "elements": [
                    {
                        "type": "rich_text_section",
                        "elements": [
                            {
                                "type": "text",
                                "text": "In"
                            }
                        ]
                    }
                ]
            }
        ],
        "team": "T04LDH2CNBY",
        "user_team": "T04LDH2CNBY",
        "source_team": "T04LDH2CNBY",
        "user_profile": {
            "avatar_hash": "a0aaab73c433",
            "image_72": "https:\/\/avatars.slack-edge.com\/2023-06-02\/5369485068164_a0aaab73c43394143d32_72.png",
            "first_name": "Nestor",
            "real_name": "Nestor Guzman",
            "display_name": "Nestor Guzman",
            "team": "T04LDH2CNBY",
            "name": "nestor",
            "is_restricted": false,
            "is_ultra_restricted": false
        },
        "thread_ts": "1694710831.395309",
        "reply_count": 1,
        "reply_users_count": 1,
        "latest_reply": "1694738755.375019",
        "reply_users": [
            "U04LL2BJ5GB"
        ],
        "replies": [
            {
                "user": "U04LL2BJ5GB",
                "ts": "1694738755.375019"
            }
        ],
        "is_locked": false,
        "subscribed": false
    },
    {
        "client_msg_id": "856eafed-26be-4872-99ff-e7ea8863cc36",
        "type": "message",
        "text": "brb",
        "user": "U04LYRG90QZ",
        "ts": "1694713641.699279",
        "blocks": [
            {
                "type": "rich_text",
                "block_id": "H656t",
                "elements": [
                    {
                        "type": "rich_text_section",
                        "elements": [
                            {
                                "type": "text",
                                "text": "brb"
                            }
                        ]
                    }
                ]
            }
        ],
        "team": "T04LDH2CNBY",
        "user_team": "T04LDH2CNBY",
        "source_team": "T04LDH2CNBY",
        "user_profile": {
            "avatar_hash": "18034abdbce3",
            "image_72": "https:\/\/avatars.slack-edge.com\/2023-01-26\/4700726977909_18034abdbce385064283_72.jpg",
            "first_name": "Virginia",
            "real_name": "Virginia",
            "display_name": "Virginia",
            "team": "T04LDH2CNBY",
            "name": "virginia",
            "is_restricted": false,
            "is_ultra_restricted": false
        }
    },
    {
        "client_msg_id": "6138cca5-1ea2-4b4c-bcc5-ff2bf54b6ca5",
        "type": "message",
        "text": "back",
        "user": "U04LYRG90QZ",
        "ts": "1694714575.810139",
        "blocks": [
            {
                "type": "rich_text",
                "block_id": "7tQGX",
                "elements": [
                    {
                        "type": "rich_text_section",
                        "elements": [
                            {
                                "type": "text",
                                "text": "back"
                            }
                        ]
                    }
                ]
            }
        ],
        "team": "T04LDH2CNBY",
        "user_team": "T04LDH2CNBY",
        "source_team": "T04LDH2CNBY",
        "user_profile": {
            "avatar_hash": "18034abdbce3",
            "image_72": "https:\/\/avatars.slack-edge.com\/2023-01-26\/4700726977909_18034abdbce385064283_72.jpg",
            "first_name": "Virginia",
            "real_name": "Virginia",
            "display_name": "Virginia",
            "team": "T04LDH2CNBY",
            "name": "virginia",
            "is_restricted": false,
            "is_ultra_restricted": false
        }
    },
    {
        "client_msg_id": "087d8991-c1ba-4af0-940b-6caed5d923a4",
        "type": "message",
        "text": "testing , welcome <@U05S8DD1T6U>",
        "user": "U04LNK3DU84",
        "ts": "1694719060.642809",
        "blocks": [
            {
                "type": "rich_text",
                "block_id": "Yz5Z+",
                "elements": [
                    {
                        "type": "rich_text_section",
                        "elements": [
                            {
                                "type": "text",
                                "text": "testing , welcome "
                            },
                            {
                                "type": "user",
                                "user_id": "U05S8DD1T6U"
                            }
                        ]
                    }
                ]
            }
        ],
        "team": "T04LDH2CNBY",
        "user_team": "T04LDH2CNBY",
        "source_team": "T04LDH2CNBY",
        "user_profile": {
            "avatar_hash": "2ecdfc20bb56",
            "image_72": "https:\/\/avatars.slack-edge.com\/2023-01-25\/4702661419268_2ecdfc20bb56f2adcfd3_72.jpg",
            "first_name": "Eduardo",
            "real_name": "Eduardo Puyol-Martinez",
            "display_name": "Eduardo",
            "team": "T04LDH2CNBY",
            "name": "eduardo",
            "is_restricted": false,
            "is_ultra_restricted": false
        },
        "reactions": [
            {
                "name": "raised_hands",
                "users": [
                    "U05S8DD1T6U"
                ],
                "count": 1
            }
        ]
    },
    {
        "client_msg_id": "8cfea1d0-d215-47a8-8b50-35878a63fd2d",
        "type": "message",
        "text": "have to leave a bit.. brb",
        "user": "U04LYRG90QZ",
        "ts": "1694724672.975029",
        "blocks": [
            {
                "type": "rich_text",
                "block_id": "ZyEjW",
                "elements": [
                    {
                        "type": "rich_text_section",
                        "elements": [
                            {
                                "type": "text",
                                "text": "have to leave a bit.. brb"
                            }
                        ]
                    }
                ]
            }
        ],
        "team": "T04LDH2CNBY",
        "user_team": "T04LDH2CNBY",
        "source_team": "T04LDH2CNBY",
        "user_profile": {
            "avatar_hash": "18034abdbce3",
            "image_72": "https:\/\/avatars.slack-edge.com\/2023-01-26\/4700726977909_18034abdbce385064283_72.jpg",
            "first_name": "Virginia",
            "real_name": "Virginia",
            "display_name": "Virginia",
            "team": "T04LDH2CNBY",
            "name": "virginia",
            "is_restricted": false,
            "is_ultra_restricted": false
        }
    },
    {
        "client_msg_id": "cf703a26-97f1-4bcb-9f15-da01d176b2be",
        "type": "message",
        "text": "back",
        "user": "U04LYRG90QZ",
        "ts": "1694727729.580729",
        "blocks": [
            {
                "type": "rich_text",
                "block_id": "7tQGX",
                "elements": [
                    {
                        "type": "rich_text_section",
                        "elements": [
                            {
                                "type": "text",
                                "text": "back"
                            }
                        ]
                    }
                ]
            }
        ],
        "team": "T04LDH2CNBY",
        "user_team": "T04LDH2CNBY",
        "source_team": "T04LDH2CNBY",
        "user_profile": {
            "avatar_hash": "18034abdbce3",
            "image_72": "https:\/\/avatars.slack-edge.com\/2023-01-26\/4700726977909_18034abdbce385064283_72.jpg",
            "first_name": "Virginia",
            "real_name": "Virginia",
            "display_name": "Virginia",
            "team": "T04LDH2CNBY",
            "name": "virginia",
            "is_restricted": false,
            "is_ultra_restricted": false
        }
    },
    {
        "client_msg_id": "eb543f4f-0a92-40c1-a5f7-14c7c38fd5ed",
        "type": "message",
        "text": "leaving team, see u tomorrow.... have some rest!",
        "user": "U04LYRG90QZ",
        "ts": "1694733085.271199",
        "blocks": [
            {
                "type": "rich_text",
                "block_id": "wbgTt",
                "elements": [
                    {
                        "type": "rich_text_section",
                        "elements": [
                            {
                                "type": "text",
                                "text": "leaving team, see u tomorrow.... have some rest!"
                            }
                        ]
                    }
                ]
            }
        ],
        "team": "T04LDH2CNBY",
        "user_team": "T04LDH2CNBY",
        "source_team": "T04LDH2CNBY",
        "user_profile": {
            "avatar_hash": "18034abdbce3",
            "image_72": "https:\/\/avatars.slack-edge.com\/2023-01-26\/4700726977909_18034abdbce385064283_72.jpg",
            "first_name": "Virginia",
            "real_name": "Virginia",
            "display_name": "Virginia",
            "team": "T04LDH2CNBY",
            "name": "virginia",
            "is_restricted": false,
            "is_ultra_restricted": false
        }
    },
    {
        "client_msg_id": "8251ebee-621d-4883-a9e2-30c05404352d",
        "type": "message",
        "text": "out",
        "user": "U04LL2BJ5GB",
        "ts": "1694738755.375019",
        "blocks": [
            {
                "type": "rich_text",
                "block_id": "1bQjO",
                "elements": [
                    {
                        "type": "rich_text_section",
                        "elements": [
                            {
                                "type": "text",
                                "text": "out"
                            }
                        ]
                    }
                ]
            }
        ],
        "team": "T04LDH2CNBY",
        "user_team": "T04LDH2CNBY",
        "source_team": "T04LDH2CNBY",
        "user_profile": {
            "avatar_hash": "a0aaab73c433",
            "image_72": "https:\/\/avatars.slack-edge.com\/2023-06-02\/5369485068164_a0aaab73c43394143d32_72.png",
            "first_name": "Nestor",
            "real_name": "Nestor Guzman",
            "display_name": "Nestor Guzman",
            "team": "T04LDH2CNBY",
            "name": "nestor",
            "is_restricted": false,
            "is_ultra_restricted": false
        },
        "thread_ts": "1694710831.395309",
        "parent_user_id": "U04LL2BJ5GB"
    }
]