[
    {
        "type": "message",
        "subtype": "channel_join",
        "ts": "1674742383.654509",
        "user": "U04L6C1BDJB",
        "text": "<@U04L6C1BDJB> has joined the channel"
    },
    {
        "type": "message",
        "subtype": "channel_join",
        "ts": "1674747915.841269",
        "user": "U04LYRG90QZ",
        "text": "<@U04LYRG90QZ> has joined the channel"
    },
    {
        "client_msg_id": "7151eafa-0574-48db-ba2e-74b11a8a7e97",
        "type": "message",
        "text": "Hi!!!!",
        "user": "U04LYRG90QZ",
        "ts": "1674748089.141619",
        "blocks": [
            {
                "type": "rich_text",
                "block_id": "+STw",
                "elements": [
                    {
                        "type": "rich_text_section",
                        "elements": [
                            {
                                "type": "text",
                                "text": "Hi!!!!"
                            }
                        ]
                    }
                ]
            }
        ],
        "team": "T04LDH2CNBY",
        "user_team": "T04LDH2CNBY",
        "source_team": "T04LDH2CNBY",
        "user_profile": {
            "avatar_hash": "18034abdbce3",
            "image_72": "https:\/\/avatars.slack-edge.com\/2023-01-26\/4700726977909_18034abdbce385064283_72.jpg",
            "first_name": "Virginia",
            "real_name": "Virginia",
            "display_name": "Virginia",
            "team": "T04LDH2CNBY",
            "name": "virginia",
            "is_restricted": false,
            "is_ultra_restricted": false
        },
        "reactions": [
            {
                "name": "raised_hands",
                "users": [
                    "U04LNKU8YF6"
                ],
                "count": 1
            }
        ]
    },
    {
        "client_msg_id": "c580e1a6-ce7e-4574-b38f-02e10e87f326",
        "type": "message",
        "text": "Hello! we're still back and forth between Teams and Slack, but no worries, this is just a test <!everyone>  we will clarify today in the office meeting....thank you!",
        "user": "U04LNK3DU84",
        "ts": "1674764168.217919",
        "blocks": [
            {
                "type": "rich_text",
                "block_id": "PiI1",
                "elements": [
                    {
                        "type": "rich_text_section",
                        "elements": [
                            {
                                "type": "text",
                                "text": "Hello! we're still back and forth between Teams and Slack, but no worries, this is just a test "
                            },
                            {
                                "type": "broadcast",
                                "range": "everyone"
                            },
                            {
                                "type": "text",
                                "text": "  we will clarify today in the office meeting....thank you!"
                            }
                        ]
                    }
                ]
            }
        ],
        "team": "T04LDH2CNBY",
        "user_team": "T04LDH2CNBY",
        "source_team": "T04LDH2CNBY",
        "user_profile": {
            "avatar_hash": "2ecdfc20bb56",
            "image_72": "https:\/\/avatars.slack-edge.com\/2023-01-25\/4702661419268_2ecdfc20bb56f2adcfd3_72.jpg",
            "first_name": "Eduardo",
            "real_name": "Eduardo Puyol-Martinez",
            "display_name": "Eduardo",
            "team": "T04LDH2CNBY",
            "name": "eduardo",
            "is_restricted": false,
            "is_ultra_restricted": false
        },
        "reactions": [
            {
                "name": "white_check_mark",
                "users": [
                    "U04LYRG90QZ"
                ],
                "count": 1
            },
            {
                "name": "+1",
                "users": [
                    "U04LNKU8YF6"
                ],
                "count": 1
            }
        ]
    },
    {
        "client_msg_id": "80933497-b002-4a5b-9992-1c60cbba9a99",
        "type": "message",
        "text": "<!everyone> reminder office meeting today at 2pm PT, 5pm ET",
        "user": "U04LNK3DU84",
        "ts": "1674765110.288789",
        "blocks": [
            {
                "type": "rich_text",
                "block_id": "X6g",
                "elements": [
                    {
                        "type": "rich_text_section",
                        "elements": [
                            {
                                "type": "broadcast",
                                "range": "everyone"
                            },
                            {
                                "type": "text",
                                "text": " reminder office meeting today at 2pm PT, 5pm ET"
                            }
                        ]
                    }
                ]
            }
        ],
        "team": "T04LDH2CNBY",
        "user_team": "T04LDH2CNBY",
        "source_team": "T04LDH2CNBY",
        "user_profile": {
            "avatar_hash": "2ecdfc20bb56",
            "image_72": "https:\/\/avatars.slack-edge.com\/2023-01-25\/4702661419268_2ecdfc20bb56f2adcfd3_72.jpg",
            "first_name": "Eduardo",
            "real_name": "Eduardo Puyol-Martinez",
            "display_name": "Eduardo",
            "team": "T04LDH2CNBY",
            "name": "eduardo",
            "is_restricted": false,
            "is_ultra_restricted": false
        },
        "reactions": [
            {
                "name": "white_check_mark",
                "users": [
                    "U04LH7FMHGD",
                    "U04LNKU8YF6",
                    "U04LYRG90QZ"
                ],
                "count": 3
            }
        ]
    },
    {
        "client_msg_id": "31c29797-0f1b-40b6-8f1e-45f20c7abac0",
        "type": "message",
        "text": "out",
        "user": "U04LNK3DU84",
        "ts": "1674791249.067619",
        "blocks": [
            {
                "type": "rich_text",
                "block_id": "3=j3V",
                "elements": [
                    {
                        "type": "rich_text_section",
                        "elements": [
                            {
                                "type": "text",
                                "text": "out"
                            }
                        ]
                    }
                ]
            }
        ],
        "team": "T04LDH2CNBY",
        "user_team": "T04LDH2CNBY",
        "source_team": "T04LDH2CNBY",
        "user_profile": {
            "avatar_hash": "2ecdfc20bb56",
            "image_72": "https:\/\/avatars.slack-edge.com\/2023-01-25\/4702661419268_2ecdfc20bb56f2adcfd3_72.jpg",
            "first_name": "Eduardo",
            "real_name": "Eduardo Puyol-Martinez",
            "display_name": "Eduardo",
            "team": "T04LDH2CNBY",
            "name": "eduardo",
            "is_restricted": false,
            "is_ultra_restricted": false
        }
    }
]