[
    {
        "client_msg_id": "e5c55d41-85e5-40ee-9657-00bfbd6da695",
        "type": "message",
        "text": "morning everyone! Happy Friday!!",
        "user": "U04LYRG90QZ",
        "ts": "1695995951.424679",
        "blocks": [
            {
                "type": "rich_text",
                "block_id": "u7ZnR",
                "elements": [
                    {
                        "type": "rich_text_section",
                        "elements": [
                            {
                                "type": "text",
                                "text": "morning everyone! Happy Friday!!"
                            }
                        ]
                    }
                ]
            }
        ],
        "team": "T04LDH2CNBY",
        "user_team": "T04LDH2CNBY",
        "source_team": "T04LDH2CNBY",
        "user_profile": {
            "avatar_hash": "18034abdbce3",
            "image_72": "https:\/\/avatars.slack-edge.com\/2023-01-26\/4700726977909_18034abdbce385064283_72.jpg",
            "first_name": "Virginia",
            "real_name": "Virginia",
            "display_name": "Virginia",
            "team": "T04LDH2CNBY",
            "name": "virginia",
            "is_restricted": false,
            "is_ultra_restricted": false
        }
    },
    {
        "client_msg_id": "259e3eac-5f34-4b50-a4da-7b52aa756c6d",
        "type": "message",
        "text": "Good Morning! Happy Friday :sun_with_face:",
        "user": "U04LL2M6F99",
        "ts": "1695996021.661379",
        "blocks": [
            {
                "type": "rich_text",
                "block_id": "452iu",
                "elements": [
                    {
                        "type": "rich_text_section",
                        "elements": [
                            {
                                "type": "text",
                                "text": "Good Morning! Happy Friday "
                            },
                            {
                                "type": "emoji",
                                "name": "sun_with_face",
                                "unicode": "1f31e"
                            }
                        ]
                    }
                ]
            }
        ],
        "team": "T04LDH2CNBY",
        "user_team": "T04LDH2CNBY",
        "source_team": "T04LDH2CNBY",
        "user_profile": {
            "avatar_hash": "075a5725a539",
            "image_72": "https:\/\/avatars.slack-edge.com\/2023-02-16\/4793680204375_075a5725a53946ba72a8_72.png",
            "first_name": "Kristine",
            "real_name": "Kristine Noel",
            "display_name": "Kristine Noel",
            "team": "T04LDH2CNBY",
            "name": "kristine",
            "is_restricted": false,
            "is_ultra_restricted": false
        }
    },
    {
        "client_msg_id": "2f36479e-e362-4eb5-a61a-e92aadb266ca",
        "type": "message",
        "text": "Happy Friday everyone!!!",
        "user": "U0583NMRYNL",
        "ts": "1695996446.609399",
        "blocks": [
            {
                "type": "rich_text",
                "block_id": "xhA4I",
                "elements": [
                    {
                        "type": "rich_text_section",
                        "elements": [
                            {
                                "type": "text",
                                "text": "Happy Friday everyone!!!"
                            }
                        ]
                    }
                ]
            }
        ],
        "team": "T04LDH2CNBY",
        "user_team": "T04LDH2CNBY",
        "source_team": "T04LDH2CNBY",
        "user_profile": {
            "avatar_hash": "5e6f62d55b08",
            "image_72": "https:\/\/avatars.slack-edge.com\/2023-06-16\/5432096346342_5e6f62d55b081b9b60e7_72.jpg",
            "first_name": "Hanna",
            "real_name": "Hanna Jacobson",
            "display_name": "Hanna Jacobson",
            "team": "T04LDH2CNBY",
            "name": "hanna",
            "is_restricted": false,
            "is_ultra_restricted": false
        }
    },
    {
        "client_msg_id": "9daace5f-cc74-41fa-8563-47801cd2cbf1",
        "type": "message",
        "text": "quick lunch, brb",
        "user": "U04LYRG90QZ",
        "ts": "1696002496.606069",
        "blocks": [
            {
                "type": "rich_text",
                "block_id": "xzvXd",
                "elements": [
                    {
                        "type": "rich_text_section",
                        "elements": [
                            {
                                "type": "text",
                                "text": "quick lunch, brb"
                            }
                        ]
                    }
                ]
            }
        ],
        "team": "T04LDH2CNBY",
        "user_team": "T04LDH2CNBY",
        "source_team": "T04LDH2CNBY",
        "user_profile": {
            "avatar_hash": "18034abdbce3",
            "image_72": "https:\/\/avatars.slack-edge.com\/2023-01-26\/4700726977909_18034abdbce385064283_72.jpg",
            "first_name": "Virginia",
            "real_name": "Virginia",
            "display_name": "Virginia",
            "team": "T04LDH2CNBY",
            "name": "virginia",
            "is_restricted": false,
            "is_ultra_restricted": false
        }
    },
    {
        "client_msg_id": "d82695af-2f61-43c0-914b-723c16bd9cf2",
        "type": "message",
        "text": "back",
        "user": "U04LYRG90QZ",
        "ts": "1696003919.535329",
        "blocks": [
            {
                "type": "rich_text",
                "block_id": "7tQGX",
                "elements": [
                    {
                        "type": "rich_text_section",
                        "elements": [
                            {
                                "type": "text",
                                "text": "back"
                            }
                        ]
                    }
                ]
            }
        ],
        "team": "T04LDH2CNBY",
        "user_team": "T04LDH2CNBY",
        "source_team": "T04LDH2CNBY",
        "user_profile": {
            "avatar_hash": "18034abdbce3",
            "image_72": "https:\/\/avatars.slack-edge.com\/2023-01-26\/4700726977909_18034abdbce385064283_72.jpg",
            "first_name": "Virginia",
            "real_name": "Virginia",
            "display_name": "Virginia",
            "team": "T04LDH2CNBY",
            "name": "virginia",
            "is_restricted": false,
            "is_ultra_restricted": false
        }
    },
    {
        "client_msg_id": "44354E56-BE0A-4015-A702-3EEE9F08E4F0",
        "type": "message",
        "text": "In ",
        "user": "U04LL2BJ5GB",
        "ts": "1696007035.661559",
        "blocks": [
            {
                "type": "rich_text",
                "block_id": "ycsMW",
                "elements": [
                    {
                        "type": "rich_text_section",
                        "elements": [
                            {
                                "type": "text",
                                "text": "In "
                            }
                        ]
                    }
                ]
            }
        ],
        "team": "T04LDH2CNBY",
        "user_team": "T04LDH2CNBY",
        "source_team": "T04LDH2CNBY",
        "user_profile": {
            "avatar_hash": "a0aaab73c433",
            "image_72": "https:\/\/avatars.slack-edge.com\/2023-06-02\/5369485068164_a0aaab73c43394143d32_72.png",
            "first_name": "Nestor",
            "real_name": "Nestor Guzman",
            "display_name": "Nestor Guzman",
            "team": "T04LDH2CNBY",
            "name": "nestor",
            "is_restricted": false,
            "is_ultra_restricted": false
        },
        "thread_ts": "1696007035.661559",
        "reply_count": 1,
        "reply_users_count": 1,
        "latest_reply": "1696034524.607509",
        "reply_users": [
            "U04LL2BJ5GB"
        ],
        "replies": [
            {
                "user": "U04LL2BJ5GB",
                "ts": "1696034524.607509"
            }
        ],
        "is_locked": false,
        "subscribed": false
    },
    {
        "client_msg_id": "26a0b689-1b53-4a35-947b-625a4c8bac2a",
        "type": "message",
        "text": "Hello <!channel> as you may know, there is a situation in the US where the federal government might shut down after 9\/30.....this will affect our federal customers, such as FEMA, USCIS, DOL, etc.....be mindful of that as federal customers might not be able to receive deliveries from us, or confirm work, or pay invoices during this time....hopefully it gets resolved soon....check with Caroline if you have any concerns about federal customer on-going projects.....thank you!",
        "user": "U04LNK3DU84",
        "ts": "1696012358.459319",
        "blocks": [
            {
                "type": "rich_text",
                "block_id": "AeeRz",
                "elements": [
                    {
                        "type": "rich_text_section",
                        "elements": [
                            {
                                "type": "text",
                                "text": "Hello "
                            },
                            {
                                "type": "broadcast",
                                "range": "channel"
                            },
                            {
                                "type": "text",
                                "text": " as you may know, there is a situation in the US where the federal government might shut down after 9\/30.....this will affect our federal customers, such as FEMA, USCIS, DOL, etc.....be mindful of that as federal customers might not be able to receive deliveries from us, or confirm work, or pay invoices during this time....hopefully it gets resolved soon....check with Caroline if you have any concerns about federal customer on-going projects.....thank you!"
                            }
                        ]
                    }
                ]
            }
        ],
        "team": "T04LDH2CNBY",
        "user_team": "T04LDH2CNBY",
        "source_team": "T04LDH2CNBY",
        "user_profile": {
            "avatar_hash": "2ecdfc20bb56",
            "image_72": "https:\/\/avatars.slack-edge.com\/2023-01-25\/4702661419268_2ecdfc20bb56f2adcfd3_72.jpg",
            "first_name": "Eduardo",
            "real_name": "Eduardo Puyol-Martinez",
            "display_name": "Eduardo",
            "team": "T04LDH2CNBY",
            "name": "eduardo",
            "is_restricted": false,
            "is_ultra_restricted": false
        },
        "reactions": [
            {
                "name": "white_check_mark",
                "users": [
                    "U04LH7FMHGD",
                    "U0576JVJF1Q"
                ],
                "count": 2
            }
        ]
    },
    {
        "client_msg_id": "2ecdca5e-bf53-415d-80ca-f413c4e4842e",
        "type": "message",
        "text": "A consequence of this, DOL-ETA office is not available to meet for the kickoff until further notice, after the shutdown situation clears out....",
        "user": "U04LNK3DU84",
        "ts": "1696012436.065179",
        "blocks": [
            {
                "type": "rich_text",
                "block_id": "vasbr",
                "elements": [
                    {
                        "type": "rich_text_section",
                        "elements": [
                            {
                                "type": "text",
                                "text": "A consequence of this, DOL-ETA office is not available to meet for the kickoff until further notice, after the shutdown situation clears out...."
                            }
                        ]
                    }
                ]
            }
        ],
        "team": "T04LDH2CNBY",
        "user_team": "T04LDH2CNBY",
        "source_team": "T04LDH2CNBY",
        "user_profile": {
            "avatar_hash": "2ecdfc20bb56",
            "image_72": "https:\/\/avatars.slack-edge.com\/2023-01-25\/4702661419268_2ecdfc20bb56f2adcfd3_72.jpg",
            "first_name": "Eduardo",
            "real_name": "Eduardo Puyol-Martinez",
            "display_name": "Eduardo",
            "team": "T04LDH2CNBY",
            "name": "eduardo",
            "is_restricted": false,
            "is_ultra_restricted": false
        }
    },
    {
        "client_msg_id": "3b56b27e-af34-48da-84c4-46d5b675b9e7",
        "type": "message",
        "text": "(this is a fluid situation, DOL-ETA also said they might be available next week)",
        "user": "U04LNK3DU84",
        "ts": "1696013872.071219",
        "blocks": [
            {
                "type": "rich_text",
                "block_id": "W7qnK",
                "elements": [
                    {
                        "type": "rich_text_section",
                        "elements": [
                            {
                                "type": "text",
                                "text": "(this is a fluid situation, DOL-ETA also said they might be available next week)"
                            }
                        ]
                    }
                ]
            }
        ],
        "team": "T04LDH2CNBY",
        "user_team": "T04LDH2CNBY",
        "source_team": "T04LDH2CNBY",
        "user_profile": {
            "avatar_hash": "2ecdfc20bb56",
            "image_72": "https:\/\/avatars.slack-edge.com\/2023-01-25\/4702661419268_2ecdfc20bb56f2adcfd3_72.jpg",
            "first_name": "Eduardo",
            "real_name": "Eduardo Puyol-Martinez",
            "display_name": "Eduardo",
            "team": "T04LDH2CNBY",
            "name": "eduardo",
            "is_restricted": false,
            "is_ultra_restricted": false
        }
    },
    {
        "client_msg_id": "1a2a93a9-f181-42e4-b69a-5cfb1a9b842b",
        "type": "message",
        "text": "yes! and <@U0583NMRYNL> let's keep monitoring the USCIS situation. I believe they are essentials workers and the CFI interviews will keep going even with the shutdown, but interpreters may start asking us if shutdown is confirmed.",
        "user": "U04LNKU8YF6",
        "ts": "1696015569.724699",
        "blocks": [
            {
                "type": "rich_text",
                "block_id": "wQJKw",
                "elements": [
                    {
                        "type": "rich_text_section",
                        "elements": [
                            {
                                "type": "text",
                                "text": "yes! and "
                            },
                            {
                                "type": "user",
                                "user_id": "U0583NMRYNL"
                            },
                            {
                                "type": "text",
                                "text": " let's keep monitoring the USCIS situation. I believe they are essentials workers and the CFI interviews will keep going even with the shutdown, but interpreters may start asking us if shutdown is confirmed."
                            }
                        ]
                    }
                ]
            }
        ],
        "team": "T04LDH2CNBY",
        "user_team": "T04LDH2CNBY",
        "source_team": "T04LDH2CNBY",
        "user_profile": {
            "avatar_hash": "212b82b4d92e",
            "image_72": "https:\/\/avatars.slack-edge.com\/2023-01-25\/4700546482018_212b82b4d92ed2471a10_72.jpg",
            "first_name": "Caroline",
            "real_name": "Caroline Lee",
            "display_name": "Caroline Lee",
            "team": "T04LDH2CNBY",
            "name": "caroline",
            "is_restricted": false,
            "is_ultra_restricted": false
        },
        "thread_ts": "1696015569.724699",
        "reply_count": 1,
        "reply_users_count": 1,
        "latest_reply": "1696015903.266209",
        "reply_users": [
            "U0583NMRYNL"
        ],
        "replies": [
            {
                "user": "U0583NMRYNL",
                "ts": "1696015903.266209"
            }
        ],
        "is_locked": false,
        "subscribed": true,
        "last_read": "1696015903.266209",
        "reactions": [
            {
                "name": "+1",
                "users": [
                    "U04LNK3DU84",
                    "U0583NMRYNL"
                ],
                "count": 2
            }
        ]
    },
    {
        "client_msg_id": "03b827d3-b027-42a9-85b9-593c950303ca",
        "type": "message",
        "text": "Yes for sure! I have been reading up on articles but I will definitely continue to monitor as we near the shutdown and keep interpreters aware as much as we can!",
        "user": "U0583NMRYNL",
        "ts": "1696015903.266209",
        "blocks": [
            {
                "type": "rich_text",
                "block_id": "dBajV",
                "elements": [
                    {
                        "type": "rich_text_section",
                        "elements": [
                            {
                                "type": "text",
                                "text": "Yes for sure! I have been reading up on articles but I will definitely continue to monitor as we near the shutdown and keep interpreters aware as much as we can!"
                            }
                        ]
                    }
                ]
            }
        ],
        "team": "T04LDH2CNBY",
        "user_team": "T04LDH2CNBY",
        "source_team": "T04LDH2CNBY",
        "user_profile": {
            "avatar_hash": "5e6f62d55b08",
            "image_72": "https:\/\/avatars.slack-edge.com\/2023-06-16\/5432096346342_5e6f62d55b081b9b60e7_72.jpg",
            "first_name": "Hanna",
            "real_name": "Hanna Jacobson",
            "display_name": "Hanna Jacobson",
            "team": "T04LDH2CNBY",
            "name": "hanna",
            "is_restricted": false,
            "is_ultra_restricted": false
        },
        "thread_ts": "1696015569.724699",
        "parent_user_id": "U04LNKU8YF6",
        "reactions": [
            {
                "name": "+1",
                "users": [
                    "U04LNKU8YF6"
                ],
                "count": 1
            },
            {
                "name": "pray",
                "users": [
                    "U04LNKU8YF6"
                ],
                "count": 1
            }
        ]
    },
    {
        "client_msg_id": "23dc4d6e-8cd3-44a7-9b65-1bdc91d4e7d1",
        "type": "message",
        "text": "brb",
        "user": "U04LYRG90QZ",
        "ts": "1696017579.801779",
        "blocks": [
            {
                "type": "rich_text",
                "block_id": "H656t",
                "elements": [
                    {
                        "type": "rich_text_section",
                        "elements": [
                            {
                                "type": "text",
                                "text": "brb"
                            }
                        ]
                    }
                ]
            }
        ],
        "team": "T04LDH2CNBY",
        "user_team": "T04LDH2CNBY",
        "source_team": "T04LDH2CNBY",
        "user_profile": {
            "avatar_hash": "18034abdbce3",
            "image_72": "https:\/\/avatars.slack-edge.com\/2023-01-26\/4700726977909_18034abdbce385064283_72.jpg",
            "first_name": "Virginia",
            "real_name": "Virginia",
            "display_name": "Virginia",
            "team": "T04LDH2CNBY",
            "name": "virginia",
            "is_restricted": false,
            "is_ultra_restricted": false
        }
    },
    {
        "client_msg_id": "ab5d2168-165f-42a5-845a-f9d3766aa486",
        "type": "message",
        "text": "back",
        "user": "U04LYRG90QZ",
        "ts": "1696018950.932729",
        "blocks": [
            {
                "type": "rich_text",
                "block_id": "7tQGX",
                "elements": [
                    {
                        "type": "rich_text_section",
                        "elements": [
                            {
                                "type": "text",
                                "text": "back"
                            }
                        ]
                    }
                ]
            }
        ],
        "team": "T04LDH2CNBY",
        "user_team": "T04LDH2CNBY",
        "source_team": "T04LDH2CNBY",
        "user_profile": {
            "avatar_hash": "18034abdbce3",
            "image_72": "https:\/\/avatars.slack-edge.com\/2023-01-26\/4700726977909_18034abdbce385064283_72.jpg",
            "first_name": "Virginia",
            "real_name": "Virginia",
            "display_name": "Virginia",
            "team": "T04LDH2CNBY",
            "name": "virginia",
            "is_restricted": false,
            "is_ultra_restricted": false
        }
    },
    {
        "client_msg_id": "adab2e53-c37e-4722-bb4f-d6c88ccf3be0",
        "type": "message",
        "text": "Today I'm leaving earlier.. I'll continue tomorrow with pending assignments.. see u on Monday.. Happy weekend!!!!!",
        "user": "U04LYRG90QZ",
        "ts": "1696024200.364249",
        "blocks": [
            {
                "type": "rich_text",
                "block_id": "Ab6Fx",
                "elements": [
                    {
                        "type": "rich_text_section",
                        "elements": [
                            {
                                "type": "text",
                                "text": "Today I'm leaving earlier.. I'll continue tomorrow with pending assignments.. see u on Monday.. Happy weekend!!!!!"
                            }
                        ]
                    }
                ]
            }
        ],
        "team": "T04LDH2CNBY",
        "user_team": "T04LDH2CNBY",
        "source_team": "T04LDH2CNBY",
        "user_profile": {
            "avatar_hash": "18034abdbce3",
            "image_72": "https:\/\/avatars.slack-edge.com\/2023-01-26\/4700726977909_18034abdbce385064283_72.jpg",
            "first_name": "Virginia",
            "real_name": "Virginia",
            "display_name": "Virginia",
            "team": "T04LDH2CNBY",
            "name": "virginia",
            "is_restricted": false,
            "is_ultra_restricted": false
        },
        "reactions": [
            {
                "name": "+1",
                "users": [
                    "U04LNK3DU84"
                ],
                "count": 1
            },
            {
                "name": "raised_hands",
                "users": [
                    "U04LL2M6F99",
                    "U0576JVJF1Q"
                ],
                "count": 2
            }
        ]
    },
    {
        "client_msg_id": "2BDA65C1-5893-4177-8CF0-D2128E058DB4",
        "type": "message",
        "text": "Out ",
        "user": "U04LL2BJ5GB",
        "ts": "1696034524.607509",
        "blocks": [
            {
                "type": "rich_text",
                "block_id": "\/poCY",
                "elements": [
                    {
                        "type": "rich_text_section",
                        "elements": [
                            {
                                "type": "text",
                                "text": "Out "
                            }
                        ]
                    }
                ]
            }
        ],
        "team": "T04LDH2CNBY",
        "user_team": "T04LDH2CNBY",
        "source_team": "T04LDH2CNBY",
        "user_profile": {
            "avatar_hash": "a0aaab73c433",
            "image_72": "https:\/\/avatars.slack-edge.com\/2023-06-02\/5369485068164_a0aaab73c43394143d32_72.png",
            "first_name": "Nestor",
            "real_name": "Nestor Guzman",
            "display_name": "Nestor Guzman",
            "team": "T04LDH2CNBY",
            "name": "nestor",
            "is_restricted": false,
            "is_ultra_restricted": false
        },
        "thread_ts": "1696007035.661559",
        "parent_user_id": "U04LL2BJ5GB"
    },
    {
        "client_msg_id": "95d377f3-f9c3-4afe-abfc-d5d8cb9e1b77",
        "type": "message",
        "text": "logging out...have a great weekend!",
        "user": "U04LNK3DU84",
        "ts": "1696034564.074979",
        "blocks": [
            {
                "type": "rich_text",
                "block_id": "rU\/Xa",
                "elements": [
                    {
                        "type": "rich_text_section",
                        "elements": [
                            {
                                "type": "text",
                                "text": "logging out...have a great weekend!"
                            }
                        ]
                    }
                ]
            }
        ],
        "team": "T04LDH2CNBY",
        "user_team": "T04LDH2CNBY",
        "source_team": "T04LDH2CNBY",
        "user_profile": {
            "avatar_hash": "2ecdfc20bb56",
            "image_72": "https:\/\/avatars.slack-edge.com\/2023-01-25\/4702661419268_2ecdfc20bb56f2adcfd3_72.jpg",
            "first_name": "Eduardo",
            "real_name": "Eduardo Puyol-Martinez",
            "display_name": "Eduardo",
            "team": "T04LDH2CNBY",
            "name": "eduardo",
            "is_restricted": false,
            "is_ultra_restricted": false
        }
    }
]