[
    {
        "client_msg_id": "0b11017f-df2b-4daf-a837-92a130fe2a0a",
        "type": "message",
        "text": "Good morning!!",
        "user": "U0583NMRYNL",
        "ts": "1691587642.279989",
        "blocks": [
            {
                "type": "rich_text",
                "block_id": "85+",
                "elements": [
                    {
                        "type": "rich_text_section",
                        "elements": [
                            {
                                "type": "text",
                                "text": "Good morning!!"
                            }
                        ]
                    }
                ]
            }
        ],
        "team": "T04LDH2CNBY",
        "user_team": "T04LDH2CNBY",
        "source_team": "T04LDH2CNBY",
        "user_profile": {
            "avatar_hash": "5e6f62d55b08",
            "image_72": "https:\/\/avatars.slack-edge.com\/2023-06-16\/5432096346342_5e6f62d55b081b9b60e7_72.jpg",
            "first_name": "Hanna",
            "real_name": "Hanna Jacobson",
            "display_name": "Hanna Jacobson",
            "team": "T04LDH2CNBY",
            "name": "hanna",
            "is_restricted": false,
            "is_ultra_restricted": false
        }
    },
    {
        "client_msg_id": "3fb52d28-078a-4e30-8d41-c04050d4a5af",
        "type": "message",
        "text": "Morning",
        "user": "U04LL2M6F99",
        "ts": "1691587829.574759",
        "blocks": [
            {
                "type": "rich_text",
                "block_id": "MrmLB",
                "elements": [
                    {
                        "type": "rich_text_section",
                        "elements": [
                            {
                                "type": "text",
                                "text": "Morning"
                            }
                        ]
                    }
                ]
            }
        ],
        "team": "T04LDH2CNBY",
        "user_team": "T04LDH2CNBY",
        "source_team": "T04LDH2CNBY",
        "user_profile": {
            "avatar_hash": "075a5725a539",
            "image_72": "https:\/\/avatars.slack-edge.com\/2023-02-16\/4793680204375_075a5725a53946ba72a8_72.png",
            "first_name": "Kristine",
            "real_name": "Kristine Noel",
            "display_name": "Kristine Noel",
            "team": "T04LDH2CNBY",
            "name": "kristine",
            "is_restricted": false,
            "is_ultra_restricted": false
        }
    },
    {
        "client_msg_id": "f2ab05bf-d871-4b61-a287-083eb3dbc91d",
        "type": "message",
        "text": "morning!",
        "user": "U04LYRG90QZ",
        "ts": "1691589826.377629",
        "blocks": [
            {
                "type": "rich_text",
                "block_id": "2+3",
                "elements": [
                    {
                        "type": "rich_text_section",
                        "elements": [
                            {
                                "type": "text",
                                "text": "morning!"
                            }
                        ]
                    }
                ]
            }
        ],
        "team": "T04LDH2CNBY",
        "user_team": "T04LDH2CNBY",
        "source_team": "T04LDH2CNBY",
        "user_profile": {
            "avatar_hash": "18034abdbce3",
            "image_72": "https:\/\/avatars.slack-edge.com\/2023-01-26\/4700726977909_18034abdbce385064283_72.jpg",
            "first_name": "Virginia",
            "real_name": "Virginia",
            "display_name": "Virginia",
            "team": "T04LDH2CNBY",
            "name": "virginia",
            "is_restricted": false,
            "is_ultra_restricted": false
        }
    },
    {
        "client_msg_id": "ef234adc-3c1a-47ca-bb4a-081009824e26",
        "type": "message",
        "text": "quick lunch",
        "user": "U04LYRG90QZ",
        "ts": "1691594737.449489",
        "blocks": [
            {
                "type": "rich_text",
                "block_id": "VgW",
                "elements": [
                    {
                        "type": "rich_text_section",
                        "elements": [
                            {
                                "type": "text",
                                "text": "quick lunch"
                            }
                        ]
                    }
                ]
            }
        ],
        "team": "T04LDH2CNBY",
        "user_team": "T04LDH2CNBY",
        "source_team": "T04LDH2CNBY",
        "user_profile": {
            "avatar_hash": "18034abdbce3",
            "image_72": "https:\/\/avatars.slack-edge.com\/2023-01-26\/4700726977909_18034abdbce385064283_72.jpg",
            "first_name": "Virginia",
            "real_name": "Virginia",
            "display_name": "Virginia",
            "team": "T04LDH2CNBY",
            "name": "virginia",
            "is_restricted": false,
            "is_ultra_restricted": false
        }
    },
    {
        "client_msg_id": "f9cfcef2-5b12-46ec-ac39-7e52e88920f3",
        "type": "message",
        "text": "back",
        "user": "U04LYRG90QZ",
        "ts": "1691596409.091089",
        "blocks": [
            {
                "type": "rich_text",
                "block_id": "6Grth",
                "elements": [
                    {
                        "type": "rich_text_section",
                        "elements": [
                            {
                                "type": "text",
                                "text": "back"
                            }
                        ]
                    }
                ]
            }
        ],
        "team": "T04LDH2CNBY",
        "user_team": "T04LDH2CNBY",
        "source_team": "T04LDH2CNBY",
        "user_profile": {
            "avatar_hash": "18034abdbce3",
            "image_72": "https:\/\/avatars.slack-edge.com\/2023-01-26\/4700726977909_18034abdbce385064283_72.jpg",
            "first_name": "Virginia",
            "real_name": "Virginia",
            "display_name": "Virginia",
            "team": "T04LDH2CNBY",
            "name": "virginia",
            "is_restricted": false,
            "is_ultra_restricted": false
        }
    },
    {
        "client_msg_id": "bac2fa03-4780-4122-9c98-f75685891566",
        "type": "message",
        "text": "Morning!",
        "user": "U0576JVJF1Q",
        "ts": "1691596859.809339",
        "blocks": [
            {
                "type": "rich_text",
                "block_id": "1PU",
                "elements": [
                    {
                        "type": "rich_text_section",
                        "elements": [
                            {
                                "type": "text",
                                "text": "Morning!"
                            }
                        ]
                    }
                ]
            }
        ],
        "team": "T04LDH2CNBY",
        "user_team": "T04LDH2CNBY",
        "source_team": "T04LDH2CNBY",
        "user_profile": {
            "avatar_hash": "g12be1dbd2bd",
            "image_72": "https:\/\/secure.gravatar.com\/avatar\/12be1dbd2bd270e15f2abc83ff193814.jpg?s=72&d=https%3A%2F%2Fa.slack-edge.com%2Fdf10d%2Fimg%2Favatars%2Fava_0010-72.png",
            "first_name": "Kai",
            "real_name": "Kai",
            "display_name": "Kai",
            "team": "T04LDH2CNBY",
            "name": "kai",
            "is_restricted": false,
            "is_ultra_restricted": false
        }
    },
    {
        "client_msg_id": "88b4c9c2-c8f6-4932-a51c-f5b69b1433ca",
        "type": "message",
        "text": "Good morning,  running a quick errand....proposal was submitted yesterday, I will follow up on yesterday's questions today, help finish OPI numbers etc...let me know if you need anything right away...thank you!",
        "user": "U04LNK3DU84",
        "ts": "1691600158.909179",
        "blocks": [
            {
                "type": "rich_text",
                "block_id": "NbSS",
                "elements": [
                    {
                        "type": "rich_text_section",
                        "elements": [
                            {
                                "type": "text",
                                "text": "Good morning,  running a quick errand....proposal was submitted yesterday, I will follow up on yesterday's questions today, help finish OPI numbers etc...let me know if you need anything right away...thank you!"
                            }
                        ]
                    }
                ]
            }
        ],
        "team": "T04LDH2CNBY",
        "user_team": "T04LDH2CNBY",
        "source_team": "T04LDH2CNBY",
        "user_profile": {
            "avatar_hash": "2ecdfc20bb56",
            "image_72": "https:\/\/avatars.slack-edge.com\/2023-01-25\/4702661419268_2ecdfc20bb56f2adcfd3_72.jpg",
            "first_name": "Eduardo",
            "real_name": "Eduardo Puyol-Martinez",
            "display_name": "Eduardo",
            "team": "T04LDH2CNBY",
            "name": "eduardo",
            "is_restricted": false,
            "is_ultra_restricted": false
        },
        "edited": {
            "user": "U04LNK3DU84",
            "ts": "1691600175.000000"
        },
        "reactions": [
            {
                "name": "raised_hands",
                "users": [
                    "U04LL2M6F99"
                ],
                "count": 1
            },
            {
                "name": "white_check_mark",
                "users": [
                    "U04LYRG90QZ"
                ],
                "count": 1
            }
        ]
    },
    {
        "client_msg_id": "4859b05d-34b9-48d9-8933-1801d65fdf4e",
        "type": "message",
        "text": "thanks Eduardo!!",
        "user": "U04LYRG90QZ",
        "ts": "1691600344.970299",
        "blocks": [
            {
                "type": "rich_text",
                "block_id": "9Aq",
                "elements": [
                    {
                        "type": "rich_text_section",
                        "elements": [
                            {
                                "type": "text",
                                "text": "thanks Eduardo!!"
                            }
                        ]
                    }
                ]
            }
        ],
        "team": "T04LDH2CNBY",
        "user_team": "T04LDH2CNBY",
        "source_team": "T04LDH2CNBY",
        "user_profile": {
            "avatar_hash": "18034abdbce3",
            "image_72": "https:\/\/avatars.slack-edge.com\/2023-01-26\/4700726977909_18034abdbce385064283_72.jpg",
            "first_name": "Virginia",
            "real_name": "Virginia",
            "display_name": "Virginia",
            "team": "T04LDH2CNBY",
            "name": "virginia",
            "is_restricted": false,
            "is_ultra_restricted": false
        }
    },
    {
        "client_msg_id": "827FD8BC-81DC-4A3E-B72C-774594CAA674",
        "type": "message",
        "text": "In ",
        "user": "U04LL2BJ5GB",
        "ts": "1691600603.603609",
        "blocks": [
            {
                "type": "rich_text",
                "block_id": "mbP6",
                "elements": [
                    {
                        "type": "rich_text_section",
                        "elements": [
                            {
                                "type": "text",
                                "text": "In "
                            }
                        ]
                    }
                ]
            }
        ],
        "team": "T04LDH2CNBY",
        "user_team": "T04LDH2CNBY",
        "source_team": "T04LDH2CNBY",
        "user_profile": {
            "avatar_hash": "a0aaab73c433",
            "image_72": "https:\/\/avatars.slack-edge.com\/2023-06-02\/5369485068164_a0aaab73c43394143d32_72.png",
            "first_name": "Nestor",
            "real_name": "Nestor Guzman",
            "display_name": "Nestor Guzman",
            "team": "T04LDH2CNBY",
            "name": "nestor",
            "is_restricted": false,
            "is_ultra_restricted": false
        },
        "thread_ts": "1691600603.603609",
        "reply_count": 1,
        "reply_users_count": 1,
        "latest_reply": "1691629111.307419",
        "reply_users": [
            "U04LL2BJ5GB"
        ],
        "replies": [
            {
                "user": "U04LL2BJ5GB",
                "ts": "1691629111.307419"
            }
        ],
        "is_locked": false,
        "subscribed": false
    },
    {
        "client_msg_id": "f6f46928-cabc-45db-bca3-4435508cce19",
        "type": "message",
        "text": "brb",
        "user": "U04LYRG90QZ",
        "ts": "1691609738.935799",
        "blocks": [
            {
                "type": "rich_text",
                "block_id": "orRRo",
                "elements": [
                    {
                        "type": "rich_text_section",
                        "elements": [
                            {
                                "type": "text",
                                "text": "brb"
                            }
                        ]
                    }
                ]
            }
        ],
        "team": "T04LDH2CNBY",
        "user_team": "T04LDH2CNBY",
        "source_team": "T04LDH2CNBY",
        "user_profile": {
            "avatar_hash": "18034abdbce3",
            "image_72": "https:\/\/avatars.slack-edge.com\/2023-01-26\/4700726977909_18034abdbce385064283_72.jpg",
            "first_name": "Virginia",
            "real_name": "Virginia",
            "display_name": "Virginia",
            "team": "T04LDH2CNBY",
            "name": "virginia",
            "is_restricted": false,
            "is_ultra_restricted": false
        }
    },
    {
        "client_msg_id": "d625aefa-977c-4749-983d-74c92463c3e7",
        "type": "message",
        "text": "back",
        "user": "U04LYRG90QZ",
        "ts": "1691611652.255839",
        "blocks": [
            {
                "type": "rich_text",
                "block_id": "ACN",
                "elements": [
                    {
                        "type": "rich_text_section",
                        "elements": [
                            {
                                "type": "text",
                                "text": "back"
                            }
                        ]
                    }
                ]
            }
        ],
        "team": "T04LDH2CNBY",
        "user_team": "T04LDH2CNBY",
        "source_team": "T04LDH2CNBY",
        "user_profile": {
            "avatar_hash": "18034abdbce3",
            "image_72": "https:\/\/avatars.slack-edge.com\/2023-01-26\/4700726977909_18034abdbce385064283_72.jpg",
            "first_name": "Virginia",
            "real_name": "Virginia",
            "display_name": "Virginia",
            "team": "T04LDH2CNBY",
            "name": "virginia",
            "is_restricted": false,
            "is_ultra_restricted": false
        }
    },
    {
        "client_msg_id": "9bf01d04-2a61-4764-b9ae-203c153fe947",
        "type": "message",
        "text": "<!here> Hi Team, please do not forget to update the meeting agenda for tomorrow's office meeting. Thank you",
        "user": "U04LL2M6F99",
        "ts": "1691621071.965389",
        "blocks": [
            {
                "type": "rich_text",
                "block_id": "VXo\/",
                "elements": [
                    {
                        "type": "rich_text_section",
                        "elements": [
                            {
                                "type": "broadcast",
                                "range": "here"
                            },
                            {
                                "type": "text",
                                "text": " Hi Team, please do not forget to update the meeting agenda for tomorrow's office meeting. Thank you"
                            }
                        ]
                    }
                ]
            }
        ],
        "team": "T04LDH2CNBY",
        "user_team": "T04LDH2CNBY",
        "source_team": "T04LDH2CNBY",
        "user_profile": {
            "avatar_hash": "075a5725a539",
            "image_72": "https:\/\/avatars.slack-edge.com\/2023-02-16\/4793680204375_075a5725a53946ba72a8_72.png",
            "first_name": "Kristine",
            "real_name": "Kristine Noel",
            "display_name": "Kristine Noel",
            "team": "T04LDH2CNBY",
            "name": "kristine",
            "is_restricted": false,
            "is_ultra_restricted": false
        },
        "reactions": [
            {
                "name": "white_check_mark",
                "users": [
                    "U04LYRG90QZ",
                    "U04LNK3DU84"
                ],
                "count": 2
            }
        ]
    },
    {
        "client_msg_id": "bb1df442-351b-466c-a9bb-2e57c338a2a2",
        "type": "message",
        "text": "I'm leaving...",
        "user": "U04LYRG90QZ",
        "ts": "1691622960.828729",
        "blocks": [
            {
                "type": "rich_text",
                "block_id": "edWyg",
                "elements": [
                    {
                        "type": "rich_text_section",
                        "elements": [
                            {
                                "type": "text",
                                "text": "I'm leaving..."
                            }
                        ]
                    }
                ]
            }
        ],
        "team": "T04LDH2CNBY",
        "user_team": "T04LDH2CNBY",
        "source_team": "T04LDH2CNBY",
        "user_profile": {
            "avatar_hash": "18034abdbce3",
            "image_72": "https:\/\/avatars.slack-edge.com\/2023-01-26\/4700726977909_18034abdbce385064283_72.jpg",
            "first_name": "Virginia",
            "real_name": "Virginia",
            "display_name": "Virginia",
            "team": "T04LDH2CNBY",
            "name": "virginia",
            "is_restricted": false,
            "is_ultra_restricted": false
        }
    },
    {
        "client_msg_id": "37B4C329-D58F-4A09-8486-A3777767228A",
        "type": "message",
        "text": "Out ",
        "user": "U04LL2BJ5GB",
        "ts": "1691629111.307419",
        "blocks": [
            {
                "type": "rich_text",
                "block_id": "Z\/GD",
                "elements": [
                    {
                        "type": "rich_text_section",
                        "elements": [
                            {
                                "type": "text",
                                "text": "Out "
                            }
                        ]
                    }
                ]
            }
        ],
        "team": "T04LDH2CNBY",
        "user_team": "T04LDH2CNBY",
        "source_team": "T04LDH2CNBY",
        "user_profile": {
            "avatar_hash": "a0aaab73c433",
            "image_72": "https:\/\/avatars.slack-edge.com\/2023-06-02\/5369485068164_a0aaab73c43394143d32_72.png",
            "first_name": "Nestor",
            "real_name": "Nestor Guzman",
            "display_name": "Nestor Guzman",
            "team": "T04LDH2CNBY",
            "name": "nestor",
            "is_restricted": false,
            "is_ultra_restricted": false
        },
        "thread_ts": "1691600603.603609",
        "parent_user_id": "U04LL2BJ5GB"
    },
    {
        "client_msg_id": "496c8b65-37ac-4d0f-a8e8-e8bd8578316b",
        "type": "message",
        "text": "out, I updated the agenda....see you tomorrow...",
        "user": "U04LNK3DU84",
        "ts": "1691633194.334289",
        "blocks": [
            {
                "type": "rich_text",
                "block_id": "O+vOo",
                "elements": [
                    {
                        "type": "rich_text_section",
                        "elements": [
                            {
                                "type": "text",
                                "text": "out, I updated the agenda....see you tomorrow..."
                            }
                        ]
                    }
                ]
            }
        ],
        "team": "T04LDH2CNBY",
        "user_team": "T04LDH2CNBY",
        "source_team": "T04LDH2CNBY",
        "user_profile": {
            "avatar_hash": "2ecdfc20bb56",
            "image_72": "https:\/\/avatars.slack-edge.com\/2023-01-25\/4702661419268_2ecdfc20bb56f2adcfd3_72.jpg",
            "first_name": "Eduardo",
            "real_name": "Eduardo Puyol-Martinez",
            "display_name": "Eduardo",
            "team": "T04LDH2CNBY",
            "name": "eduardo",
            "is_restricted": false,
            "is_ultra_restricted": false
        }
    },
    {
        "type": "message",
        "text": "<!here> for US based employees only - I'd like to remind everyone the remaining holidays\/office closures for the rest of the year (see below). Please plan your vacation and time off accordingly based on your schedule, your PTO hours, and coverage plans (we need to make sure there's no client impact)\n\nFor non-US based employees, I will reach out to you separated regarding your time off for the rest of the year, thank you!",
        "files": [
            {
                "id": "F05M5E1MLEP",
                "created": 1691636669,
                "timestamp": 1691636669,
                "name": "image.png",
                "title": "image.png",
                "mimetype": "image\/png",
                "filetype": "png",
                "pretty_type": "PNG",
                "user": "U04LNKU8YF6",
                "user_team": "T04LDH2CNBY",
                "editable": false,
                "size": 97657,
                "mode": "hosted",
                "is_external": false,
                "external_type": "",
                "is_public": true,
                "public_url_shared": false,
                "display_as_bot": false,
                "username": "",
                "url_private": "https:\/\/files.slack.com\/files-pri\/T04LDH2CNBY-F05M5E1MLEP\/image.png?t=xoxe-4693580430406-6172009281334-6191283381473-91f87957d7d1493b6bfd4aa78cb61a3d",
                "url_private_download": "https:\/\/files.slack.com\/files-pri\/T04LDH2CNBY-F05M5E1MLEP\/download\/image.png?t=xoxe-4693580430406-6172009281334-6191283381473-91f87957d7d1493b6bfd4aa78cb61a3d",
                "media_display_type": "unknown",
                "thumb_64": "https:\/\/files.slack.com\/files-tmb\/T04LDH2CNBY-F05M5E1MLEP-de51d35fc5\/image_64.png?t=xoxe-4693580430406-6172009281334-6191283381473-91f87957d7d1493b6bfd4aa78cb61a3d",
                "thumb_80": "https:\/\/files.slack.com\/files-tmb\/T04LDH2CNBY-F05M5E1MLEP-de51d35fc5\/image_80.png?t=xoxe-4693580430406-6172009281334-6191283381473-91f87957d7d1493b6bfd4aa78cb61a3d",
                "thumb_360": "https:\/\/files.slack.com\/files-tmb\/T04LDH2CNBY-F05M5E1MLEP-de51d35fc5\/image_360.png?t=xoxe-4693580430406-6172009281334-6191283381473-91f87957d7d1493b6bfd4aa78cb61a3d",
                "thumb_360_w": 360,
                "thumb_360_h": 129,
                "thumb_480": "https:\/\/files.slack.com\/files-tmb\/T04LDH2CNBY-F05M5E1MLEP-de51d35fc5\/image_480.png?t=xoxe-4693580430406-6172009281334-6191283381473-91f87957d7d1493b6bfd4aa78cb61a3d",
                "thumb_480_w": 480,
                "thumb_480_h": 172,
                "thumb_160": "https:\/\/files.slack.com\/files-tmb\/T04LDH2CNBY-F05M5E1MLEP-de51d35fc5\/image_160.png?t=xoxe-4693580430406-6172009281334-6191283381473-91f87957d7d1493b6bfd4aa78cb61a3d",
                "thumb_720": "https:\/\/files.slack.com\/files-tmb\/T04LDH2CNBY-F05M5E1MLEP-de51d35fc5\/image_720.png?t=xoxe-4693580430406-6172009281334-6191283381473-91f87957d7d1493b6bfd4aa78cb61a3d",
                "thumb_720_w": 720,
                "thumb_720_h": 258,
                "original_w": 734,
                "original_h": 263,
                "thumb_tiny": "AwARADDRbtQMnvQ3ahcjtQA6g9KKD0oARelIPvmhelA++aABu1KOgpG7Uo6CgBaD0ooPSgBF6Ug++aVelIPvmgD\/2Q==",
                "permalink": "https:\/\/accent-on-languages.slack.com\/files\/U04LNKU8YF6\/F05M5E1MLEP\/image.png",
                "permalink_public": "https:\/\/slack-files.com\/T04LDH2CNBY-F05M5E1MLEP-4aca98608c",
                "is_starred": false,
                "has_rich_preview": false,
                "file_access": "visible"
            }
        ],
        "upload": false,
        "user": "U04LNKU8YF6",
        "display_as_bot": false,
        "ts": "1691636717.102669",
        "blocks": [
            {
                "type": "rich_text",
                "block_id": "42v3f",
                "elements": [
                    {
                        "type": "rich_text_section",
                        "elements": [
                            {
                                "type": "broadcast",
                                "range": "here"
                            },
                            {
                                "type": "text",
                                "text": " for US based employees only - I'd like to remind everyone the remaining holidays\/office closures for the rest of the year (see below). Please plan your vacation and time off accordingly based on your schedule, your PTO hours, and coverage plans (we need to make sure there's no client impact)\n\nFor non-US based employees, I will reach out to you separated regarding your time off for the rest of the year, thank you!"
                            }
                        ]
                    }
                ]
            }
        ],
        "client_msg_id": "26468dd2-41d2-44e2-9d2c-144e9620244f",
        "reactions": [
            {
                "name": "white_check_mark",
                "users": [
                    "U04LYRG90QZ"
                ],
                "count": 1
            },
            {
                "name": "+1",
                "users": [
                    "U04LNK3DU84",
                    "U04LL2BJ5GB"
                ],
                "count": 2
            },
            {
                "name": "eyes",
                "users": [
                    "U04LNK3DU84"
                ],
                "count": 1
            }
        ]
    }
]