[
    {
        "client_msg_id": "110e9af0-373a-414c-987c-10c3b730fc28",
        "type": "message",
        "text": "<@U04LL2M6F99> <@U04LNKU8YF6> hello Caroline, not sure if we ever posted a privacy policy to our new website...in any case, I generated a free policy online , see text here: <https:\/\/www.privacypolicygenerator.org\/live.php?token=VCJWfUOZeikfOTYDgtJfp8QBEKy4PVT8>",
        "user": "U04LNK3DU84",
        "ts": "1678746231.047259",
        "blocks": [
            {
                "type": "rich_text",
                "block_id": "WhgU",
                "elements": [
                    {
                        "type": "rich_text_section",
                        "elements": [
                            {
                                "type": "user",
                                "user_id": "U04LL2M6F99"
                            },
                            {
                                "type": "text",
                                "text": " "
                            },
                            {
                                "type": "user",
                                "user_id": "U04LNKU8YF6"
                            },
                            {
                                "type": "text",
                                "text": " hello Caroline, not sure if we ever posted a privacy policy to our new website...in any case, I generated a free policy online , see text here: "
                            },
                            {
                                "type": "link",
                                "url": "https:\/\/www.privacypolicygenerator.org\/live.php?token=VCJWfUOZeikfOTYDgtJfp8QBEKy4PVT8"
                            }
                        ]
                    }
                ]
            }
        ],
        "team": "T04LDH2CNBY",
        "user_team": "T04LDH2CNBY",
        "source_team": "T04LDH2CNBY",
        "user_profile": {
            "avatar_hash": "2ecdfc20bb56",
            "image_72": "https:\/\/avatars.slack-edge.com\/2023-01-25\/4702661419268_2ecdfc20bb56f2adcfd3_72.jpg",
            "first_name": "Eduardo",
            "real_name": "Eduardo Puyol-Martinez",
            "display_name": "Eduardo",
            "team": "T04LDH2CNBY",
            "name": "eduardo",
            "is_restricted": false,
            "is_ultra_restricted": false
        }
    },
    {
        "client_msg_id": "7546171e-b647-4197-8cf5-0b2eb458a3bb",
        "type": "message",
        "text": "and this is the code <@U04LL2M6F99> in case we need to contact the site designer to add this: <https:\/\/docs.google.com\/document\/d\/1qwBAhfmTF-QVVYlaJFsYgUlW9Hz9p7tsYG5Tzw3llLo\/edit?usp=sharing>",
        "user": "U04LNK3DU84",
        "ts": "1678746361.717109",
        "blocks": [
            {
                "type": "rich_text",
                "block_id": "fnCa",
                "elements": [
                    {
                        "type": "rich_text_section",
                        "elements": [
                            {
                                "type": "text",
                                "text": "and this is the code "
                            },
                            {
                                "type": "user",
                                "user_id": "U04LL2M6F99"
                            },
                            {
                                "type": "text",
                                "text": " in case we need to contact the site designer to add this: "
                            },
                            {
                                "type": "link",
                                "url": "https:\/\/docs.google.com\/document\/d\/1qwBAhfmTF-QVVYlaJFsYgUlW9Hz9p7tsYG5Tzw3llLo\/edit?usp=sharing"
                            }
                        ]
                    }
                ]
            }
        ],
        "team": "T04LDH2CNBY",
        "user_team": "T04LDH2CNBY",
        "source_team": "T04LDH2CNBY",
        "user_profile": {
            "avatar_hash": "2ecdfc20bb56",
            "image_72": "https:\/\/avatars.slack-edge.com\/2023-01-25\/4702661419268_2ecdfc20bb56f2adcfd3_72.jpg",
            "first_name": "Eduardo",
            "real_name": "Eduardo Puyol-Martinez",
            "display_name": "Eduardo",
            "team": "T04LDH2CNBY",
            "name": "eduardo",
            "is_restricted": false,
            "is_ultra_restricted": false
        }
    },
    {
        "client_msg_id": "6a364aad-b942-45d6-89a2-e4c98bbaea04",
        "type": "message",
        "text": "Let me check on this Eduardo, thank you",
        "user": "U04LL2M6F99",
        "ts": "1678746426.917409",
        "blocks": [
            {
                "type": "rich_text",
                "block_id": "eP6hE",
                "elements": [
                    {
                        "type": "rich_text_section",
                        "elements": [
                            {
                                "type": "text",
                                "text": "Let me check on this Eduardo, thank you"
                            }
                        ]
                    }
                ]
            }
        ],
        "team": "T04LDH2CNBY",
        "user_team": "T04LDH2CNBY",
        "source_team": "T04LDH2CNBY",
        "user_profile": {
            "avatar_hash": "075a5725a539",
            "image_72": "https:\/\/avatars.slack-edge.com\/2023-02-16\/4793680204375_075a5725a53946ba72a8_72.png",
            "first_name": "Kristine",
            "real_name": "Kristine Noel",
            "display_name": "Kristine Noel",
            "team": "T04LDH2CNBY",
            "name": "kristine",
            "is_restricted": false,
            "is_ultra_restricted": false
        },
        "reactions": [
            {
                "name": "white_check_mark",
                "users": [
                    "U04LNK3DU84"
                ],
                "count": 1
            }
        ]
    }
]